Using pre-set license
Built from '6000.0/staging' branch; Version is '6000.0.32f1 (b2e806cf271c) revision 11724806'; Using compiler version '193933523'; Build Type 'Release'
OS: 'Windows 10  (10.0.19045) 64bit CoreSingleLanguage' Language: 'ru' Physical Memory: 32509 MB
BatchMode: 1, IsHumanControllingUs: 0, StartBugReporterOnCrash: 0, Is64bit: 1, IsPro: 1

COMMAND LINE ARGUMENTS:
D:\Unity\6000.0.32f1\Editor\Unity.exe
-adb2
-batchMode
-noUpm
-name
AssetImportWorker8
-projectPath
C:/Users/user/Documents/Mindmap/RougeLight/Rouge Light Project
-logFile
Logs/AssetImportWorker8.log
-srvPort
53924
-job-worker-count
9
-background-job-worker-count
8
-gc-helper-count
1
Successfully changed project path to: C:/Users/user/Documents/Mindmap/RougeLight/Rouge Light Project
C:/Users/user/Documents/Mindmap/RougeLight/Rouge Light Project
[UnityMemory] Configuration Parameters - Can be set up in boot.config
    "memorysetup-bucket-allocator-granularity=16"
    "memorysetup-bucket-allocator-bucket-count=8"
    "memorysetup-bucket-allocator-block-size=33554432"
    "memorysetup-bucket-allocator-block-count=8"
    "memorysetup-main-allocator-block-size=16777216"
    "memorysetup-thread-allocator-block-size=16777216"
    "memorysetup-gfx-main-allocator-block-size=16777216"
    "memorysetup-gfx-thread-allocator-block-size=16777216"
    "memorysetup-cache-allocator-block-size=4194304"
    "memorysetup-typetree-allocator-block-size=2097152"
    "memorysetup-profiler-bucket-allocator-granularity=16"
    "memorysetup-profiler-bucket-allocator-bucket-count=8"
    "memorysetup-profiler-bucket-allocator-block-size=33554432"
    "memorysetup-profiler-bucket-allocator-block-count=8"
    "memorysetup-profiler-allocator-block-size=16777216"
    "memorysetup-profiler-editor-allocator-block-size=1048576"
    "memorysetup-temp-allocator-size-main=16777216"
    "memorysetup-job-temp-allocator-block-size=2097152"
    "memorysetup-job-temp-allocator-block-size-background=1048576"
    "memorysetup-job-temp-allocator-reduction-small-platforms=262144"
    "memorysetup-allocator-temp-initial-block-size-main=262144"
    "memorysetup-allocator-temp-initial-block-size-worker=262144"
    "memorysetup-temp-allocator-size-background-worker=32768"
    "memorysetup-temp-allocator-size-job-worker=262144"
    "memorysetup-temp-allocator-size-preload-manager=33554432"
    "memorysetup-temp-allocator-size-nav-mesh-worker=65536"
    "memorysetup-temp-allocator-size-audio-worker=65536"
    "memorysetup-temp-allocator-size-cloud-worker=32768"
    "memorysetup-temp-allocator-size-gi-baking-worker=262144"
    "memorysetup-temp-allocator-size-gi-baking-worker=262144"
    "memorysetup-temp-allocator-size-gi-baking-worker=262144"
    "memorysetup-temp-allocator-size-gi-baking-worker=262144"
    "memorysetup-temp-allocator-size-gi-baking-worker=262144"
    "memorysetup-temp-allocator-size-gfx=262144"
Player connection [40368]  Target information:

Player connection [40368]  * "[IP] 192.168.1.105 [Port] 0 [Flags] 2 [Guid] 2103399378 [EditorId] 2103399378 [Version] 1048832 [Id] WindowsEditor(7,GreenDesc) [Debug] 1 [PackageName] WindowsEditor [ProjectName] Editor" 

Player connection [40368] Host joined multi-casting on [225.0.0.222:54997]...
Player connection [40368] Host joined alternative multi-casting on [225.0.0.222:34997]...
JobSystem: Creating JobQueue using job-worker-count value 9
[Physics::Module] Initialized fallback backend.
[Physics::Module] Id: 0xdecafbad
Library Redirect Path: Library/
[Physics::Module] Selected backend.
[Physics::Module] Name: PhysX
[Physics::Module] Id: 0xf2b8ea05
[Physics::Module] SDK Version: 4.1.2
[Physics::Module] Integration Version: 1.0.0
[Physics::Module] Threading Mode: Multi-Threaded
Refreshing native plugins compatible for Editor in 3.47 ms, found 4 plugins.
Preloading 0 native plugins for Editor in 0.00 ms.
Initialize engine version: 6000.0.32f1 (b2e806cf271c)
[Subsystems] Discovering subsystems at path D:/Unity/6000.0.32f1/Editor/Data/Resources/UnitySubsystems
[Subsystems] Discovering subsystems at path C:/Users/user/Documents/Mindmap/RougeLight/Rouge Light Project/Assets
GfxDevice: creating device client; kGfxThreadingModeNonThreaded
Direct3D:
    Version:  Direct3D 11.0 [level 11.1]
    Renderer: NVIDIA GeForce RTX 3070 Ti (ID=0x2482)
    Vendor:   NVIDIA
    VRAM:     8017 MB
    Driver:   32.0.15.6636
Initialize mono
Mono path[0] = 'D:/Unity/6000.0.32f1/Editor/Data/Managed'
Mono path[1] = 'D:/Unity/6000.0.32f1/Editor/Data/MonoBleedingEdge/lib/mono/unityjit-win32'
Mono config path = 'D:/Unity/6000.0.32f1/Editor/Data/MonoBleedingEdge/etc'
Using monoOptions --debugger-agent=transport=dt_socket,embedding=1,server=y,suspend=n,address=127.0.0.1:56416
Begin MonoManager ReloadAssembly
Registering precompiled unity dll's ...
Register platform support module: D:/Unity/6000.0.32f1/Editor/Data/PlaybackEngines/WindowsStandaloneSupport/UnityEditor.WindowsStandalone.Extensions.dll
Registered in 0.002593 seconds.
- Loaded All Assemblies, in  0.504 seconds
Native extension for WindowsStandalone target not found
Mono: successfully reloaded assembly
- Finished resetting the current domain, in  0.361 seconds
Domain Reload Profiling: 865ms
	BeginReloadAssembly (166ms)
		ExecutionOrderSort (0ms)
		DisableScriptedObjects (0ms)
		BackupInstance (0ms)
		ReleaseScriptingObjects (0ms)
		CreateAndSetChildDomain (1ms)
	RebuildCommonClasses (54ms)
	RebuildNativeTypeToScriptingClass (16ms)
	initialDomainReloadingComplete (82ms)
	LoadAllAssembliesAndSetupDomain (186ms)
		LoadAssemblies (165ms)
		RebuildTransferFunctionScriptingTraits (0ms)
		AnalyzeDomain (182ms)
			TypeCache.Refresh (180ms)
				TypeCache.ScanAssembly (166ms)
			BuildScriptInfoCaches (0ms)
			ResolveRequiredComponents (1ms)
	FinalizeReload (361ms)
		ReleaseScriptCaches (0ms)
		RebuildScriptCaches (0ms)
		SetupLoadedEditorAssemblies (311ms)
			LogAssemblyErrors (0ms)
			InitializePlatformSupportModulesInManaged (27ms)
			SetLoadedEditorAssemblies (5ms)
			BeforeProcessingInitializeOnLoad (62ms)
			ProcessInitializeOnLoadAttributes (159ms)
			ProcessInitializeOnLoadMethodAttributes (58ms)
			AfterProcessingInitializeOnLoad (0ms)
			EditorAssembliesLoaded (0ms)
		ExecutionOrderSort2 (0ms)
		AwakeInstancesAfterBackupRestoration (0ms)
========================================================================
Worker process is ready to serve import requests
Import Worker Mode flag is 0x00
Begin MonoManager ReloadAssembly
Duplicate assembly 'log4net.dll' with different versions detected, using 'Assets/Packages/log4net.3.0.4/lib/netstandard2.0/log4net.dll, AssemblyName=log4net, Version=3.0.4.0, Culture=neutral, PublicKeyToken=669e0ddf0bb1aa2a' and ignoring 'Packages/com.unity.collab-proxy/Lib/Editor/log4netPlastic.dll, AssemblyName=log4net, Version=1.2.15.0, Culture=neutral, PublicKeyToken=669e0ddf0bb1aa2a'.Symbol file LoadedFromMemory is not a mono symbol file
- Loaded All Assemblies, in  0.978 seconds
Refreshing native plugins compatible for Editor in 1.84 ms, found 4 plugins.
Native extension for WindowsStandalone target not found
log4net:ERROR Exception while reading ConfigurationSettings. Check your .config file is well formed XML.
System.Configuration.ConfigurationErrorsException: Configuration system failed to initialize ---> System.PlatformNotSupportedException: Operation is not supported on this platform.
  at System.Configuration.ClientConfigPaths..ctor (System.String exePath, System.Boolean includeUserConfig) [0x00050] in <5ae095f7408b4d5cb5cdbfc3d3c31d20>:0 
  at System.Configuration.ClientConfigPaths.GetPaths (System.String exePath, System.Boolean includeUserConfig) [0x00018] in <5ae095f7408b4d5cb5cdbfc3d3c31d20>:0 
  at System.Configuration.ClientConfigurationHost.get_ConfigPaths () [0x0000a] in <5ae095f7408b4d5cb5cdbfc3d3c31d20>:0 
  at System.Configuration.ClientConfigurationHost.GetStreamName (System.String configPath) [0x0006d] in <5ae095f7408b4d5cb5cdbfc3d3c31d20>:0 
  at System.Configuration.ClientConfigurationHost.get_IsAppConfigHttp () [0x00000] in <5ae095f7408b4d5cb5cdbfc3d3c31d20>:0 
  at System.Configuration.Internal.DelegatingConfigHost.get_IsAppConfigHttp () [0x00006] in <5ae095f7408b4d5cb5cdbfc3d3c31d20>:0 
  at System.Configuration.ClientConfigurationSystem..ctor () [0x00051] in <5ae095f7408b4d5cb5cdbfc3d3c31d20>:0 
  at System.Configuration.ConfigurationManager.EnsureConfigurationSystem () [0x00024] in <5ae095f7408b4d5cb5cdbfc3d3c31d20>:0 
   --- End of inner exception stack trace ---
  at System.Configuration.ConfigurationManager.EnsureConfigurationSystem () [0x00060] in <5ae095f7408b4d5cb5cdbfc3d3c31d20>:0 
  at System.Configuration.ConfigurationManager.PrepareConfigSystem () [0x0000a] in <5ae095f7408b4d5cb5cdbfc3d3c31d20>:0 
  at System.Configuration.ConfigurationManager.GetSection (System.String sectionName) [0x0000a] in <5ae095f7408b4d5cb5cdbfc3d3c31d20>:0 
  at System.Configuration.ConfigurationManager.get_AppSettings () [0x00000] in <5ae095f7408b4d5cb5cdbfc3d3c31d20>:0 
  at log4net.Util.SystemInfo.GetAppSetting (System.String key) [0x00000] in <00c34789746b40dda4cd7be2c85ba32f>:0 
log4net:ERROR Exception while reading ConfigurationSettings. Check your .config file is well formed XML.
System.Configuration.ConfigurationErrorsException: Configuration system failed to initialize ---> System.PlatformNotSupportedException: Operation is not supported on this platform.
  at System.Configuration.ClientConfigPaths..ctor (System.String exePath, System.Boolean includeUserConfig) [0x00050] in <5ae095f7408b4d5cb5cdbfc3d3c31d20>:0 
  at System.Configuration.ClientConfigPaths.GetPaths (System.String exePath, System.Boolean includeUserConfig) [0x00018] in <5ae095f7408b4d5cb5cdbfc3d3c31d20>:0 
  at System.Configuration.ClientConfigurationHost.get_ConfigPaths () [0x0000a] in <5ae095f7408b4d5cb5cdbfc3d3c31d20>:0 
  at System.Configuration.ClientConfigurationHost.GetStreamName (System.String configPath) [0x0006d] in <5ae095f7408b4d5cb5cdbfc3d3c31d20>:0 
  at System.Configuration.ClientConfigurationHost.get_IsAppConfigHttp () [0x00000] in <5ae095f7408b4d5cb5cdbfc3d3c31d20>:0 
  at System.Configuration.Internal.DelegatingConfigHost.get_IsAppConfigHttp () [0x00006] in <5ae095f7408b4d5cb5cdbfc3d3c31d20>:0 
  at System.Configuration.ClientConfigurationSystem..ctor () [0x00051] in <5ae095f7408b4d5cb5cdbfc3d3c31d20>:0 
  at System.Configuration.ConfigurationManager.EnsureConfigurationSystem () [0x00024] in <5ae095f7408b4d5cb5cdbfc3d3c31d20>:0 
   --- End of inner exception stack trace ---
  at System.Configuration.ConfigurationManager.PrepareConfigSystem () [0x0001a] in <5ae095f7408b4d5cb5cdbfc3d3c31d20>:0 
  at System.Configuration.ConfigurationManager.GetSection (System.String sectionName) [0x0000a] in <5ae095f7408b4d5cb5cdbfc3d3c31d20>:0 
  at System.Configuration.ConfigurationManager.get_AppSettings () [0x00000] in <5ae095f7408b4d5cb5cdbfc3d3c31d20>:0 
  at log4net.Util.SystemInfo.GetAppSetting (System.String key) [0x00000] in <00c34789746b40dda4cd7be2c85ba32f>:0 
log4net:ERROR Exception while reading ConfigurationSettings. Check your .config file is well formed XML.
System.Configuration.ConfigurationErrorsException: Configuration system failed to initialize ---> System.PlatformNotSupportedException: Operation is not supported on this platform.
  at System.Configuration.ClientConfigPaths..ctor (System.String exePath, System.Boolean includeUserConfig) [0x00050] in <5ae095f7408b4d5cb5cdbfc3d3c31d20>:0 
  at System.Configuration.ClientConfigPaths.GetPaths (System.String exePath, System.Boolean includeUserConfig) [0x00018] in <5ae095f7408b4d5cb5cdbfc3d3c31d20>:0 
  at System.Configuration.ClientConfigurationHost.get_ConfigPaths () [0x0000a] in <5ae095f7408b4d5cb5cdbfc3d3c31d20>:0 
  at System.Configuration.ClientConfigurationHost.GetStreamName (System.String configPath) [0x0006d] in <5ae095f7408b4d5cb5cdbfc3d3c31d20>:0 
  at System.Configuration.ClientConfigurationHost.get_IsAppConfigHttp () [0x00000] in <5ae095f7408b4d5cb5cdbfc3d3c31d20>:0 
  at System.Configuration.Internal.DelegatingConfigHost.get_IsAppConfigHttp () [0x00006] in <5ae095f7408b4d5cb5cdbfc3d3c31d20>:0 
  at System.Configuration.ClientConfigurationSystem..ctor () [0x00051] in <5ae095f7408b4d5cb5cdbfc3d3c31d20>:0 
  at System.Configuration.ConfigurationManager.EnsureConfigurationSystem () [0x00024] in <5ae095f7408b4d5cb5cdbfc3d3c31d20>:0 
   --- End of inner exception stack trace ---
  at System.Configuration.ConfigurationManager.PrepareConfigSystem () [0x0001a] in <5ae095f7408b4d5cb5cdbfc3d3c31d20>:0 
  at System.Configuration.ConfigurationManager.GetSection (System.String sectionName) [0x0000a] in <5ae095f7408b4d5cb5cdbfc3d3c31d20>:0 
  at System.Configuration.ConfigurationManager.get_AppSettings () [0x00000] in <5ae095f7408b4d5cb5cdbfc3d3c31d20>:0 
  at log4net.Util.SystemInfo.GetAppSetting (System.String key) [0x00000] in <00c34789746b40dda4cd7be2c85ba32f>:0 
log4net:ERROR Exception while reading ConfigurationSettings. Check your .config file is well formed XML.
System.Configuration.ConfigurationErrorsException: Configuration system failed to initialize ---> System.PlatformNotSupportedException: Operation is not supported on this platform.
  at System.Configuration.ClientConfigPaths..ctor (System.String exePath, System.Boolean includeUserConfig) [0x00050] in <5ae095f7408b4d5cb5cdbfc3d3c31d20>:0 
  at System.Configuration.ClientConfigPaths.GetPaths (System.String exePath, System.Boolean includeUserConfig) [0x00018] in <5ae095f7408b4d5cb5cdbfc3d3c31d20>:0 
  at System.Configuration.ClientConfigurationHost.get_ConfigPaths () [0x0000a] in <5ae095f7408b4d5cb5cdbfc3d3c31d20>:0 
  at System.Configuration.ClientConfigurationHost.GetStreamName (System.String configPath) [0x0006d] in <5ae095f7408b4d5cb5cdbfc3d3c31d20>:0 
  at System.Configuration.ClientConfigurationHost.get_IsAppConfigHttp () [0x00000] in <5ae095f7408b4d5cb5cdbfc3d3c31d20>:0 
  at System.Configuration.Internal.DelegatingConfigHost.get_IsAppConfigHttp () [0x00006] in <5ae095f7408b4d5cb5cdbfc3d3c31d20>:0 
  at System.Configuration.ClientConfigurationSystem..ctor () [0x00051] in <5ae095f7408b4d5cb5cdbfc3d3c31d20>:0 
  at System.Configuration.ConfigurationManager.EnsureConfigurationSystem () [0x00024] in <5ae095f7408b4d5cb5cdbfc3d3c31d20>:0 
   --- End of inner exception stack trace ---
  at System.Configuration.ConfigurationManager.PrepareConfigSystem () [0x0001a] in <5ae095f7408b4d5cb5cdbfc3d3c31d20>:0 
  at System.Configuration.ConfigurationManager.GetSection (System.String sectionName) [0x0000a] in <5ae095f7408b4d5cb5cdbfc3d3c31d20>:0 
  at System.Configuration.ConfigurationManager.get_AppSettings () [0x00000] in <5ae095f7408b4d5cb5cdbfc3d3c31d20>:0 
  at log4net.Util.SystemInfo.GetAppSetting (System.String key) [0x00000] in <00c34789746b40dda4cd7be2c85ba32f>:0 
log4net:ERROR Exception while reading ConfigurationSettings. Check your .config file is well formed XML.
System.Configuration.ConfigurationErrorsException: Configuration system failed to initialize ---> System.PlatformNotSupportedException: Operation is not supported on this platform.
  at System.Configuration.ClientConfigPaths..ctor (System.String exePath, System.Boolean includeUserConfig) [0x00050] in <5ae095f7408b4d5cb5cdbfc3d3c31d20>:0 
  at System.Configuration.ClientConfigPaths.GetPaths (System.String exePath, System.Boolean includeUserConfig) [0x00018] in <5ae095f7408b4d5cb5cdbfc3d3c31d20>:0 
  at System.Configuration.ClientConfigurationHost.get_ConfigPaths () [0x0000a] in <5ae095f7408b4d5cb5cdbfc3d3c31d20>:0 
  at System.Configuration.ClientConfigurationHost.GetStreamName (System.String configPath) [0x0006d] in <5ae095f7408b4d5cb5cdbfc3d3c31d20>:0 
  at System.Configuration.ClientConfigurationHost.get_IsAppConfigHttp () [0x00000] in <5ae095f7408b4d5cb5cdbfc3d3c31d20>:0 
  at System.Configuration.Internal.DelegatingConfigHost.get_IsAppConfigHttp () [0x00006] in <5ae095f7408b4d5cb5cdbfc3d3c31d20>:0 
  at System.Configuration.ClientConfigurationSystem..ctor () [0x00051] in <5ae095f7408b4d5cb5cdbfc3d3c31d20>:0 
  at System.Configuration.ConfigurationManager.EnsureConfigurationSystem () [0x00024] in <5ae095f7408b4d5cb5cdbfc3d3c31d20>:0 
   --- End of inner exception stack trace ---
  at System.Configuration.ConfigurationManager.PrepareConfigSystem () [0x0001a] in <5ae095f7408b4d5cb5cdbfc3d3c31d20>:0 
  at System.Configuration.ConfigurationManager.GetSection (System.String sectionName) [0x0000a] in <5ae095f7408b4d5cb5cdbfc3d3c31d20>:0 
  at System.Configuration.ConfigurationManager.get_AppSettings () [0x00000] in <5ae095f7408b4d5cb5cdbfc3d3c31d20>:0 
  at log4net.Util.SystemInfo.GetAppSetting (System.String key) [0x00000] in <00c34789746b40dda4cd7be2c85ba32f>:0 
log4net:ERROR Exception while reading ConfigurationSettings. Check your .config file is well formed XML.
System.Configuration.ConfigurationErrorsException: Configuration system failed to initialize ---> System.PlatformNotSupportedException: Operation is not supported on this platform.
  at System.Configuration.ClientConfigPaths..ctor (System.String exePath, System.Boolean includeUserConfig) [0x00050] in <5ae095f7408b4d5cb5cdbfc3d3c31d20>:0 
  at System.Configuration.ClientConfigPaths.GetPaths (System.String exePath, System.Boolean includeUserConfig) [0x00018] in <5ae095f7408b4d5cb5cdbfc3d3c31d20>:0 
  at System.Configuration.ClientConfigurationHost.get_ConfigPaths () [0x0000a] in <5ae095f7408b4d5cb5cdbfc3d3c31d20>:0 
  at System.Configuration.ClientConfigurationHost.GetStreamName (System.String configPath) [0x0006d] in <5ae095f7408b4d5cb5cdbfc3d3c31d20>:0 
  at System.Configuration.ClientConfigurationHost.get_IsAppConfigHttp () [0x00000] in <5ae095f7408b4d5cb5cdbfc3d3c31d20>:0 
  at System.Configuration.Internal.DelegatingConfigHost.get_IsAppConfigHttp () [0x00006] in <5ae095f7408b4d5cb5cdbfc3d3c31d20>:0 
  at System.Configuration.ClientConfigurationSystem..ctor () [0x00051] in <5ae095f7408b4d5cb5cdbfc3d3c31d20>:0 
  at System.Configuration.ConfigurationManager.EnsureConfigurationSystem () [0x00024] in <5ae095f7408b4d5cb5cdbfc3d3c31d20>:0 
   --- End of inner exception stack trace ---
  at System.Configuration.ConfigurationManager.PrepareConfigSystem () [0x0001a] in <5ae095f7408b4d5cb5cdbfc3d3c31d20>:0 
  at System.Configuration.ConfigurationManager.GetSection (System.String sectionName) [0x0000a] in <5ae095f7408b4d5cb5cdbfc3d3c31d20>:0 
  at System.Configuration.ConfigurationManager.get_AppSettings () [0x00000] in <5ae095f7408b4d5cb5cdbfc3d3c31d20>:0 
  at log4net.Util.SystemInfo.GetAppSetting (System.String key) [0x00000] in <00c34789746b40dda4cd7be2c85ba32f>:0 
log4net:ERROR Exception while reading ConfigurationSettings. Check your .config file is well formed XML.
System.Configuration.ConfigurationErrorsException: Configuration system failed to initialize ---> System.PlatformNotSupportedException: Operation is not supported on this platform.
  at System.Configuration.ClientConfigPaths..ctor (System.String exePath, System.Boolean includeUserConfig) [0x00050] in <5ae095f7408b4d5cb5cdbfc3d3c31d20>:0 
  at System.Configuration.ClientConfigPaths.GetPaths (System.String exePath, System.Boolean includeUserConfig) [0x00018] in <5ae095f7408b4d5cb5cdbfc3d3c31d20>:0 
  at System.Configuration.ClientConfigurationHost.get_ConfigPaths () [0x0000a] in <5ae095f7408b4d5cb5cdbfc3d3c31d20>:0 
  at System.Configuration.ClientConfigurationHost.GetStreamName (System.String configPath) [0x0006d] in <5ae095f7408b4d5cb5cdbfc3d3c31d20>:0 
  at System.Configuration.ClientConfigurationHost.get_IsAppConfigHttp () [0x00000] in <5ae095f7408b4d5cb5cdbfc3d3c31d20>:0 
  at System.Configuration.Internal.DelegatingConfigHost.get_IsAppConfigHttp () [0x00006] in <5ae095f7408b4d5cb5cdbfc3d3c31d20>:0 
  at System.Configuration.ClientConfigurationSystem..ctor () [0x00051] in <5ae095f7408b4d5cb5cdbfc3d3c31d20>:0 
  at System.Configuration.ConfigurationManager.EnsureConfigurationSystem () [0x00024] in <5ae095f7408b4d5cb5cdbfc3d3c31d20>:0 
   --- End of inner exception stack trace ---
  at System.Configuration.ConfigurationManager.PrepareConfigSystem () [0x0001a] in <5ae095f7408b4d5cb5cdbfc3d3c31d20>:0 
  at System.Configuration.ConfigurationManager.GetSection (System.String sectionName) [0x0000a] in <5ae095f7408b4d5cb5cdbfc3d3c31d20>:0 
  at System.Configuration.ConfigurationManager.get_AppSettings () [0x00000] in <5ae095f7408b4d5cb5cdbfc3d3c31d20>:0 
  at log4net.Util.SystemInfo.GetAppSetting (System.String key) [0x00000] in <00c34789746b40dda4cd7be2c85ba32f>:0 
Mono: successfully reloaded assembly
- Finished resetting the current domain, in  1.001 seconds
Domain Reload Profiling: 1976ms
	BeginReloadAssembly (176ms)
		ExecutionOrderSort (0ms)
		DisableScriptedObjects (7ms)
		BackupInstance (0ms)
		ReleaseScriptingObjects (0ms)
		CreateAndSetChildDomain (27ms)
	RebuildCommonClasses (37ms)
	RebuildNativeTypeToScriptingClass (14ms)
	initialDomainReloadingComplete (44ms)
	LoadAllAssembliesAndSetupDomain (703ms)
		LoadAssemblies (446ms)
		RebuildTransferFunctionScriptingTraits (0ms)
		AnalyzeDomain (364ms)
			TypeCache.Refresh (241ms)
				TypeCache.ScanAssembly (218ms)
			BuildScriptInfoCaches (107ms)
			ResolveRequiredComponents (13ms)
	FinalizeReload (1002ms)
		ReleaseScriptCaches (0ms)
		RebuildScriptCaches (0ms)
		SetupLoadedEditorAssemblies (838ms)
			LogAssemblyErrors (0ms)
			InitializePlatformSupportModulesInManaged (2ms)
			SetLoadedEditorAssemblies (5ms)
			BeforeProcessingInitializeOnLoad (122ms)
			ProcessInitializeOnLoadAttributes (583ms)
			ProcessInitializeOnLoadMethodAttributes (123ms)
			AfterProcessingInitializeOnLoad (2ms)
			EditorAssembliesLoaded (0ms)
		ExecutionOrderSort2 (0ms)
		AwakeInstancesAfterBackupRestoration (7ms)
Launched and connected shader compiler UnityShaderCompiler.exe after 0.01 seconds
Refreshing native plugins compatible for Editor in 1.92 ms, found 4 plugins.
Preloading 0 native plugins for Editor in 0.00 ms.
Unloading 219 Unused Serialized files (Serialized files now loaded: 0)
Unloading 6683 unused Assets / (4.3 MB). Loaded Objects now: 7351.
Memory consumption went from 177.9 MB to 173.7 MB.
Total: 7.848500 ms (FindLiveObjects: 0.832000 ms CreateObjectMapping: 0.417500 ms MarkObjects: 4.785700 ms  DeleteObjects: 1.812400 ms)

========================================================================
Received Import Request.
  Time since last request: 676296.057104 seconds.
  path: Assets/Resources/MainMenu/GIF_Background/BG_Animation.anim
  artifactKey: Guid(33f9ffaca2841cc4fa99ef2afe025690) Importer(815301076,1909f56bfc062723c751e8b465ee728b)
Start importing Assets/Resources/MainMenu/GIF_Background/BG_Animation.anim using Guid(33f9ffaca2841cc4fa99ef2afe025690) Importer(815301076,1909f56bfc062723c751e8b465ee728b) (PreviewImporter) -> (artifact id: 'b46cb32d24b542514078092c9906d368') in 0.0248369 seconds
Number of updated asset objects reloaded before import = 0Number of asset objects unloaded after import = 1

========================================================================
Received Import Request.
  Time since last request: 18.482256 seconds.
  path: Assets/Resources/MainMenu/GIF_Background/title26.png
  artifactKey: Guid(b1cd2c2644865864ea85319a842e2a96) Importer(815301076,1909f56bfc062723c751e8b465ee728b)
Start importing Assets/Resources/MainMenu/GIF_Background/title26.png using Guid(b1cd2c2644865864ea85319a842e2a96) Importer(815301076,1909f56bfc062723c751e8b465ee728b) (PreviewImporter) -> (artifact id: 'e06424652603a9d2b67e79caf7460e3d') in 0.0997937 seconds
Number of updated asset objects reloaded before import = 0Number of asset objects unloaded after import = 3

========================================================================
Received Import Request.
  Time since last request: 0.000022 seconds.
  path: Assets/Resources/MainMenu/GIF_Background/title15.png
  artifactKey: Guid(ae4b3261e5b092149a92b839cc7aa459) Importer(815301076,1909f56bfc062723c751e8b465ee728b)
Start importing Assets/Resources/MainMenu/GIF_Background/title15.png using Guid(ae4b3261e5b092149a92b839cc7aa459) Importer(815301076,1909f56bfc062723c751e8b465ee728b) (PreviewImporter) -> (artifact id: '7dd53a8a68693827aae55ef68a90fa26') in 0.0720204 seconds
Number of updated asset objects reloaded before import = 0Number of asset objects unloaded after import = 3

========================================================================
Received Import Request.
  Time since last request: 0.000033 seconds.
  path: Assets/Resources/MainMenu/GIF_Background/title30.png
  artifactKey: Guid(787cb2057a65a1f488a027d09ee478bf) Importer(815301076,1909f56bfc062723c751e8b465ee728b)
Start importing Assets/Resources/MainMenu/GIF_Background/title30.png using Guid(787cb2057a65a1f488a027d09ee478bf) Importer(815301076,1909f56bfc062723c751e8b465ee728b) (PreviewImporter) -> (artifact id: 'f3ab38c4b2bfbe8843a50ae57cdbff53') in 0.0160405 seconds
Number of updated asset objects reloaded before import = 0Number of asset objects unloaded after import = 3

========================================================================
Received Import Request.
  Time since last request: 0.000016 seconds.
  path: Assets/Resources/MainMenu/GIF_Background/title20.png
  artifactKey: Guid(08b33301cefcda24e84112ef9cf0a280) Importer(815301076,1909f56bfc062723c751e8b465ee728b)
Start importing Assets/Resources/MainMenu/GIF_Background/title20.png using Guid(08b33301cefcda24e84112ef9cf0a280) Importer(815301076,1909f56bfc062723c751e8b465ee728b) (PreviewImporter) -> (artifact id: '1e13d81a3651ae5edf55cebc337d6104') in 0.0104227 seconds
Number of updated asset objects reloaded before import = 0Number of asset objects unloaded after import = 3

========================================================================
Received Import Request.
  Time since last request: 0.000017 seconds.
  path: Assets/Resources/MainMenu/GIF_Background/title17.png
  artifactKey: Guid(33d9ce14575909d43a3811ffb0d19a86) Importer(815301076,1909f56bfc062723c751e8b465ee728b)
Start importing Assets/Resources/MainMenu/GIF_Background/title17.png using Guid(33d9ce14575909d43a3811ffb0d19a86) Importer(815301076,1909f56bfc062723c751e8b465ee728b) (PreviewImporter) -> (artifact id: '55fa6777435644cd97d9bcae1662e107') in 0.0119713 seconds
Number of updated asset objects reloaded before import = 0Number of asset objects unloaded after import = 3

========================================================================
Received Import Request.
  Time since last request: 0.000019 seconds.
  path: Assets/Resources/MainMenu/GIF_Background/title07.png
  artifactKey: Guid(4e8f556ebf600c54fb7af016b47e7955) Importer(815301076,1909f56bfc062723c751e8b465ee728b)
Start importing Assets/Resources/MainMenu/GIF_Background/title07.png using Guid(4e8f556ebf600c54fb7af016b47e7955) Importer(815301076,1909f56bfc062723c751e8b465ee728b) (PreviewImporter) -> (artifact id: '7cd8b389347cff2361983e5c9a165489') in 0.0165828 seconds
Number of updated asset objects reloaded before import = 0Number of asset objects unloaded after import = 3

========================================================================
Received Import Request.
  Time since last request: 0.000026 seconds.
  path: Assets/Resources/MainMenu/GIF_Background/title28.png
  artifactKey: Guid(80067db351557bf4dad0c1d2aec3bba9) Importer(815301076,1909f56bfc062723c751e8b465ee728b)
Start importing Assets/Resources/MainMenu/GIF_Background/title28.png using Guid(80067db351557bf4dad0c1d2aec3bba9) Importer(815301076,1909f56bfc062723c751e8b465ee728b) (PreviewImporter) -> (artifact id: '7b9b6dbd1ecfa94273ef357230776145') in 0.0090885 seconds
Number of updated asset objects reloaded before import = 0Number of asset objects unloaded after import = 3

========================================================================
Received Import Request.
  Time since last request: 0.000026 seconds.
  path: Assets/Resources/MainMenu/GIF_Background/title24.png
  artifactKey: Guid(84678c81b3456ab48bf1a4dd78dfb0a2) Importer(815301076,1909f56bfc062723c751e8b465ee728b)
Start importing Assets/Resources/MainMenu/GIF_Background/title24.png using Guid(84678c81b3456ab48bf1a4dd78dfb0a2) Importer(815301076,1909f56bfc062723c751e8b465ee728b) (PreviewImporter) -> (artifact id: '47b368a4e9d3fe91989e6ae789b77b16') in 0.0086456 seconds
Number of updated asset objects reloaded before import = 0Number of asset objects unloaded after import = 3

========================================================================
Received Import Request.
  Time since last request: 0.000030 seconds.
  path: Assets/Resources/MainMenu/GIF_Background/title09.png
  artifactKey: Guid(830a48c171651df45b2b2aea67177c9e) Importer(815301076,1909f56bfc062723c751e8b465ee728b)
Start importing Assets/Resources/MainMenu/GIF_Background/title09.png using Guid(830a48c171651df45b2b2aea67177c9e) Importer(815301076,1909f56bfc062723c751e8b465ee728b) (PreviewImporter) -> (artifact id: 'a776420067836c2fc607edfcc67aaaa3') in 0.0083919 seconds
Number of updated asset objects reloaded before import = 0Number of asset objects unloaded after import = 3

========================================================================
Received Import Request.
  Time since last request: 25.976854 seconds.
  path: Assets/Resources/MainMenu/GIF_Background/GIF_Background.controller
  artifactKey: Guid(0b730827e9c01f84e910762589cf36cf) Importer(815301076,1909f56bfc062723c751e8b465ee728b)
Start importing Assets/Resources/MainMenu/GIF_Background/GIF_Background.controller using Guid(0b730827e9c01f84e910762589cf36cf) Importer(815301076,1909f56bfc062723c751e8b465ee728b) (PreviewImporter) -> (artifact id: 'a584ec25ceb36bb8a8f869541354ac2e') in 0.0021495 seconds
Number of updated asset objects reloaded before import = 0Number of asset objects unloaded after import = 1

========================================================================
Received Prepare
Begin MonoManager ReloadAssembly
Duplicate assembly 'log4net.dll' with different versions detected, using 'Assets/Packages/log4net.3.0.4/lib/netstandard2.0/log4net.dll, AssemblyName=log4net, Version=3.0.4.0, Culture=neutral, PublicKeyToken=669e0ddf0bb1aa2a' and ignoring 'Packages/com.unity.collab-proxy/Lib/Editor/log4netPlastic.dll, AssemblyName=log4net, Version=1.2.15.0, Culture=neutral, PublicKeyToken=669e0ddf0bb1aa2a'.Symbol file LoadedFromMemory is not a mono symbol file
- Loaded All Assemblies, in  0.898 seconds
Refreshing native plugins compatible for Editor in 2.03 ms, found 4 plugins.
Native extension for WindowsStandalone target not found
log4net:ERROR Exception while reading ConfigurationSettings. Check your .config file is well formed XML.
System.Configuration.ConfigurationErrorsException: Configuration system failed to initialize ---> System.PlatformNotSupportedException: Operation is not supported on this platform.
  at System.Configuration.ClientConfigPaths..ctor (System.String exePath, System.Boolean includeUserConfig) [0x00050] in <5ae095f7408b4d5cb5cdbfc3d3c31d20>:0 
  at System.Configuration.ClientConfigPaths.GetPaths (System.String exePath, System.Boolean includeUserConfig) [0x00018] in <5ae095f7408b4d5cb5cdbfc3d3c31d20>:0 
  at System.Configuration.ClientConfigurationHost.get_ConfigPaths () [0x0000a] in <5ae095f7408b4d5cb5cdbfc3d3c31d20>:0 
  at System.Configuration.ClientConfigurationHost.GetStreamName (System.String configPath) [0x0006d] in <5ae095f7408b4d5cb5cdbfc3d3c31d20>:0 
  at System.Configuration.ClientConfigurationHost.get_IsAppConfigHttp () [0x00000] in <5ae095f7408b4d5cb5cdbfc3d3c31d20>:0 
  at System.Configuration.Internal.DelegatingConfigHost.get_IsAppConfigHttp () [0x00006] in <5ae095f7408b4d5cb5cdbfc3d3c31d20>:0 
  at System.Configuration.ClientConfigurationSystem..ctor () [0x00051] in <5ae095f7408b4d5cb5cdbfc3d3c31d20>:0 
  at System.Configuration.ConfigurationManager.EnsureConfigurationSystem () [0x00024] in <5ae095f7408b4d5cb5cdbfc3d3c31d20>:0 
   --- End of inner exception stack trace ---
  at System.Configuration.ConfigurationManager.EnsureConfigurationSystem () [0x00060] in <5ae095f7408b4d5cb5cdbfc3d3c31d20>:0 
  at System.Configuration.ConfigurationManager.PrepareConfigSystem () [0x0000a] in <5ae095f7408b4d5cb5cdbfc3d3c31d20>:0 
  at System.Configuration.ConfigurationManager.GetSection (System.String sectionName) [0x0000a] in <5ae095f7408b4d5cb5cdbfc3d3c31d20>:0 
  at System.Configuration.ConfigurationManager.get_AppSettings () [0x00000] in <5ae095f7408b4d5cb5cdbfc3d3c31d20>:0 
  at log4net.Util.SystemInfo.GetAppSetting (System.String key) [0x00000] in <00c34789746b40dda4cd7be2c85ba32f>:0 
log4net:ERROR Exception while reading ConfigurationSettings. Check your .config file is well formed XML.
System.Configuration.ConfigurationErrorsException: Configuration system failed to initialize ---> System.PlatformNotSupportedException: Operation is not supported on this platform.
  at System.Configuration.ClientConfigPaths..ctor (System.String exePath, System.Boolean includeUserConfig) [0x00050] in <5ae095f7408b4d5cb5cdbfc3d3c31d20>:0 
  at System.Configuration.ClientConfigPaths.GetPaths (System.String exePath, System.Boolean includeUserConfig) [0x00018] in <5ae095f7408b4d5cb5cdbfc3d3c31d20>:0 
  at System.Configuration.ClientConfigurationHost.get_ConfigPaths () [0x0000a] in <5ae095f7408b4d5cb5cdbfc3d3c31d20>:0 
  at System.Configuration.ClientConfigurationHost.GetStreamName (System.String configPath) [0x0006d] in <5ae095f7408b4d5cb5cdbfc3d3c31d20>:0 
  at System.Configuration.ClientConfigurationHost.get_IsAppConfigHttp () [0x00000] in <5ae095f7408b4d5cb5cdbfc3d3c31d20>:0 
  at System.Configuration.Internal.DelegatingConfigHost.get_IsAppConfigHttp () [0x00006] in <5ae095f7408b4d5cb5cdbfc3d3c31d20>:0 
  at System.Configuration.ClientConfigurationSystem..ctor () [0x00051] in <5ae095f7408b4d5cb5cdbfc3d3c31d20>:0 
  at System.Configuration.ConfigurationManager.EnsureConfigurationSystem () [0x00024] in <5ae095f7408b4d5cb5cdbfc3d3c31d20>:0 
   --- End of inner exception stack trace ---
  at System.Configuration.ConfigurationManager.PrepareConfigSystem () [0x0001a] in <5ae095f7408b4d5cb5cdbfc3d3c31d20>:0 
  at System.Configuration.ConfigurationManager.GetSection (System.String sectionName) [0x0000a] in <5ae095f7408b4d5cb5cdbfc3d3c31d20>:0 
  at System.Configuration.ConfigurationManager.get_AppSettings () [0x00000] in <5ae095f7408b4d5cb5cdbfc3d3c31d20>:0 
  at log4net.Util.SystemInfo.GetAppSetting (System.String key) [0x00000] in <00c34789746b40dda4cd7be2c85ba32f>:0 
log4net:ERROR Exception while reading ConfigurationSettings. Check your .config file is well formed XML.
System.Configuration.ConfigurationErrorsException: Configuration system failed to initialize ---> System.PlatformNotSupportedException: Operation is not supported on this platform.
  at System.Configuration.ClientConfigPaths..ctor (System.String exePath, System.Boolean includeUserConfig) [0x00050] in <5ae095f7408b4d5cb5cdbfc3d3c31d20>:0 
  at System.Configuration.ClientConfigPaths.GetPaths (System.String exePath, System.Boolean includeUserConfig) [0x00018] in <5ae095f7408b4d5cb5cdbfc3d3c31d20>:0 
  at System.Configuration.ClientConfigurationHost.get_ConfigPaths () [0x0000a] in <5ae095f7408b4d5cb5cdbfc3d3c31d20>:0 
  at System.Configuration.ClientConfigurationHost.GetStreamName (System.String configPath) [0x0006d] in <5ae095f7408b4d5cb5cdbfc3d3c31d20>:0 
  at System.Configuration.ClientConfigurationHost.get_IsAppConfigHttp () [0x00000] in <5ae095f7408b4d5cb5cdbfc3d3c31d20>:0 
  at System.Configuration.Internal.DelegatingConfigHost.get_IsAppConfigHttp () [0x00006] in <5ae095f7408b4d5cb5cdbfc3d3c31d20>:0 
  at System.Configuration.ClientConfigurationSystem..ctor () [0x00051] in <5ae095f7408b4d5cb5cdbfc3d3c31d20>:0 
  at System.Configuration.ConfigurationManager.EnsureConfigurationSystem () [0x00024] in <5ae095f7408b4d5cb5cdbfc3d3c31d20>:0 
   --- End of inner exception stack trace ---
  at System.Configuration.ConfigurationManager.PrepareConfigSystem () [0x0001a] in <5ae095f7408b4d5cb5cdbfc3d3c31d20>:0 
  at System.Configuration.ConfigurationManager.GetSection (System.String sectionName) [0x0000a] in <5ae095f7408b4d5cb5cdbfc3d3c31d20>:0 
  at System.Configuration.ConfigurationManager.get_AppSettings () [0x00000] in <5ae095f7408b4d5cb5cdbfc3d3c31d20>:0 
  at log4net.Util.SystemInfo.GetAppSetting (System.String key) [0x00000] in <00c34789746b40dda4cd7be2c85ba32f>:0 
log4net:ERROR Exception while reading ConfigurationSettings. Check your .config file is well formed XML.
System.Configuration.ConfigurationErrorsException: Configuration system failed to initialize ---> System.PlatformNotSupportedException: Operation is not supported on this platform.
  at System.Configuration.ClientConfigPaths..ctor (System.String exePath, System.Boolean includeUserConfig) [0x00050] in <5ae095f7408b4d5cb5cdbfc3d3c31d20>:0 
  at System.Configuration.ClientConfigPaths.GetPaths (System.String exePath, System.Boolean includeUserConfig) [0x00018] in <5ae095f7408b4d5cb5cdbfc3d3c31d20>:0 
  at System.Configuration.ClientConfigurationHost.get_ConfigPaths () [0x0000a] in <5ae095f7408b4d5cb5cdbfc3d3c31d20>:0 
  at System.Configuration.ClientConfigurationHost.GetStreamName (System.String configPath) [0x0006d] in <5ae095f7408b4d5cb5cdbfc3d3c31d20>:0 
  at System.Configuration.ClientConfigurationHost.get_IsAppConfigHttp () [0x00000] in <5ae095f7408b4d5cb5cdbfc3d3c31d20>:0 
  at System.Configuration.Internal.DelegatingConfigHost.get_IsAppConfigHttp () [0x00006] in <5ae095f7408b4d5cb5cdbfc3d3c31d20>:0 
  at System.Configuration.ClientConfigurationSystem..ctor () [0x00051] in <5ae095f7408b4d5cb5cdbfc3d3c31d20>:0 
  at System.Configuration.ConfigurationManager.EnsureConfigurationSystem () [0x00024] in <5ae095f7408b4d5cb5cdbfc3d3c31d20>:0 
   --- End of inner exception stack trace ---
  at System.Configuration.ConfigurationManager.PrepareConfigSystem () [0x0001a] in <5ae095f7408b4d5cb5cdbfc3d3c31d20>:0 
  at System.Configuration.ConfigurationManager.GetSection (System.String sectionName) [0x0000a] in <5ae095f7408b4d5cb5cdbfc3d3c31d20>:0 
  at System.Configuration.ConfigurationManager.get_AppSettings () [0x00000] in <5ae095f7408b4d5cb5cdbfc3d3c31d20>:0 
  at log4net.Util.SystemInfo.GetAppSetting (System.String key) [0x00000] in <00c34789746b40dda4cd7be2c85ba32f>:0 
log4net:ERROR Exception while reading ConfigurationSettings. Check your .config file is well formed XML.
System.Configuration.ConfigurationErrorsException: Configuration system failed to initialize ---> System.PlatformNotSupportedException: Operation is not supported on this platform.
  at System.Configuration.ClientConfigPaths..ctor (System.String exePath, System.Boolean includeUserConfig) [0x00050] in <5ae095f7408b4d5cb5cdbfc3d3c31d20>:0 
  at System.Configuration.ClientConfigPaths.GetPaths (System.String exePath, System.Boolean includeUserConfig) [0x00018] in <5ae095f7408b4d5cb5cdbfc3d3c31d20>:0 
  at System.Configuration.ClientConfigurationHost.get_ConfigPaths () [0x0000a] in <5ae095f7408b4d5cb5cdbfc3d3c31d20>:0 
  at System.Configuration.ClientConfigurationHost.GetStreamName (System.String configPath) [0x0006d] in <5ae095f7408b4d5cb5cdbfc3d3c31d20>:0 
  at System.Configuration.ClientConfigurationHost.get_IsAppConfigHttp () [0x00000] in <5ae095f7408b4d5cb5cdbfc3d3c31d20>:0 
  at System.Configuration.Internal.DelegatingConfigHost.get_IsAppConfigHttp () [0x00006] in <5ae095f7408b4d5cb5cdbfc3d3c31d20>:0 
  at System.Configuration.ClientConfigurationSystem..ctor () [0x00051] in <5ae095f7408b4d5cb5cdbfc3d3c31d20>:0 
  at System.Configuration.ConfigurationManager.EnsureConfigurationSystem () [0x00024] in <5ae095f7408b4d5cb5cdbfc3d3c31d20>:0 
   --- End of inner exception stack trace ---
  at System.Configuration.ConfigurationManager.PrepareConfigSystem () [0x0001a] in <5ae095f7408b4d5cb5cdbfc3d3c31d20>:0 
  at System.Configuration.ConfigurationManager.GetSection (System.String sectionName) [0x0000a] in <5ae095f7408b4d5cb5cdbfc3d3c31d20>:0 
  at System.Configuration.ConfigurationManager.get_AppSettings () [0x00000] in <5ae095f7408b4d5cb5cdbfc3d3c31d20>:0 
  at log4net.Util.SystemInfo.GetAppSetting (System.String key) [0x00000] in <00c34789746b40dda4cd7be2c85ba32f>:0 
log4net:ERROR Exception while reading ConfigurationSettings. Check your .config file is well formed XML.
System.Configuration.ConfigurationErrorsException: Configuration system failed to initialize ---> System.PlatformNotSupportedException: Operation is not supported on this platform.
  at System.Configuration.ClientConfigPaths..ctor (System.String exePath, System.Boolean includeUserConfig) [0x00050] in <5ae095f7408b4d5cb5cdbfc3d3c31d20>:0 
  at System.Configuration.ClientConfigPaths.GetPaths (System.String exePath, System.Boolean includeUserConfig) [0x00018] in <5ae095f7408b4d5cb5cdbfc3d3c31d20>:0 
  at System.Configuration.ClientConfigurationHost.get_ConfigPaths () [0x0000a] in <5ae095f7408b4d5cb5cdbfc3d3c31d20>:0 
  at System.Configuration.ClientConfigurationHost.GetStreamName (System.String configPath) [0x0006d] in <5ae095f7408b4d5cb5cdbfc3d3c31d20>:0 
  at System.Configuration.ClientConfigurationHost.get_IsAppConfigHttp () [0x00000] in <5ae095f7408b4d5cb5cdbfc3d3c31d20>:0 
  at System.Configuration.Internal.DelegatingConfigHost.get_IsAppConfigHttp () [0x00006] in <5ae095f7408b4d5cb5cdbfc3d3c31d20>:0 
  at System.Configuration.ClientConfigurationSystem..ctor () [0x00051] in <5ae095f7408b4d5cb5cdbfc3d3c31d20>:0 
  at System.Configuration.ConfigurationManager.EnsureConfigurationSystem () [0x00024] in <5ae095f7408b4d5cb5cdbfc3d3c31d20>:0 
   --- End of inner exception stack trace ---
  at System.Configuration.ConfigurationManager.PrepareConfigSystem () [0x0001a] in <5ae095f7408b4d5cb5cdbfc3d3c31d20>:0 
  at System.Configuration.ConfigurationManager.GetSection (System.String sectionName) [0x0000a] in <5ae095f7408b4d5cb5cdbfc3d3c31d20>:0 
  at System.Configuration.ConfigurationManager.get_AppSettings () [0x00000] in <5ae095f7408b4d5cb5cdbfc3d3c31d20>:0 
  at log4net.Util.SystemInfo.GetAppSetting (System.String key) [0x00000] in <00c34789746b40dda4cd7be2c85ba32f>:0 
log4net:ERROR Exception while reading ConfigurationSettings. Check your .config file is well formed XML.
System.Configuration.ConfigurationErrorsException: Configuration system failed to initialize ---> System.PlatformNotSupportedException: Operation is not supported on this platform.
  at System.Configuration.ClientConfigPaths..ctor (System.String exePath, System.Boolean includeUserConfig) [0x00050] in <5ae095f7408b4d5cb5cdbfc3d3c31d20>:0 
  at System.Configuration.ClientConfigPaths.GetPaths (System.String exePath, System.Boolean includeUserConfig) [0x00018] in <5ae095f7408b4d5cb5cdbfc3d3c31d20>:0 
  at System.Configuration.ClientConfigurationHost.get_ConfigPaths () [0x0000a] in <5ae095f7408b4d5cb5cdbfc3d3c31d20>:0 
  at System.Configuration.ClientConfigurationHost.GetStreamName (System.String configPath) [0x0006d] in <5ae095f7408b4d5cb5cdbfc3d3c31d20>:0 
  at System.Configuration.ClientConfigurationHost.get_IsAppConfigHttp () [0x00000] in <5ae095f7408b4d5cb5cdbfc3d3c31d20>:0 
  at System.Configuration.Internal.DelegatingConfigHost.get_IsAppConfigHttp () [0x00006] in <5ae095f7408b4d5cb5cdbfc3d3c31d20>:0 
  at System.Configuration.ClientConfigurationSystem..ctor () [0x00051] in <5ae095f7408b4d5cb5cdbfc3d3c31d20>:0 
  at System.Configuration.ConfigurationManager.EnsureConfigurationSystem () [0x00024] in <5ae095f7408b4d5cb5cdbfc3d3c31d20>:0 
   --- End of inner exception stack trace ---
  at System.Configuration.ConfigurationManager.PrepareConfigSystem () [0x0001a] in <5ae095f7408b4d5cb5cdbfc3d3c31d20>:0 
  at System.Configuration.ConfigurationManager.GetSection (System.String sectionName) [0x0000a] in <5ae095f7408b4d5cb5cdbfc3d3c31d20>:0 
  at System.Configuration.ConfigurationManager.get_AppSettings () [0x00000] in <5ae095f7408b4d5cb5cdbfc3d3c31d20>:0 
  at log4net.Util.SystemInfo.GetAppSetting (System.String key) [0x00000] in <00c34789746b40dda4cd7be2c85ba32f>:0 
Mono: successfully reloaded assembly
- Finished resetting the current domain, in  0.919 seconds
Domain Reload Profiling: 1818ms
	BeginReloadAssembly (227ms)
		ExecutionOrderSort (0ms)
		DisableScriptedObjects (16ms)
		BackupInstance (0ms)
		ReleaseScriptingObjects (0ms)
		CreateAndSetChildDomain (56ms)
	RebuildCommonClasses (38ms)
	RebuildNativeTypeToScriptingClass (16ms)
	initialDomainReloadingComplete (32ms)
	LoadAllAssembliesAndSetupDomain (584ms)
		LoadAssemblies (419ms)
		RebuildTransferFunctionScriptingTraits (0ms)
		AnalyzeDomain (274ms)
			TypeCache.Refresh (8ms)
				TypeCache.ScanAssembly (0ms)
			BuildScriptInfoCaches (248ms)
			ResolveRequiredComponents (13ms)
	FinalizeReload (921ms)
		ReleaseScriptCaches (0ms)
		RebuildScriptCaches (0ms)
		SetupLoadedEditorAssemblies (697ms)
			LogAssemblyErrors (0ms)
			InitializePlatformSupportModulesInManaged (3ms)
			SetLoadedEditorAssemblies (5ms)
			BeforeProcessingInitializeOnLoad (120ms)
			ProcessInitializeOnLoadAttributes (482ms)
			ProcessInitializeOnLoadMethodAttributes (84ms)
			AfterProcessingInitializeOnLoad (3ms)
			EditorAssembliesLoaded (0ms)
		ExecutionOrderSort2 (0ms)
		AwakeInstancesAfterBackupRestoration (14ms)
Refreshing native plugins compatible for Editor in 2.71 ms, found 4 plugins.
Preloading 0 native plugins for Editor in 0.00 ms.
Unloading 13 Unused Serialized files (Serialized files now loaded: 0)
Unloading 6681 unused Assets / (4.5 MB). Loaded Objects now: 7362.
Memory consumption went from 150.0 MB to 145.5 MB.
Total: 9.924700 ms (FindLiveObjects: 0.919900 ms CreateObjectMapping: 0.692600 ms MarkObjects: 5.840800 ms  DeleteObjects: 2.469900 ms)

Prepare: number of updated asset objects reloaded= 0
========================================================================
Received Prepare
Begin MonoManager ReloadAssembly
Duplicate assembly 'log4net.dll' with different versions detected, using 'Assets/Packages/log4net.3.0.4/lib/netstandard2.0/log4net.dll, AssemblyName=log4net, Version=3.0.4.0, Culture=neutral, PublicKeyToken=669e0ddf0bb1aa2a' and ignoring 'Packages/com.unity.collab-proxy/Lib/Editor/log4netPlastic.dll, AssemblyName=log4net, Version=1.2.15.0, Culture=neutral, PublicKeyToken=669e0ddf0bb1aa2a'.Symbol file LoadedFromMemory is not a mono symbol file
- Loaded All Assemblies, in  0.892 seconds
Refreshing native plugins compatible for Editor in 2.17 ms, found 4 plugins.
Native extension for WindowsStandalone target not found
log4net:ERROR Exception while reading ConfigurationSettings. Check your .config file is well formed XML.
System.Configuration.ConfigurationErrorsException: Configuration system failed to initialize ---> System.PlatformNotSupportedException: Operation is not supported on this platform.
  at System.Configuration.ClientConfigPaths..ctor (System.String exePath, System.Boolean includeUserConfig) [0x00050] in <5ae095f7408b4d5cb5cdbfc3d3c31d20>:0 
  at System.Configuration.ClientConfigPaths.GetPaths (System.String exePath, System.Boolean includeUserConfig) [0x00018] in <5ae095f7408b4d5cb5cdbfc3d3c31d20>:0 
  at System.Configuration.ClientConfigurationHost.get_ConfigPaths () [0x0000a] in <5ae095f7408b4d5cb5cdbfc3d3c31d20>:0 
  at System.Configuration.ClientConfigurationHost.GetStreamName (System.String configPath) [0x0006d] in <5ae095f7408b4d5cb5cdbfc3d3c31d20>:0 
  at System.Configuration.ClientConfigurationHost.get_IsAppConfigHttp () [0x00000] in <5ae095f7408b4d5cb5cdbfc3d3c31d20>:0 
  at System.Configuration.Internal.DelegatingConfigHost.get_IsAppConfigHttp () [0x00006] in <5ae095f7408b4d5cb5cdbfc3d3c31d20>:0 
  at System.Configuration.ClientConfigurationSystem..ctor () [0x00051] in <5ae095f7408b4d5cb5cdbfc3d3c31d20>:0 
  at System.Configuration.ConfigurationManager.EnsureConfigurationSystem () [0x00024] in <5ae095f7408b4d5cb5cdbfc3d3c31d20>:0 
   --- End of inner exception stack trace ---
  at System.Configuration.ConfigurationManager.EnsureConfigurationSystem () [0x00060] in <5ae095f7408b4d5cb5cdbfc3d3c31d20>:0 
  at System.Configuration.ConfigurationManager.PrepareConfigSystem () [0x0000a] in <5ae095f7408b4d5cb5cdbfc3d3c31d20>:0 
  at System.Configuration.ConfigurationManager.GetSection (System.String sectionName) [0x0000a] in <5ae095f7408b4d5cb5cdbfc3d3c31d20>:0 
  at System.Configuration.ConfigurationManager.get_AppSettings () [0x00000] in <5ae095f7408b4d5cb5cdbfc3d3c31d20>:0 
  at log4net.Util.SystemInfo.GetAppSetting (System.String key) [0x00000] in <00c34789746b40dda4cd7be2c85ba32f>:0 
log4net:ERROR Exception while reading ConfigurationSettings. Check your .config file is well formed XML.
System.Configuration.ConfigurationErrorsException: Configuration system failed to initialize ---> System.PlatformNotSupportedException: Operation is not supported on this platform.
  at System.Configuration.ClientConfigPaths..ctor (System.String exePath, System.Boolean includeUserConfig) [0x00050] in <5ae095f7408b4d5cb5cdbfc3d3c31d20>:0 
  at System.Configuration.ClientConfigPaths.GetPaths (System.String exePath, System.Boolean includeUserConfig) [0x00018] in <5ae095f7408b4d5cb5cdbfc3d3c31d20>:0 
  at System.Configuration.ClientConfigurationHost.get_ConfigPaths () [0x0000a] in <5ae095f7408b4d5cb5cdbfc3d3c31d20>:0 
  at System.Configuration.ClientConfigurationHost.GetStreamName (System.String configPath) [0x0006d] in <5ae095f7408b4d5cb5cdbfc3d3c31d20>:0 
  at System.Configuration.ClientConfigurationHost.get_IsAppConfigHttp () [0x00000] in <5ae095f7408b4d5cb5cdbfc3d3c31d20>:0 
  at System.Configuration.Internal.DelegatingConfigHost.get_IsAppConfigHttp () [0x00006] in <5ae095f7408b4d5cb5cdbfc3d3c31d20>:0 
  at System.Configuration.ClientConfigurationSystem..ctor () [0x00051] in <5ae095f7408b4d5cb5cdbfc3d3c31d20>:0 
  at System.Configuration.ConfigurationManager.EnsureConfigurationSystem () [0x00024] in <5ae095f7408b4d5cb5cdbfc3d3c31d20>:0 
   --- End of inner exception stack trace ---
  at System.Configuration.ConfigurationManager.PrepareConfigSystem () [0x0001a] in <5ae095f7408b4d5cb5cdbfc3d3c31d20>:0 
  at System.Configuration.ConfigurationManager.GetSection (System.String sectionName) [0x0000a] in <5ae095f7408b4d5cb5cdbfc3d3c31d20>:0 
  at System.Configuration.ConfigurationManager.get_AppSettings () [0x00000] in <5ae095f7408b4d5cb5cdbfc3d3c31d20>:0 
  at log4net.Util.SystemInfo.GetAppSetting (System.String key) [0x00000] in <00c34789746b40dda4cd7be2c85ba32f>:0 
log4net:ERROR Exception while reading ConfigurationSettings. Check your .config file is well formed XML.
System.Configuration.ConfigurationErrorsException: Configuration system failed to initialize ---> System.PlatformNotSupportedException: Operation is not supported on this platform.
  at System.Configuration.ClientConfigPaths..ctor (System.String exePath, System.Boolean includeUserConfig) [0x00050] in <5ae095f7408b4d5cb5cdbfc3d3c31d20>:0 
  at System.Configuration.ClientConfigPaths.GetPaths (System.String exePath, System.Boolean includeUserConfig) [0x00018] in <5ae095f7408b4d5cb5cdbfc3d3c31d20>:0 
  at System.Configuration.ClientConfigurationHost.get_ConfigPaths () [0x0000a] in <5ae095f7408b4d5cb5cdbfc3d3c31d20>:0 
  at System.Configuration.ClientConfigurationHost.GetStreamName (System.String configPath) [0x0006d] in <5ae095f7408b4d5cb5cdbfc3d3c31d20>:0 
  at System.Configuration.ClientConfigurationHost.get_IsAppConfigHttp () [0x00000] in <5ae095f7408b4d5cb5cdbfc3d3c31d20>:0 
  at System.Configuration.Internal.DelegatingConfigHost.get_IsAppConfigHttp () [0x00006] in <5ae095f7408b4d5cb5cdbfc3d3c31d20>:0 
  at System.Configuration.ClientConfigurationSystem..ctor () [0x00051] in <5ae095f7408b4d5cb5cdbfc3d3c31d20>:0 
  at System.Configuration.ConfigurationManager.EnsureConfigurationSystem () [0x00024] in <5ae095f7408b4d5cb5cdbfc3d3c31d20>:0 
   --- End of inner exception stack trace ---
  at System.Configuration.ConfigurationManager.PrepareConfigSystem () [0x0001a] in <5ae095f7408b4d5cb5cdbfc3d3c31d20>:0 
  at System.Configuration.ConfigurationManager.GetSection (System.String sectionName) [0x0000a] in <5ae095f7408b4d5cb5cdbfc3d3c31d20>:0 
  at System.Configuration.ConfigurationManager.get_AppSettings () [0x00000] in <5ae095f7408b4d5cb5cdbfc3d3c31d20>:0 
  at log4net.Util.SystemInfo.GetAppSetting (System.String key) [0x00000] in <00c34789746b40dda4cd7be2c85ba32f>:0 
log4net:ERROR Exception while reading ConfigurationSettings. Check your .config file is well formed XML.
System.Configuration.ConfigurationErrorsException: Configuration system failed to initialize ---> System.PlatformNotSupportedException: Operation is not supported on this platform.
  at System.Configuration.ClientConfigPaths..ctor (System.String exePath, System.Boolean includeUserConfig) [0x00050] in <5ae095f7408b4d5cb5cdbfc3d3c31d20>:0 
  at System.Configuration.ClientConfigPaths.GetPaths (System.String exePath, System.Boolean includeUserConfig) [0x00018] in <5ae095f7408b4d5cb5cdbfc3d3c31d20>:0 
  at System.Configuration.ClientConfigurationHost.get_ConfigPaths () [0x0000a] in <5ae095f7408b4d5cb5cdbfc3d3c31d20>:0 
  at System.Configuration.ClientConfigurationHost.GetStreamName (System.String configPath) [0x0006d] in <5ae095f7408b4d5cb5cdbfc3d3c31d20>:0 
  at System.Configuration.ClientConfigurationHost.get_IsAppConfigHttp () [0x00000] in <5ae095f7408b4d5cb5cdbfc3d3c31d20>:0 
  at System.Configuration.Internal.DelegatingConfigHost.get_IsAppConfigHttp () [0x00006] in <5ae095f7408b4d5cb5cdbfc3d3c31d20>:0 
  at System.Configuration.ClientConfigurationSystem..ctor () [0x00051] in <5ae095f7408b4d5cb5cdbfc3d3c31d20>:0 
  at System.Configuration.ConfigurationManager.EnsureConfigurationSystem () [0x00024] in <5ae095f7408b4d5cb5cdbfc3d3c31d20>:0 
   --- End of inner exception stack trace ---
  at System.Configuration.ConfigurationManager.PrepareConfigSystem () [0x0001a] in <5ae095f7408b4d5cb5cdbfc3d3c31d20>:0 
  at System.Configuration.ConfigurationManager.GetSection (System.String sectionName) [0x0000a] in <5ae095f7408b4d5cb5cdbfc3d3c31d20>:0 
  at System.Configuration.ConfigurationManager.get_AppSettings () [0x00000] in <5ae095f7408b4d5cb5cdbfc3d3c31d20>:0 
  at log4net.Util.SystemInfo.GetAppSetting (System.String key) [0x00000] in <00c34789746b40dda4cd7be2c85ba32f>:0 
log4net:ERROR Exception while reading ConfigurationSettings. Check your .config file is well formed XML.
System.Configuration.ConfigurationErrorsException: Configuration system failed to initialize ---> System.PlatformNotSupportedException: Operation is not supported on this platform.
  at System.Configuration.ClientConfigPaths..ctor (System.String exePath, System.Boolean includeUserConfig) [0x00050] in <5ae095f7408b4d5cb5cdbfc3d3c31d20>:0 
  at System.Configuration.ClientConfigPaths.GetPaths (System.String exePath, System.Boolean includeUserConfig) [0x00018] in <5ae095f7408b4d5cb5cdbfc3d3c31d20>:0 
  at System.Configuration.ClientConfigurationHost.get_ConfigPaths () [0x0000a] in <5ae095f7408b4d5cb5cdbfc3d3c31d20>:0 
  at System.Configuration.ClientConfigurationHost.GetStreamName (System.String configPath) [0x0006d] in <5ae095f7408b4d5cb5cdbfc3d3c31d20>:0 
  at System.Configuration.ClientConfigurationHost.get_IsAppConfigHttp () [0x00000] in <5ae095f7408b4d5cb5cdbfc3d3c31d20>:0 
  at System.Configuration.Internal.DelegatingConfigHost.get_IsAppConfigHttp () [0x00006] in <5ae095f7408b4d5cb5cdbfc3d3c31d20>:0 
  at System.Configuration.ClientConfigurationSystem..ctor () [0x00051] in <5ae095f7408b4d5cb5cdbfc3d3c31d20>:0 
  at System.Configuration.ConfigurationManager.EnsureConfigurationSystem () [0x00024] in <5ae095f7408b4d5cb5cdbfc3d3c31d20>:0 
   --- End of inner exception stack trace ---
  at System.Configuration.ConfigurationManager.PrepareConfigSystem () [0x0001a] in <5ae095f7408b4d5cb5cdbfc3d3c31d20>:0 
  at System.Configuration.ConfigurationManager.GetSection (System.String sectionName) [0x0000a] in <5ae095f7408b4d5cb5cdbfc3d3c31d20>:0 
  at System.Configuration.ConfigurationManager.get_AppSettings () [0x00000] in <5ae095f7408b4d5cb5cdbfc3d3c31d20>:0 
  at log4net.Util.SystemInfo.GetAppSetting (System.String key) [0x00000] in <00c34789746b40dda4cd7be2c85ba32f>:0 
log4net:ERROR Exception while reading ConfigurationSettings. Check your .config file is well formed XML.
System.Configuration.ConfigurationErrorsException: Configuration system failed to initialize ---> System.PlatformNotSupportedException: Operation is not supported on this platform.
  at System.Configuration.ClientConfigPaths..ctor (System.String exePath, System.Boolean includeUserConfig) [0x00050] in <5ae095f7408b4d5cb5cdbfc3d3c31d20>:0 
  at System.Configuration.ClientConfigPaths.GetPaths (System.String exePath, System.Boolean includeUserConfig) [0x00018] in <5ae095f7408b4d5cb5cdbfc3d3c31d20>:0 
  at System.Configuration.ClientConfigurationHost.get_ConfigPaths () [0x0000a] in <5ae095f7408b4d5cb5cdbfc3d3c31d20>:0 
  at System.Configuration.ClientConfigurationHost.GetStreamName (System.String configPath) [0x0006d] in <5ae095f7408b4d5cb5cdbfc3d3c31d20>:0 
  at System.Configuration.ClientConfigurationHost.get_IsAppConfigHttp () [0x00000] in <5ae095f7408b4d5cb5cdbfc3d3c31d20>:0 
  at System.Configuration.Internal.DelegatingConfigHost.get_IsAppConfigHttp () [0x00006] in <5ae095f7408b4d5cb5cdbfc3d3c31d20>:0 
  at System.Configuration.ClientConfigurationSystem..ctor () [0x00051] in <5ae095f7408b4d5cb5cdbfc3d3c31d20>:0 
  at System.Configuration.ConfigurationManager.EnsureConfigurationSystem () [0x00024] in <5ae095f7408b4d5cb5cdbfc3d3c31d20>:0 
   --- End of inner exception stack trace ---
  at System.Configuration.ConfigurationManager.PrepareConfigSystem () [0x0001a] in <5ae095f7408b4d5cb5cdbfc3d3c31d20>:0 
  at System.Configuration.ConfigurationManager.GetSection (System.String sectionName) [0x0000a] in <5ae095f7408b4d5cb5cdbfc3d3c31d20>:0 
  at System.Configuration.ConfigurationManager.get_AppSettings () [0x00000] in <5ae095f7408b4d5cb5cdbfc3d3c31d20>:0 
  at log4net.Util.SystemInfo.GetAppSetting (System.String key) [0x00000] in <00c34789746b40dda4cd7be2c85ba32f>:0 
log4net:ERROR Exception while reading ConfigurationSettings. Check your .config file is well formed XML.
System.Configuration.ConfigurationErrorsException: Configuration system failed to initialize ---> System.PlatformNotSupportedException: Operation is not supported on this platform.
  at System.Configuration.ClientConfigPaths..ctor (System.String exePath, System.Boolean includeUserConfig) [0x00050] in <5ae095f7408b4d5cb5cdbfc3d3c31d20>:0 
  at System.Configuration.ClientConfigPaths.GetPaths (System.String exePath, System.Boolean includeUserConfig) [0x00018] in <5ae095f7408b4d5cb5cdbfc3d3c31d20>:0 
  at System.Configuration.ClientConfigurationHost.get_ConfigPaths () [0x0000a] in <5ae095f7408b4d5cb5cdbfc3d3c31d20>:0 
  at System.Configuration.ClientConfigurationHost.GetStreamName (System.String configPath) [0x0006d] in <5ae095f7408b4d5cb5cdbfc3d3c31d20>:0 
  at System.Configuration.ClientConfigurationHost.get_IsAppConfigHttp () [0x00000] in <5ae095f7408b4d5cb5cdbfc3d3c31d20>:0 
  at System.Configuration.Internal.DelegatingConfigHost.get_IsAppConfigHttp () [0x00006] in <5ae095f7408b4d5cb5cdbfc3d3c31d20>:0 
  at System.Configuration.ClientConfigurationSystem..ctor () [0x00051] in <5ae095f7408b4d5cb5cdbfc3d3c31d20>:0 
  at System.Configuration.ConfigurationManager.EnsureConfigurationSystem () [0x00024] in <5ae095f7408b4d5cb5cdbfc3d3c31d20>:0 
   --- End of inner exception stack trace ---
  at System.Configuration.ConfigurationManager.PrepareConfigSystem () [0x0001a] in <5ae095f7408b4d5cb5cdbfc3d3c31d20>:0 
  at System.Configuration.ConfigurationManager.GetSection (System.String sectionName) [0x0000a] in <5ae095f7408b4d5cb5cdbfc3d3c31d20>:0 
  at System.Configuration.ConfigurationManager.get_AppSettings () [0x00000] in <5ae095f7408b4d5cb5cdbfc3d3c31d20>:0 
  at log4net.Util.SystemInfo.GetAppSetting (System.String key) [0x00000] in <00c34789746b40dda4cd7be2c85ba32f>:0 
Mono: successfully reloaded assembly
- Finished resetting the current domain, in  0.911 seconds
Domain Reload Profiling: 1801ms
	BeginReloadAssembly (212ms)
		ExecutionOrderSort (0ms)
		DisableScriptedObjects (17ms)
		BackupInstance (0ms)
		ReleaseScriptingObjects (0ms)
		CreateAndSetChildDomain (50ms)
	RebuildCommonClasses (38ms)
	RebuildNativeTypeToScriptingClass (15ms)
	initialDomainReloadingComplete (34ms)
	LoadAllAssembliesAndSetupDomain (592ms)
		LoadAssemblies (415ms)
		RebuildTransferFunctionScriptingTraits (0ms)
		AnalyzeDomain (284ms)
			TypeCache.Refresh (9ms)
				TypeCache.ScanAssembly (0ms)
			BuildScriptInfoCaches (258ms)
			ResolveRequiredComponents (13ms)
	FinalizeReload (911ms)
		ReleaseScriptCaches (0ms)
		RebuildScriptCaches (0ms)
		SetupLoadedEditorAssemblies (693ms)
			LogAssemblyErrors (0ms)
			InitializePlatformSupportModulesInManaged (2ms)
			SetLoadedEditorAssemblies (5ms)
			BeforeProcessingInitializeOnLoad (124ms)
			ProcessInitializeOnLoadAttributes (480ms)
			ProcessInitializeOnLoadMethodAttributes (79ms)
			AfterProcessingInitializeOnLoad (2ms)
			EditorAssembliesLoaded (0ms)
		ExecutionOrderSort2 (0ms)
		AwakeInstancesAfterBackupRestoration (14ms)
Refreshing native plugins compatible for Editor in 2.74 ms, found 4 plugins.
Preloading 0 native plugins for Editor in 0.00 ms.
Unloading 13 Unused Serialized files (Serialized files now loaded: 0)
Unloading 6681 unused Assets / (4.5 MB). Loaded Objects now: 7364.
Memory consumption went from 151.9 MB to 147.5 MB.
Total: 10.026200 ms (FindLiveObjects: 0.968500 ms CreateObjectMapping: 0.695700 ms MarkObjects: 5.779500 ms  DeleteObjects: 2.581000 ms)

Prepare: number of updated asset objects reloaded= 0
========================================================================
Received Prepare
Begin MonoManager ReloadAssembly
Duplicate assembly 'log4net.dll' with different versions detected, using 'Assets/Packages/log4net.3.0.4/lib/netstandard2.0/log4net.dll, AssemblyName=log4net, Version=3.0.4.0, Culture=neutral, PublicKeyToken=669e0ddf0bb1aa2a' and ignoring 'Packages/com.unity.collab-proxy/Lib/Editor/log4netPlastic.dll, AssemblyName=log4net, Version=1.2.15.0, Culture=neutral, PublicKeyToken=669e0ddf0bb1aa2a'.Symbol file LoadedFromMemory is not a mono symbol file
- Loaded All Assemblies, in  0.888 seconds
Refreshing native plugins compatible for Editor in 1.86 ms, found 4 plugins.
Native extension for WindowsStandalone target not found
log4net:ERROR Exception while reading ConfigurationSettings. Check your .config file is well formed XML.
System.Configuration.ConfigurationErrorsException: Configuration system failed to initialize ---> System.PlatformNotSupportedException: Operation is not supported on this platform.
  at System.Configuration.ClientConfigPaths..ctor (System.String exePath, System.Boolean includeUserConfig) [0x00050] in <5ae095f7408b4d5cb5cdbfc3d3c31d20>:0 
  at System.Configuration.ClientConfigPaths.GetPaths (System.String exePath, System.Boolean includeUserConfig) [0x00018] in <5ae095f7408b4d5cb5cdbfc3d3c31d20>:0 
  at System.Configuration.ClientConfigurationHost.get_ConfigPaths () [0x0000a] in <5ae095f7408b4d5cb5cdbfc3d3c31d20>:0 
  at System.Configuration.ClientConfigurationHost.GetStreamName (System.String configPath) [0x0006d] in <5ae095f7408b4d5cb5cdbfc3d3c31d20>:0 
  at System.Configuration.ClientConfigurationHost.get_IsAppConfigHttp () [0x00000] in <5ae095f7408b4d5cb5cdbfc3d3c31d20>:0 
  at System.Configuration.Internal.DelegatingConfigHost.get_IsAppConfigHttp () [0x00006] in <5ae095f7408b4d5cb5cdbfc3d3c31d20>:0 
  at System.Configuration.ClientConfigurationSystem..ctor () [0x00051] in <5ae095f7408b4d5cb5cdbfc3d3c31d20>:0 
  at System.Configuration.ConfigurationManager.EnsureConfigurationSystem () [0x00024] in <5ae095f7408b4d5cb5cdbfc3d3c31d20>:0 
   --- End of inner exception stack trace ---
  at System.Configuration.ConfigurationManager.EnsureConfigurationSystem () [0x00060] in <5ae095f7408b4d5cb5cdbfc3d3c31d20>:0 
  at System.Configuration.ConfigurationManager.PrepareConfigSystem () [0x0000a] in <5ae095f7408b4d5cb5cdbfc3d3c31d20>:0 
  at System.Configuration.ConfigurationManager.GetSection (System.String sectionName) [0x0000a] in <5ae095f7408b4d5cb5cdbfc3d3c31d20>:0 
  at System.Configuration.ConfigurationManager.get_AppSettings () [0x00000] in <5ae095f7408b4d5cb5cdbfc3d3c31d20>:0 
  at log4net.Util.SystemInfo.GetAppSetting (System.String key) [0x00000] in <00c34789746b40dda4cd7be2c85ba32f>:0 
log4net:ERROR Exception while reading ConfigurationSettings. Check your .config file is well formed XML.
System.Configuration.ConfigurationErrorsException: Configuration system failed to initialize ---> System.PlatformNotSupportedException: Operation is not supported on this platform.
  at System.Configuration.ClientConfigPaths..ctor (System.String exePath, System.Boolean includeUserConfig) [0x00050] in <5ae095f7408b4d5cb5cdbfc3d3c31d20>:0 
  at System.Configuration.ClientConfigPaths.GetPaths (System.String exePath, System.Boolean includeUserConfig) [0x00018] in <5ae095f7408b4d5cb5cdbfc3d3c31d20>:0 
  at System.Configuration.ClientConfigurationHost.get_ConfigPaths () [0x0000a] in <5ae095f7408b4d5cb5cdbfc3d3c31d20>:0 
  at System.Configuration.ClientConfigurationHost.GetStreamName (System.String configPath) [0x0006d] in <5ae095f7408b4d5cb5cdbfc3d3c31d20>:0 
  at System.Configuration.ClientConfigurationHost.get_IsAppConfigHttp () [0x00000] in <5ae095f7408b4d5cb5cdbfc3d3c31d20>:0 
  at System.Configuration.Internal.DelegatingConfigHost.get_IsAppConfigHttp () [0x00006] in <5ae095f7408b4d5cb5cdbfc3d3c31d20>:0 
  at System.Configuration.ClientConfigurationSystem..ctor () [0x00051] in <5ae095f7408b4d5cb5cdbfc3d3c31d20>:0 
  at System.Configuration.ConfigurationManager.EnsureConfigurationSystem () [0x00024] in <5ae095f7408b4d5cb5cdbfc3d3c31d20>:0 
   --- End of inner exception stack trace ---
  at System.Configuration.ConfigurationManager.PrepareConfigSystem () [0x0001a] in <5ae095f7408b4d5cb5cdbfc3d3c31d20>:0 
  at System.Configuration.ConfigurationManager.GetSection (System.String sectionName) [0x0000a] in <5ae095f7408b4d5cb5cdbfc3d3c31d20>:0 
  at System.Configuration.ConfigurationManager.get_AppSettings () [0x00000] in <5ae095f7408b4d5cb5cdbfc3d3c31d20>:0 
  at log4net.Util.SystemInfo.GetAppSetting (System.String key) [0x00000] in <00c34789746b40dda4cd7be2c85ba32f>:0 
log4net:ERROR Exception while reading ConfigurationSettings. Check your .config file is well formed XML.
System.Configuration.ConfigurationErrorsException: Configuration system failed to initialize ---> System.PlatformNotSupportedException: Operation is not supported on this platform.
  at System.Configuration.ClientConfigPaths..ctor (System.String exePath, System.Boolean includeUserConfig) [0x00050] in <5ae095f7408b4d5cb5cdbfc3d3c31d20>:0 
  at System.Configuration.ClientConfigPaths.GetPaths (System.String exePath, System.Boolean includeUserConfig) [0x00018] in <5ae095f7408b4d5cb5cdbfc3d3c31d20>:0 
  at System.Configuration.ClientConfigurationHost.get_ConfigPaths () [0x0000a] in <5ae095f7408b4d5cb5cdbfc3d3c31d20>:0 
  at System.Configuration.ClientConfigurationHost.GetStreamName (System.String configPath) [0x0006d] in <5ae095f7408b4d5cb5cdbfc3d3c31d20>:0 
  at System.Configuration.ClientConfigurationHost.get_IsAppConfigHttp () [0x00000] in <5ae095f7408b4d5cb5cdbfc3d3c31d20>:0 
  at System.Configuration.Internal.DelegatingConfigHost.get_IsAppConfigHttp () [0x00006] in <5ae095f7408b4d5cb5cdbfc3d3c31d20>:0 
  at System.Configuration.ClientConfigurationSystem..ctor () [0x00051] in <5ae095f7408b4d5cb5cdbfc3d3c31d20>:0 
  at System.Configuration.ConfigurationManager.EnsureConfigurationSystem () [0x00024] in <5ae095f7408b4d5cb5cdbfc3d3c31d20>:0 
   --- End of inner exception stack trace ---
  at System.Configuration.ConfigurationManager.PrepareConfigSystem () [0x0001a] in <5ae095f7408b4d5cb5cdbfc3d3c31d20>:0 
  at System.Configuration.ConfigurationManager.GetSection (System.String sectionName) [0x0000a] in <5ae095f7408b4d5cb5cdbfc3d3c31d20>:0 
  at System.Configuration.ConfigurationManager.get_AppSettings () [0x00000] in <5ae095f7408b4d5cb5cdbfc3d3c31d20>:0 
  at log4net.Util.SystemInfo.GetAppSetting (System.String key) [0x00000] in <00c34789746b40dda4cd7be2c85ba32f>:0 
log4net:ERROR Exception while reading ConfigurationSettings. Check your .config file is well formed XML.
System.Configuration.ConfigurationErrorsException: Configuration system failed to initialize ---> System.PlatformNotSupportedException: Operation is not supported on this platform.
  at System.Configuration.ClientConfigPaths..ctor (System.String exePath, System.Boolean includeUserConfig) [0x00050] in <5ae095f7408b4d5cb5cdbfc3d3c31d20>:0 
  at System.Configuration.ClientConfigPaths.GetPaths (System.String exePath, System.Boolean includeUserConfig) [0x00018] in <5ae095f7408b4d5cb5cdbfc3d3c31d20>:0 
  at System.Configuration.ClientConfigurationHost.get_ConfigPaths () [0x0000a] in <5ae095f7408b4d5cb5cdbfc3d3c31d20>:0 
  at System.Configuration.ClientConfigurationHost.GetStreamName (System.String configPath) [0x0006d] in <5ae095f7408b4d5cb5cdbfc3d3c31d20>:0 
  at System.Configuration.ClientConfigurationHost.get_IsAppConfigHttp () [0x00000] in <5ae095f7408b4d5cb5cdbfc3d3c31d20>:0 
  at System.Configuration.Internal.DelegatingConfigHost.get_IsAppConfigHttp () [0x00006] in <5ae095f7408b4d5cb5cdbfc3d3c31d20>:0 
  at System.Configuration.ClientConfigurationSystem..ctor () [0x00051] in <5ae095f7408b4d5cb5cdbfc3d3c31d20>:0 
  at System.Configuration.ConfigurationManager.EnsureConfigurationSystem () [0x00024] in <5ae095f7408b4d5cb5cdbfc3d3c31d20>:0 
   --- End of inner exception stack trace ---
  at System.Configuration.ConfigurationManager.PrepareConfigSystem () [0x0001a] in <5ae095f7408b4d5cb5cdbfc3d3c31d20>:0 
  at System.Configuration.ConfigurationManager.GetSection (System.String sectionName) [0x0000a] in <5ae095f7408b4d5cb5cdbfc3d3c31d20>:0 
  at System.Configuration.ConfigurationManager.get_AppSettings () [0x00000] in <5ae095f7408b4d5cb5cdbfc3d3c31d20>:0 
  at log4net.Util.SystemInfo.GetAppSetting (System.String key) [0x00000] in <00c34789746b40dda4cd7be2c85ba32f>:0 
log4net:ERROR Exception while reading ConfigurationSettings. Check your .config file is well formed XML.
System.Configuration.ConfigurationErrorsException: Configuration system failed to initialize ---> System.PlatformNotSupportedException: Operation is not supported on this platform.
  at System.Configuration.ClientConfigPaths..ctor (System.String exePath, System.Boolean includeUserConfig) [0x00050] in <5ae095f7408b4d5cb5cdbfc3d3c31d20>:0 
  at System.Configuration.ClientConfigPaths.GetPaths (System.String exePath, System.Boolean includeUserConfig) [0x00018] in <5ae095f7408b4d5cb5cdbfc3d3c31d20>:0 
  at System.Configuration.ClientConfigurationHost.get_ConfigPaths () [0x0000a] in <5ae095f7408b4d5cb5cdbfc3d3c31d20>:0 
  at System.Configuration.ClientConfigurationHost.GetStreamName (System.String configPath) [0x0006d] in <5ae095f7408b4d5cb5cdbfc3d3c31d20>:0 
  at System.Configuration.ClientConfigurationHost.get_IsAppConfigHttp () [0x00000] in <5ae095f7408b4d5cb5cdbfc3d3c31d20>:0 
  at System.Configuration.Internal.DelegatingConfigHost.get_IsAppConfigHttp () [0x00006] in <5ae095f7408b4d5cb5cdbfc3d3c31d20>:0 
  at System.Configuration.ClientConfigurationSystem..ctor () [0x00051] in <5ae095f7408b4d5cb5cdbfc3d3c31d20>:0 
  at System.Configuration.ConfigurationManager.EnsureConfigurationSystem () [0x00024] in <5ae095f7408b4d5cb5cdbfc3d3c31d20>:0 
   --- End of inner exception stack trace ---
  at System.Configuration.ConfigurationManager.PrepareConfigSystem () [0x0001a] in <5ae095f7408b4d5cb5cdbfc3d3c31d20>:0 
  at System.Configuration.ConfigurationManager.GetSection (System.String sectionName) [0x0000a] in <5ae095f7408b4d5cb5cdbfc3d3c31d20>:0 
  at System.Configuration.ConfigurationManager.get_AppSettings () [0x00000] in <5ae095f7408b4d5cb5cdbfc3d3c31d20>:0 
  at log4net.Util.SystemInfo.GetAppSetting (System.String key) [0x00000] in <00c34789746b40dda4cd7be2c85ba32f>:0 
log4net:ERROR Exception while reading ConfigurationSettings. Check your .config file is well formed XML.
System.Configuration.ConfigurationErrorsException: Configuration system failed to initialize ---> System.PlatformNotSupportedException: Operation is not supported on this platform.
  at System.Configuration.ClientConfigPaths..ctor (System.String exePath, System.Boolean includeUserConfig) [0x00050] in <5ae095f7408b4d5cb5cdbfc3d3c31d20>:0 
  at System.Configuration.ClientConfigPaths.GetPaths (System.String exePath, System.Boolean includeUserConfig) [0x00018] in <5ae095f7408b4d5cb5cdbfc3d3c31d20>:0 
  at System.Configuration.ClientConfigurationHost.get_ConfigPaths () [0x0000a] in <5ae095f7408b4d5cb5cdbfc3d3c31d20>:0 
  at System.Configuration.ClientConfigurationHost.GetStreamName (System.String configPath) [0x0006d] in <5ae095f7408b4d5cb5cdbfc3d3c31d20>:0 
  at System.Configuration.ClientConfigurationHost.get_IsAppConfigHttp () [0x00000] in <5ae095f7408b4d5cb5cdbfc3d3c31d20>:0 
  at System.Configuration.Internal.DelegatingConfigHost.get_IsAppConfigHttp () [0x00006] in <5ae095f7408b4d5cb5cdbfc3d3c31d20>:0 
  at System.Configuration.ClientConfigurationSystem..ctor () [0x00051] in <5ae095f7408b4d5cb5cdbfc3d3c31d20>:0 
  at System.Configuration.ConfigurationManager.EnsureConfigurationSystem () [0x00024] in <5ae095f7408b4d5cb5cdbfc3d3c31d20>:0 
   --- End of inner exception stack trace ---
  at System.Configuration.ConfigurationManager.PrepareConfigSystem () [0x0001a] in <5ae095f7408b4d5cb5cdbfc3d3c31d20>:0 
  at System.Configuration.ConfigurationManager.GetSection (System.String sectionName) [0x0000a] in <5ae095f7408b4d5cb5cdbfc3d3c31d20>:0 
  at System.Configuration.ConfigurationManager.get_AppSettings () [0x00000] in <5ae095f7408b4d5cb5cdbfc3d3c31d20>:0 
  at log4net.Util.SystemInfo.GetAppSetting (System.String key) [0x00000] in <00c34789746b40dda4cd7be2c85ba32f>:0 
log4net:ERROR Exception while reading ConfigurationSettings. Check your .config file is well formed XML.
System.Configuration.ConfigurationErrorsException: Configuration system failed to initialize ---> System.PlatformNotSupportedException: Operation is not supported on this platform.
  at System.Configuration.ClientConfigPaths..ctor (System.String exePath, System.Boolean includeUserConfig) [0x00050] in <5ae095f7408b4d5cb5cdbfc3d3c31d20>:0 
  at System.Configuration.ClientConfigPaths.GetPaths (System.String exePath, System.Boolean includeUserConfig) [0x00018] in <5ae095f7408b4d5cb5cdbfc3d3c31d20>:0 
  at System.Configuration.ClientConfigurationHost.get_ConfigPaths () [0x0000a] in <5ae095f7408b4d5cb5cdbfc3d3c31d20>:0 
  at System.Configuration.ClientConfigurationHost.GetStreamName (System.String configPath) [0x0006d] in <5ae095f7408b4d5cb5cdbfc3d3c31d20>:0 
  at System.Configuration.ClientConfigurationHost.get_IsAppConfigHttp () [0x00000] in <5ae095f7408b4d5cb5cdbfc3d3c31d20>:0 
  at System.Configuration.Internal.DelegatingConfigHost.get_IsAppConfigHttp () [0x00006] in <5ae095f7408b4d5cb5cdbfc3d3c31d20>:0 
  at System.Configuration.ClientConfigurationSystem..ctor () [0x00051] in <5ae095f7408b4d5cb5cdbfc3d3c31d20>:0 
  at System.Configuration.ConfigurationManager.EnsureConfigurationSystem () [0x00024] in <5ae095f7408b4d5cb5cdbfc3d3c31d20>:0 
   --- End of inner exception stack trace ---
  at System.Configuration.ConfigurationManager.PrepareConfigSystem () [0x0001a] in <5ae095f7408b4d5cb5cdbfc3d3c31d20>:0 
  at System.Configuration.ConfigurationManager.GetSection (System.String sectionName) [0x0000a] in <5ae095f7408b4d5cb5cdbfc3d3c31d20>:0 
  at System.Configuration.ConfigurationManager.get_AppSettings () [0x00000] in <5ae095f7408b4d5cb5cdbfc3d3c31d20>:0 
  at log4net.Util.SystemInfo.GetAppSetting (System.String key) [0x00000] in <00c34789746b40dda4cd7be2c85ba32f>:0 
Mono: successfully reloaded assembly
- Finished resetting the current domain, in  0.920 seconds
Domain Reload Profiling: 1807ms
	BeginReloadAssembly (209ms)
		ExecutionOrderSort (0ms)
		DisableScriptedObjects (17ms)
		BackupInstance (0ms)
		ReleaseScriptingObjects (0ms)
		CreateAndSetChildDomain (51ms)
	RebuildCommonClasses (40ms)
	RebuildNativeTypeToScriptingClass (16ms)
	initialDomainReloadingComplete (33ms)
	LoadAllAssembliesAndSetupDomain (589ms)
		LoadAssemblies (418ms)
		RebuildTransferFunctionScriptingTraits (0ms)
		AnalyzeDomain (277ms)
			TypeCache.Refresh (9ms)
				TypeCache.ScanAssembly (0ms)
			BuildScriptInfoCaches (251ms)
			ResolveRequiredComponents (13ms)
	FinalizeReload (920ms)
		ReleaseScriptCaches (0ms)
		RebuildScriptCaches (0ms)
		SetupLoadedEditorAssemblies (705ms)
			LogAssemblyErrors (0ms)
			InitializePlatformSupportModulesInManaged (3ms)
			SetLoadedEditorAssemblies (5ms)
			BeforeProcessingInitializeOnLoad (123ms)
			ProcessInitializeOnLoadAttributes (493ms)
			ProcessInitializeOnLoadMethodAttributes (79ms)
			AfterProcessingInitializeOnLoad (2ms)
			EditorAssembliesLoaded (0ms)
		ExecutionOrderSort2 (0ms)
		AwakeInstancesAfterBackupRestoration (14ms)
Refreshing native plugins compatible for Editor in 2.19 ms, found 4 plugins.
Preloading 0 native plugins for Editor in 0.00 ms.
Unloading 13 Unused Serialized files (Serialized files now loaded: 0)
Unloading 6681 unused Assets / (4.3 MB). Loaded Objects now: 7366.
Memory consumption went from 151.9 MB to 147.7 MB.
Total: 8.145900 ms (FindLiveObjects: 0.841800 ms CreateObjectMapping: 0.401300 ms MarkObjects: 4.832200 ms  DeleteObjects: 2.069200 ms)

Prepare: number of updated asset objects reloaded= 0
========================================================================
Received Import Request.
  Time since last request: 682.095951 seconds.
  path: Assets/Resources/MainMenu/GIF_Background/title26.png
  artifactKey: Guid(b1cd2c2644865864ea85319a842e2a96) Importer(815301076,1909f56bfc062723c751e8b465ee728b)
Start importing Assets/Resources/MainMenu/GIF_Background/title26.png using Guid(b1cd2c2644865864ea85319a842e2a96) Importer(815301076,1909f56bfc062723c751e8b465ee728b) (PreviewImporter) -> (artifact id: '9bf5c513fad8a1eae9ba765815e6f776') in 0.1293548 seconds
Number of updated asset objects reloaded before import = 0Number of asset objects unloaded after import = 3

========================================================================
Received Import Request.
  Time since last request: 0.000021 seconds.
  path: Assets/Resources/MainMenu/GIF_Background/title12.png
  artifactKey: Guid(1458d5525e644fa43b72970229454651) Importer(815301076,1909f56bfc062723c751e8b465ee728b)
Start importing Assets/Resources/MainMenu/GIF_Background/title12.png using Guid(1458d5525e644fa43b72970229454651) Importer(815301076,1909f56bfc062723c751e8b465ee728b) (PreviewImporter) -> (artifact id: '7ac60b87f6d408147fde5dafa75a95af') in 0.0909972 seconds
Number of updated asset objects reloaded before import = 0Number of asset objects unloaded after import = 3

========================================================================
Received Import Request.
  Time since last request: 0.000028 seconds.
  path: Assets/Resources/MainMenu/GIF_Background/title15.png
  artifactKey: Guid(ae4b3261e5b092149a92b839cc7aa459) Importer(815301076,1909f56bfc062723c751e8b465ee728b)
Start importing Assets/Resources/MainMenu/GIF_Background/title15.png using Guid(ae4b3261e5b092149a92b839cc7aa459) Importer(815301076,1909f56bfc062723c751e8b465ee728b) (PreviewImporter) -> (artifact id: 'dafc499ee7da895b0dee7da4420270f3') in 0.0208447 seconds
Number of updated asset objects reloaded before import = 0Number of asset objects unloaded after import = 3

========================================================================
Received Import Request.
  Time since last request: 0.000017 seconds.
  path: Assets/Resources/MainMenu/GIF_Background/title03.png
  artifactKey: Guid(71a11e8a07ca38e48bb5276a4627db54) Importer(815301076,1909f56bfc062723c751e8b465ee728b)
Start importing Assets/Resources/MainMenu/GIF_Background/title03.png using Guid(71a11e8a07ca38e48bb5276a4627db54) Importer(815301076,1909f56bfc062723c751e8b465ee728b) (PreviewImporter) -> (artifact id: 'c0026521d1a55b175382f372f254b6a0') in 0.0091939 seconds
Number of updated asset objects reloaded before import = 0Number of asset objects unloaded after import = 3

========================================================================
Received Import Request.
  Time since last request: 0.000017 seconds.
  path: Assets/Resources/MainMenu/GIF_Background/title21.png
  artifactKey: Guid(8a7c83512ae044845939350ad1bc0109) Importer(815301076,1909f56bfc062723c751e8b465ee728b)
Start importing Assets/Resources/MainMenu/GIF_Background/title21.png using Guid(8a7c83512ae044845939350ad1bc0109) Importer(815301076,1909f56bfc062723c751e8b465ee728b) (PreviewImporter) -> (artifact id: 'd9b2dbd01f0584952b7c4235fc32da09') in 0.0154539 seconds
Number of updated asset objects reloaded before import = 0Number of asset objects unloaded after import = 3

========================================================================
Received Import Request.
  Time since last request: 0.000017 seconds.
  path: Assets/Resources/MainMenu/GIF_Background/title13.png
  artifactKey: Guid(0d3033c074a6bed4f8c090695638b709) Importer(815301076,1909f56bfc062723c751e8b465ee728b)
Start importing Assets/Resources/MainMenu/GIF_Background/title13.png using Guid(0d3033c074a6bed4f8c090695638b709) Importer(815301076,1909f56bfc062723c751e8b465ee728b) (PreviewImporter) -> (artifact id: '8472d475f641651dca377c20eab92e3e') in 0.0090923 seconds
Number of updated asset objects reloaded before import = 0Number of asset objects unloaded after import = 3

========================================================================
Received Import Request.
  Time since last request: 0.000016 seconds.
  path: Assets/Resources/MainMenu/GIF_Background/title33.png
  artifactKey: Guid(63fda18cbaecd954fa642c7622d5aaa4) Importer(815301076,1909f56bfc062723c751e8b465ee728b)
Start importing Assets/Resources/MainMenu/GIF_Background/title33.png using Guid(63fda18cbaecd954fa642c7622d5aaa4) Importer(815301076,1909f56bfc062723c751e8b465ee728b) (PreviewImporter) -> (artifact id: '7540e2d3ecee27f8476e1904eef22295') in 0.0152565 seconds
Number of updated asset objects reloaded before import = 0Number of asset objects unloaded after import = 3

========================================================================
Received Import Request.
  Time since last request: 0.000020 seconds.
  path: Assets/Resources/MainMenu/GIF_Background/title31.png
  artifactKey: Guid(e53ace197e3f2114aa61cef5c7538cc4) Importer(815301076,1909f56bfc062723c751e8b465ee728b)
Start importing Assets/Resources/MainMenu/GIF_Background/title31.png using Guid(e53ace197e3f2114aa61cef5c7538cc4) Importer(815301076,1909f56bfc062723c751e8b465ee728b) (PreviewImporter) -> (artifact id: 'c65c22ab152484a76d0568fd9e881648') in 0.0170897 seconds
Number of updated asset objects reloaded before import = 0Number of asset objects unloaded after import = 3

========================================================================
Received Import Request.
  Time since last request: 0.000029 seconds.
  path: Assets/Resources/MainMenu/GIF_Background/title17.png
  artifactKey: Guid(33d9ce14575909d43a3811ffb0d19a86) Importer(815301076,1909f56bfc062723c751e8b465ee728b)
Start importing Assets/Resources/MainMenu/GIF_Background/title17.png using Guid(33d9ce14575909d43a3811ffb0d19a86) Importer(815301076,1909f56bfc062723c751e8b465ee728b) (PreviewImporter) -> (artifact id: 'ccc2422215f2edc9e11987d599d2ebe9') in 0.0085673 seconds
Number of updated asset objects reloaded before import = 0Number of asset objects unloaded after import = 3

========================================================================
Received Import Request.
  Time since last request: 0.000017 seconds.
  path: Assets/Resources/MainMenu/GIF_Background/title01.png
  artifactKey: Guid(a2c413bba8ee94f49a9c255d5b06b717) Importer(815301076,1909f56bfc062723c751e8b465ee728b)
Start importing Assets/Resources/MainMenu/GIF_Background/title01.png using Guid(a2c413bba8ee94f49a9c255d5b06b717) Importer(815301076,1909f56bfc062723c751e8b465ee728b) (PreviewImporter) -> (artifact id: 'abb9162be79775729c7d15c8c48e46fd') in 0.0154868 seconds
Number of updated asset objects reloaded before import = 0Number of asset objects unloaded after import = 3

========================================================================
Received Import Request.
  Time since last request: 0.000016 seconds.
  path: Assets/Resources/MainMenu/GIF_Background/title25.png
  artifactKey: Guid(3bc0ecb4719f4224db0c1f988ae987e5) Importer(815301076,1909f56bfc062723c751e8b465ee728b)
Start importing Assets/Resources/MainMenu/GIF_Background/title25.png using Guid(3bc0ecb4719f4224db0c1f988ae987e5) Importer(815301076,1909f56bfc062723c751e8b465ee728b) (PreviewImporter) -> (artifact id: '9d37c7362ecbaca8310045be8dcdc1d0') in 0.0168068 seconds
Number of updated asset objects reloaded before import = 0Number of asset objects unloaded after import = 3

========================================================================
Received Import Request.
  Time since last request: 0.000018 seconds.
  path: Assets/Resources/MainMenu/GIF_Background/title27.png
  artifactKey: Guid(a2fdb7f6933a8a9428934ba6b6336297) Importer(815301076,1909f56bfc062723c751e8b465ee728b)
Start importing Assets/Resources/MainMenu/GIF_Background/title27.png using Guid(a2fdb7f6933a8a9428934ba6b6336297) Importer(815301076,1909f56bfc062723c751e8b465ee728b) (PreviewImporter) -> (artifact id: '9e68932259001e1068d4f9ff317d9cd8') in 0.0235408 seconds
Number of updated asset objects reloaded before import = 0Number of asset objects unloaded after import = 3

========================================================================
Received Import Request.
  Time since last request: 0.000018 seconds.
  path: Assets/Resources/MainMenu/GIF_Background/title23.png
  artifactKey: Guid(7df6c3b82e5be654187cf259d4fdd3fa) Importer(815301076,1909f56bfc062723c751e8b465ee728b)
Start importing Assets/Resources/MainMenu/GIF_Background/title23.png using Guid(7df6c3b82e5be654187cf259d4fdd3fa) Importer(815301076,1909f56bfc062723c751e8b465ee728b) (PreviewImporter) -> (artifact id: 'b9a3c014104a2db2e0f62f87c60c2beb') in 0.0166588 seconds
Number of updated asset objects reloaded before import = 0Number of asset objects unloaded after import = 3

========================================================================
Received Import Request.
  Time since last request: 0.000020 seconds.
  path: Assets/Resources/MainMenu/GIF_Background/title19.png
  artifactKey: Guid(68a79c97693cc35449300a53ddbf2aeb) Importer(815301076,1909f56bfc062723c751e8b465ee728b)
Start importing Assets/Resources/MainMenu/GIF_Background/title19.png using Guid(68a79c97693cc35449300a53ddbf2aeb) Importer(815301076,1909f56bfc062723c751e8b465ee728b) (PreviewImporter) -> (artifact id: '10c1cd1e06d1d693b15ca7d538ac5d2c') in 0.0170094 seconds
Number of updated asset objects reloaded before import = 0Number of asset objects unloaded after import = 3

========================================================================
Received Import Request.
  Time since last request: 0.000032 seconds.
  path: Assets/Resources/MainMenu/GIF_Background/title18.png
  artifactKey: Guid(f65d9c7b554f0724096abd6d2f2370b9) Importer(815301076,1909f56bfc062723c751e8b465ee728b)
Start importing Assets/Resources/MainMenu/GIF_Background/title18.png using Guid(f65d9c7b554f0724096abd6d2f2370b9) Importer(815301076,1909f56bfc062723c751e8b465ee728b) (PreviewImporter) -> (artifact id: '447e7497e11b51b781bf020b33632aad') in 0.0164537 seconds
Number of updated asset objects reloaded before import = 0Number of asset objects unloaded after import = 3

========================================================================
Received Import Request.
  Time since last request: 0.000017 seconds.
  path: Assets/Resources/MainMenu/GIF_Background/title06.png
  artifactKey: Guid(639fb065c98767a4187e7d42f2b5bd21) Importer(815301076,1909f56bfc062723c751e8b465ee728b)
Start importing Assets/Resources/MainMenu/GIF_Background/title06.png using Guid(639fb065c98767a4187e7d42f2b5bd21) Importer(815301076,1909f56bfc062723c751e8b465ee728b) (PreviewImporter) -> (artifact id: '01014be4668c75a16c5151c7151f8e35') in 0.0088023 seconds
Number of updated asset objects reloaded before import = 0Number of asset objects unloaded after import = 3

========================================================================
Received Import Request.
  Time since last request: 0.000017 seconds.
  path: Assets/Resources/MainMenu/GIF_Background/title29.png
  artifactKey: Guid(f6689d3700ee01a489395eb006d78c14) Importer(815301076,1909f56bfc062723c751e8b465ee728b)
Start importing Assets/Resources/MainMenu/GIF_Background/title29.png using Guid(f6689d3700ee01a489395eb006d78c14) Importer(815301076,1909f56bfc062723c751e8b465ee728b) (PreviewImporter) -> (artifact id: '6eae7ff45090f3b7bf15e7671a6f4bba') in 0.0165464 seconds
Number of updated asset objects reloaded before import = 0Number of asset objects unloaded after import = 3

========================================================================
Received Prepare
Begin MonoManager ReloadAssembly
Duplicate assembly 'log4net.dll' with different versions detected, using 'Assets/Packages/log4net.3.0.4/lib/netstandard2.0/log4net.dll, AssemblyName=log4net, Version=3.0.4.0, Culture=neutral, PublicKeyToken=669e0ddf0bb1aa2a' and ignoring 'Packages/com.unity.collab-proxy/Lib/Editor/log4netPlastic.dll, AssemblyName=log4net, Version=1.2.15.0, Culture=neutral, PublicKeyToken=669e0ddf0bb1aa2a'.Symbol file LoadedFromMemory is not a mono symbol file
- Loaded All Assemblies, in  0.985 seconds
Refreshing native plugins compatible for Editor in 2.21 ms, found 4 plugins.
Native extension for WindowsStandalone target not found
log4net:ERROR Exception while reading ConfigurationSettings. Check your .config file is well formed XML.
System.Configuration.ConfigurationErrorsException: Configuration system failed to initialize ---> System.PlatformNotSupportedException: Operation is not supported on this platform.
  at System.Configuration.ClientConfigPaths..ctor (System.String exePath, System.Boolean includeUserConfig) [0x00050] in <5ae095f7408b4d5cb5cdbfc3d3c31d20>:0 
  at System.Configuration.ClientConfigPaths.GetPaths (System.String exePath, System.Boolean includeUserConfig) [0x00018] in <5ae095f7408b4d5cb5cdbfc3d3c31d20>:0 
  at System.Configuration.ClientConfigurationHost.get_ConfigPaths () [0x0000a] in <5ae095f7408b4d5cb5cdbfc3d3c31d20>:0 
  at System.Configuration.ClientConfigurationHost.GetStreamName (System.String configPath) [0x0006d] in <5ae095f7408b4d5cb5cdbfc3d3c31d20>:0 
  at System.Configuration.ClientConfigurationHost.get_IsAppConfigHttp () [0x00000] in <5ae095f7408b4d5cb5cdbfc3d3c31d20>:0 
  at System.Configuration.Internal.DelegatingConfigHost.get_IsAppConfigHttp () [0x00006] in <5ae095f7408b4d5cb5cdbfc3d3c31d20>:0 
  at System.Configuration.ClientConfigurationSystem..ctor () [0x00051] in <5ae095f7408b4d5cb5cdbfc3d3c31d20>:0 
  at System.Configuration.ConfigurationManager.EnsureConfigurationSystem () [0x00024] in <5ae095f7408b4d5cb5cdbfc3d3c31d20>:0 
   --- End of inner exception stack trace ---
  at System.Configuration.ConfigurationManager.EnsureConfigurationSystem () [0x00060] in <5ae095f7408b4d5cb5cdbfc3d3c31d20>:0 
  at System.Configuration.ConfigurationManager.PrepareConfigSystem () [0x0000a] in <5ae095f7408b4d5cb5cdbfc3d3c31d20>:0 
  at System.Configuration.ConfigurationManager.GetSection (System.String sectionName) [0x0000a] in <5ae095f7408b4d5cb5cdbfc3d3c31d20>:0 
  at System.Configuration.ConfigurationManager.get_AppSettings () [0x00000] in <5ae095f7408b4d5cb5cdbfc3d3c31d20>:0 
  at log4net.Util.SystemInfo.GetAppSetting (System.String key) [0x00000] in <00c34789746b40dda4cd7be2c85ba32f>:0 
log4net:ERROR Exception while reading ConfigurationSettings. Check your .config file is well formed XML.
System.Configuration.ConfigurationErrorsException: Configuration system failed to initialize ---> System.PlatformNotSupportedException: Operation is not supported on this platform.
  at System.Configuration.ClientConfigPaths..ctor (System.String exePath, System.Boolean includeUserConfig) [0x00050] in <5ae095f7408b4d5cb5cdbfc3d3c31d20>:0 
  at System.Configuration.ClientConfigPaths.GetPaths (System.String exePath, System.Boolean includeUserConfig) [0x00018] in <5ae095f7408b4d5cb5cdbfc3d3c31d20>:0 
  at System.Configuration.ClientConfigurationHost.get_ConfigPaths () [0x0000a] in <5ae095f7408b4d5cb5cdbfc3d3c31d20>:0 
  at System.Configuration.ClientConfigurationHost.GetStreamName (System.String configPath) [0x0006d] in <5ae095f7408b4d5cb5cdbfc3d3c31d20>:0 
  at System.Configuration.ClientConfigurationHost.get_IsAppConfigHttp () [0x00000] in <5ae095f7408b4d5cb5cdbfc3d3c31d20>:0 
  at System.Configuration.Internal.DelegatingConfigHost.get_IsAppConfigHttp () [0x00006] in <5ae095f7408b4d5cb5cdbfc3d3c31d20>:0 
  at System.Configuration.ClientConfigurationSystem..ctor () [0x00051] in <5ae095f7408b4d5cb5cdbfc3d3c31d20>:0 
  at System.Configuration.ConfigurationManager.EnsureConfigurationSystem () [0x00024] in <5ae095f7408b4d5cb5cdbfc3d3c31d20>:0 
   --- End of inner exception stack trace ---
  at System.Configuration.ConfigurationManager.PrepareConfigSystem () [0x0001a] in <5ae095f7408b4d5cb5cdbfc3d3c31d20>:0 
  at System.Configuration.ConfigurationManager.GetSection (System.String sectionName) [0x0000a] in <5ae095f7408b4d5cb5cdbfc3d3c31d20>:0 
  at System.Configuration.ConfigurationManager.get_AppSettings () [0x00000] in <5ae095f7408b4d5cb5cdbfc3d3c31d20>:0 
  at log4net.Util.SystemInfo.GetAppSetting (System.String key) [0x00000] in <00c34789746b40dda4cd7be2c85ba32f>:0 
log4net:ERROR Exception while reading ConfigurationSettings. Check your .config file is well formed XML.
System.Configuration.ConfigurationErrorsException: Configuration system failed to initialize ---> System.PlatformNotSupportedException: Operation is not supported on this platform.
  at System.Configuration.ClientConfigPaths..ctor (System.String exePath, System.Boolean includeUserConfig) [0x00050] in <5ae095f7408b4d5cb5cdbfc3d3c31d20>:0 
  at System.Configuration.ClientConfigPaths.GetPaths (System.String exePath, System.Boolean includeUserConfig) [0x00018] in <5ae095f7408b4d5cb5cdbfc3d3c31d20>:0 
  at System.Configuration.ClientConfigurationHost.get_ConfigPaths () [0x0000a] in <5ae095f7408b4d5cb5cdbfc3d3c31d20>:0 
  at System.Configuration.ClientConfigurationHost.GetStreamName (System.String configPath) [0x0006d] in <5ae095f7408b4d5cb5cdbfc3d3c31d20>:0 
  at System.Configuration.ClientConfigurationHost.get_IsAppConfigHttp () [0x00000] in <5ae095f7408b4d5cb5cdbfc3d3c31d20>:0 
  at System.Configuration.Internal.DelegatingConfigHost.get_IsAppConfigHttp () [0x00006] in <5ae095f7408b4d5cb5cdbfc3d3c31d20>:0 
  at System.Configuration.ClientConfigurationSystem..ctor () [0x00051] in <5ae095f7408b4d5cb5cdbfc3d3c31d20>:0 
  at System.Configuration.ConfigurationManager.EnsureConfigurationSystem () [0x00024] in <5ae095f7408b4d5cb5cdbfc3d3c31d20>:0 
   --- End of inner exception stack trace ---
  at System.Configuration.ConfigurationManager.PrepareConfigSystem () [0x0001a] in <5ae095f7408b4d5cb5cdbfc3d3c31d20>:0 
  at System.Configuration.ConfigurationManager.GetSection (System.String sectionName) [0x0000a] in <5ae095f7408b4d5cb5cdbfc3d3c31d20>:0 
  at System.Configuration.ConfigurationManager.get_AppSettings () [0x00000] in <5ae095f7408b4d5cb5cdbfc3d3c31d20>:0 
  at log4net.Util.SystemInfo.GetAppSetting (System.String key) [0x00000] in <00c34789746b40dda4cd7be2c85ba32f>:0 
log4net:ERROR Exception while reading ConfigurationSettings. Check your .config file is well formed XML.
System.Configuration.ConfigurationErrorsException: Configuration system failed to initialize ---> System.PlatformNotSupportedException: Operation is not supported on this platform.
  at System.Configuration.ClientConfigPaths..ctor (System.String exePath, System.Boolean includeUserConfig) [0x00050] in <5ae095f7408b4d5cb5cdbfc3d3c31d20>:0 
  at System.Configuration.ClientConfigPaths.GetPaths (System.String exePath, System.Boolean includeUserConfig) [0x00018] in <5ae095f7408b4d5cb5cdbfc3d3c31d20>:0 
  at System.Configuration.ClientConfigurationHost.get_ConfigPaths () [0x0000a] in <5ae095f7408b4d5cb5cdbfc3d3c31d20>:0 
  at System.Configuration.ClientConfigurationHost.GetStreamName (System.String configPath) [0x0006d] in <5ae095f7408b4d5cb5cdbfc3d3c31d20>:0 
  at System.Configuration.ClientConfigurationHost.get_IsAppConfigHttp () [0x00000] in <5ae095f7408b4d5cb5cdbfc3d3c31d20>:0 
  at System.Configuration.Internal.DelegatingConfigHost.get_IsAppConfigHttp () [0x00006] in <5ae095f7408b4d5cb5cdbfc3d3c31d20>:0 
  at System.Configuration.ClientConfigurationSystem..ctor () [0x00051] in <5ae095f7408b4d5cb5cdbfc3d3c31d20>:0 
  at System.Configuration.ConfigurationManager.EnsureConfigurationSystem () [0x00024] in <5ae095f7408b4d5cb5cdbfc3d3c31d20>:0 
   --- End of inner exception stack trace ---
  at System.Configuration.ConfigurationManager.PrepareConfigSystem () [0x0001a] in <5ae095f7408b4d5cb5cdbfc3d3c31d20>:0 
  at System.Configuration.ConfigurationManager.GetSection (System.String sectionName) [0x0000a] in <5ae095f7408b4d5cb5cdbfc3d3c31d20>:0 
  at System.Configuration.ConfigurationManager.get_AppSettings () [0x00000] in <5ae095f7408b4d5cb5cdbfc3d3c31d20>:0 
  at log4net.Util.SystemInfo.GetAppSetting (System.String key) [0x00000] in <00c34789746b40dda4cd7be2c85ba32f>:0 
log4net:ERROR Exception while reading ConfigurationSettings. Check your .config file is well formed XML.
System.Configuration.ConfigurationErrorsException: Configuration system failed to initialize ---> System.PlatformNotSupportedException: Operation is not supported on this platform.
  at System.Configuration.ClientConfigPaths..ctor (System.String exePath, System.Boolean includeUserConfig) [0x00050] in <5ae095f7408b4d5cb5cdbfc3d3c31d20>:0 
  at System.Configuration.ClientConfigPaths.GetPaths (System.String exePath, System.Boolean includeUserConfig) [0x00018] in <5ae095f7408b4d5cb5cdbfc3d3c31d20>:0 
  at System.Configuration.ClientConfigurationHost.get_ConfigPaths () [0x0000a] in <5ae095f7408b4d5cb5cdbfc3d3c31d20>:0 
  at System.Configuration.ClientConfigurationHost.GetStreamName (System.String configPath) [0x0006d] in <5ae095f7408b4d5cb5cdbfc3d3c31d20>:0 
  at System.Configuration.ClientConfigurationHost.get_IsAppConfigHttp () [0x00000] in <5ae095f7408b4d5cb5cdbfc3d3c31d20>:0 
  at System.Configuration.Internal.DelegatingConfigHost.get_IsAppConfigHttp () [0x00006] in <5ae095f7408b4d5cb5cdbfc3d3c31d20>:0 
  at System.Configuration.ClientConfigurationSystem..ctor () [0x00051] in <5ae095f7408b4d5cb5cdbfc3d3c31d20>:0 
  at System.Configuration.ConfigurationManager.EnsureConfigurationSystem () [0x00024] in <5ae095f7408b4d5cb5cdbfc3d3c31d20>:0 
   --- End of inner exception stack trace ---
  at System.Configuration.ConfigurationManager.PrepareConfigSystem () [0x0001a] in <5ae095f7408b4d5cb5cdbfc3d3c31d20>:0 
  at System.Configuration.ConfigurationManager.GetSection (System.String sectionName) [0x0000a] in <5ae095f7408b4d5cb5cdbfc3d3c31d20>:0 
  at System.Configuration.ConfigurationManager.get_AppSettings () [0x00000] in <5ae095f7408b4d5cb5cdbfc3d3c31d20>:0 
  at log4net.Util.SystemInfo.GetAppSetting (System.String key) [0x00000] in <00c34789746b40dda4cd7be2c85ba32f>:0 
log4net:ERROR Exception while reading ConfigurationSettings. Check your .config file is well formed XML.
System.Configuration.ConfigurationErrorsException: Configuration system failed to initialize ---> System.PlatformNotSupportedException: Operation is not supported on this platform.
  at System.Configuration.ClientConfigPaths..ctor (System.String exePath, System.Boolean includeUserConfig) [0x00050] in <5ae095f7408b4d5cb5cdbfc3d3c31d20>:0 
  at System.Configuration.ClientConfigPaths.GetPaths (System.String exePath, System.Boolean includeUserConfig) [0x00018] in <5ae095f7408b4d5cb5cdbfc3d3c31d20>:0 
  at System.Configuration.ClientConfigurationHost.get_ConfigPaths () [0x0000a] in <5ae095f7408b4d5cb5cdbfc3d3c31d20>:0 
  at System.Configuration.ClientConfigurationHost.GetStreamName (System.String configPath) [0x0006d] in <5ae095f7408b4d5cb5cdbfc3d3c31d20>:0 
  at System.Configuration.ClientConfigurationHost.get_IsAppConfigHttp () [0x00000] in <5ae095f7408b4d5cb5cdbfc3d3c31d20>:0 
  at System.Configuration.Internal.DelegatingConfigHost.get_IsAppConfigHttp () [0x00006] in <5ae095f7408b4d5cb5cdbfc3d3c31d20>:0 
  at System.Configuration.ClientConfigurationSystem..ctor () [0x00051] in <5ae095f7408b4d5cb5cdbfc3d3c31d20>:0 
  at System.Configuration.ConfigurationManager.EnsureConfigurationSystem () [0x00024] in <5ae095f7408b4d5cb5cdbfc3d3c31d20>:0 
   --- End of inner exception stack trace ---
  at System.Configuration.ConfigurationManager.PrepareConfigSystem () [0x0001a] in <5ae095f7408b4d5cb5cdbfc3d3c31d20>:0 
  at System.Configuration.ConfigurationManager.GetSection (System.String sectionName) [0x0000a] in <5ae095f7408b4d5cb5cdbfc3d3c31d20>:0 
  at System.Configuration.ConfigurationManager.get_AppSettings () [0x00000] in <5ae095f7408b4d5cb5cdbfc3d3c31d20>:0 
  at log4net.Util.SystemInfo.GetAppSetting (System.String key) [0x00000] in <00c34789746b40dda4cd7be2c85ba32f>:0 
log4net:ERROR Exception while reading ConfigurationSettings. Check your .config file is well formed XML.
System.Configuration.ConfigurationErrorsException: Configuration system failed to initialize ---> System.PlatformNotSupportedException: Operation is not supported on this platform.
  at System.Configuration.ClientConfigPaths..ctor (System.String exePath, System.Boolean includeUserConfig) [0x00050] in <5ae095f7408b4d5cb5cdbfc3d3c31d20>:0 
  at System.Configuration.ClientConfigPaths.GetPaths (System.String exePath, System.Boolean includeUserConfig) [0x00018] in <5ae095f7408b4d5cb5cdbfc3d3c31d20>:0 
  at System.Configuration.ClientConfigurationHost.get_ConfigPaths () [0x0000a] in <5ae095f7408b4d5cb5cdbfc3d3c31d20>:0 
  at System.Configuration.ClientConfigurationHost.GetStreamName (System.String configPath) [0x0006d] in <5ae095f7408b4d5cb5cdbfc3d3c31d20>:0 
  at System.Configuration.ClientConfigurationHost.get_IsAppConfigHttp () [0x00000] in <5ae095f7408b4d5cb5cdbfc3d3c31d20>:0 
  at System.Configuration.Internal.DelegatingConfigHost.get_IsAppConfigHttp () [0x00006] in <5ae095f7408b4d5cb5cdbfc3d3c31d20>:0 
  at System.Configuration.ClientConfigurationSystem..ctor () [0x00051] in <5ae095f7408b4d5cb5cdbfc3d3c31d20>:0 
  at System.Configuration.ConfigurationManager.EnsureConfigurationSystem () [0x00024] in <5ae095f7408b4d5cb5cdbfc3d3c31d20>:0 
   --- End of inner exception stack trace ---
  at System.Configuration.ConfigurationManager.PrepareConfigSystem () [0x0001a] in <5ae095f7408b4d5cb5cdbfc3d3c31d20>:0 
  at System.Configuration.ConfigurationManager.GetSection (System.String sectionName) [0x0000a] in <5ae095f7408b4d5cb5cdbfc3d3c31d20>:0 
  at System.Configuration.ConfigurationManager.get_AppSettings () [0x00000] in <5ae095f7408b4d5cb5cdbfc3d3c31d20>:0 
  at log4net.Util.SystemInfo.GetAppSetting (System.String key) [0x00000] in <00c34789746b40dda4cd7be2c85ba32f>:0 
Mono: successfully reloaded assembly
- Finished resetting the current domain, in  1.178 seconds
Domain Reload Profiling: 2163ms
	BeginReloadAssembly (233ms)
		ExecutionOrderSort (0ms)
		DisableScriptedObjects (17ms)
		BackupInstance (0ms)
		ReleaseScriptingObjects (0ms)
		CreateAndSetChildDomain (59ms)
	RebuildCommonClasses (41ms)
	RebuildNativeTypeToScriptingClass (16ms)
	initialDomainReloadingComplete (35ms)
	LoadAllAssembliesAndSetupDomain (659ms)
		LoadAssemblies (472ms)
		RebuildTransferFunctionScriptingTraits (0ms)
		AnalyzeDomain (306ms)
			TypeCache.Refresh (10ms)
				TypeCache.ScanAssembly (0ms)
			BuildScriptInfoCaches (277ms)
			ResolveRequiredComponents (14ms)
	FinalizeReload (1179ms)
		ReleaseScriptCaches (0ms)
		RebuildScriptCaches (0ms)
		SetupLoadedEditorAssemblies (924ms)
			LogAssemblyErrors (0ms)
			InitializePlatformSupportModulesInManaged (3ms)
			SetLoadedEditorAssemblies (5ms)
			BeforeProcessingInitializeOnLoad (171ms)
			ProcessInitializeOnLoadAttributes (622ms)
			ProcessInitializeOnLoadMethodAttributes (119ms)
			AfterProcessingInitializeOnLoad (4ms)
			EditorAssembliesLoaded (0ms)
		ExecutionOrderSort2 (0ms)
		AwakeInstancesAfterBackupRestoration (24ms)
Refreshing native plugins compatible for Editor in 2.45 ms, found 4 plugins.
Preloading 0 native plugins for Editor in 0.00 ms.
Unloading 13 Unused Serialized files (Serialized files now loaded: 0)
Unloading 6681 unused Assets / (4.8 MB). Loaded Objects now: 7368.
Memory consumption went from 152.0 MB to 147.1 MB.
Total: 11.300100 ms (FindLiveObjects: 0.969000 ms CreateObjectMapping: 0.948500 ms MarkObjects: 6.113900 ms  DeleteObjects: 3.267000 ms)

Prepare: number of updated asset objects reloaded= 0
Editor requested this worker to shutdown with reason: Scaling down because of idle timeout
AssetImportWorker is now disconnected from the server
Process exiting
Exiting without the bug reporter. Application will terminate with return code 0