Using pre-set license
Built from '6000.0/staging' branch; Version is '6000.0.32f1 (b2e806cf271c) revision 11724806'; Using compiler version '193933523'; Build Type 'Release'
OS: 'Windows 10  (10.0.19045) 64bit CoreSingleLanguage' Language: 'ru' Physical Memory: 32509 MB
BatchMode: 1, IsHumanControllingUs: 0, StartBugReporterOnCrash: 0, Is64bit: 1, IsPro: 1

COMMAND LINE ARGUMENTS:
D:\Unity\6000.0.32f1\Editor\Unity.exe
-adb2
-batchMode
-noUpm
-name
AssetImportWorker11
-projectPath
C:/Users/user/Documents/Mindmap/RougeLight/Rouge Light Project
-logFile
Logs/AssetImportWorker11.log
-srvPort
53924
-job-worker-count
9
-background-job-worker-count
8
-gc-helper-count
1
Successfully changed project path to: C:/Users/user/Documents/Mindmap/RougeLight/Rouge Light Project
C:/Users/user/Documents/Mindmap/RougeLight/Rouge Light Project
[UnityMemory] Configuration Parameters - Can be set up in boot.config
    "memorysetup-bucket-allocator-granularity=16"
    "memorysetup-bucket-allocator-bucket-count=8"
    "memorysetup-bucket-allocator-block-size=33554432"
    "memorysetup-bucket-allocator-block-count=8"
    "memorysetup-main-allocator-block-size=16777216"
    "memorysetup-thread-allocator-block-size=16777216"
    "memorysetup-gfx-main-allocator-block-size=16777216"
    "memorysetup-gfx-thread-allocator-block-size=16777216"
    "memorysetup-cache-allocator-block-size=4194304"
    "memorysetup-typetree-allocator-block-size=2097152"
    "memorysetup-profiler-bucket-allocator-granularity=16"
    "memorysetup-profiler-bucket-allocator-bucket-count=8"
    "memorysetup-profiler-bucket-allocator-block-size=33554432"
    "memorysetup-profiler-bucket-allocator-block-count=8"
    "memorysetup-profiler-allocator-block-size=16777216"
    "memorysetup-profiler-editor-allocator-block-size=1048576"
    "memorysetup-temp-allocator-size-main=16777216"
    "memorysetup-job-temp-allocator-block-size=2097152"
    "memorysetup-job-temp-allocator-block-size-background=1048576"
    "memorysetup-job-temp-allocator-reduction-small-platforms=262144"
    "memorysetup-allocator-temp-initial-block-size-main=262144"
    "memorysetup-allocator-temp-initial-block-size-worker=262144"
    "memorysetup-temp-allocator-size-background-worker=32768"
    "memorysetup-temp-allocator-size-job-worker=262144"
    "memorysetup-temp-allocator-size-preload-manager=33554432"
    "memorysetup-temp-allocator-size-nav-mesh-worker=65536"
    "memorysetup-temp-allocator-size-audio-worker=65536"
    "memorysetup-temp-allocator-size-cloud-worker=32768"
    "memorysetup-temp-allocator-size-gi-baking-worker=262144"
    "memorysetup-temp-allocator-size-gi-baking-worker=262144"
    "memorysetup-temp-allocator-size-gi-baking-worker=262144"
    "memorysetup-temp-allocator-size-gi-baking-worker=262144"
    "memorysetup-temp-allocator-size-gi-baking-worker=262144"
    "memorysetup-temp-allocator-size-gfx=262144"
Player connection [36636]  Target information:

Player connection [36636]  * "[IP] 192.168.1.105 [Port] 0 [Flags] 2 [Guid] 4121052704 [EditorId] 4121052704 [Version] 1048832 [Id] WindowsEditor(7,GreenDesc) [Debug] 1 [PackageName] WindowsEditor [ProjectName] Editor" 

Player connection [36636] Host joined multi-casting on [225.0.0.222:54997]...
Player connection [36636] Host joined alternative multi-casting on [225.0.0.222:34997]...
JobSystem: Creating JobQueue using job-worker-count value 9
[Physics::Module] Initialized fallback backend.
[Physics::Module] Id: 0xdecafbad
Library Redirect Path: Library/
[Physics::Module] Selected backend.
[Physics::Module] Name: PhysX
[Physics::Module] Id: 0xf2b8ea05
[Physics::Module] SDK Version: 4.1.2
[Physics::Module] Integration Version: 1.0.0
[Physics::Module] Threading Mode: Multi-Threaded
Refreshing native plugins compatible for Editor in 3.89 ms, found 4 plugins.
Preloading 0 native plugins for Editor in 0.00 ms.
Initialize engine version: 6000.0.32f1 (b2e806cf271c)
[Subsystems] Discovering subsystems at path D:/Unity/6000.0.32f1/Editor/Data/Resources/UnitySubsystems
[Subsystems] Discovering subsystems at path C:/Users/user/Documents/Mindmap/RougeLight/Rouge Light Project/Assets
GfxDevice: creating device client; kGfxThreadingModeNonThreaded
Direct3D:
    Version:  Direct3D 11.0 [level 11.1]
    Renderer: NVIDIA GeForce RTX 3070 Ti (ID=0x2482)
    Vendor:   NVIDIA
    VRAM:     8017 MB
    Driver:   32.0.15.6636
Initialize mono
Mono path[0] = 'D:/Unity/6000.0.32f1/Editor/Data/Managed'
Mono path[1] = 'D:/Unity/6000.0.32f1/Editor/Data/MonoBleedingEdge/lib/mono/unityjit-win32'
Mono config path = 'D:/Unity/6000.0.32f1/Editor/Data/MonoBleedingEdge/etc'
Using monoOptions --debugger-agent=transport=dt_socket,embedding=1,server=y,suspend=n,address=127.0.0.1:56260
Begin MonoManager ReloadAssembly
Registering precompiled unity dll's ...
Register platform support module: D:/Unity/6000.0.32f1/Editor/Data/PlaybackEngines/WindowsStandaloneSupport/UnityEditor.WindowsStandalone.Extensions.dll
Registered in 0.002493 seconds.
- Loaded All Assemblies, in  0.446 seconds
Native extension for WindowsStandalone target not found
Mono: successfully reloaded assembly
- Finished resetting the current domain, in  0.371 seconds
Domain Reload Profiling: 816ms
	BeginReloadAssembly (162ms)
		ExecutionOrderSort (0ms)
		DisableScriptedObjects (0ms)
		BackupInstance (0ms)
		ReleaseScriptingObjects (0ms)
		CreateAndSetChildDomain (1ms)
	RebuildCommonClasses (45ms)
	RebuildNativeTypeToScriptingClass (17ms)
	initialDomainReloadingComplete (58ms)
	LoadAllAssembliesAndSetupDomain (164ms)
		LoadAssemblies (161ms)
		RebuildTransferFunctionScriptingTraits (0ms)
		AnalyzeDomain (160ms)
			TypeCache.Refresh (158ms)
				TypeCache.ScanAssembly (144ms)
			BuildScriptInfoCaches (0ms)
			ResolveRequiredComponents (1ms)
	FinalizeReload (371ms)
		ReleaseScriptCaches (0ms)
		RebuildScriptCaches (0ms)
		SetupLoadedEditorAssemblies (321ms)
			LogAssemblyErrors (0ms)
			InitializePlatformSupportModulesInManaged (28ms)
			SetLoadedEditorAssemblies (5ms)
			BeforeProcessingInitializeOnLoad (62ms)
			ProcessInitializeOnLoadAttributes (168ms)
			ProcessInitializeOnLoadMethodAttributes (59ms)
			AfterProcessingInitializeOnLoad (0ms)
			EditorAssembliesLoaded (0ms)
		ExecutionOrderSort2 (0ms)
		AwakeInstancesAfterBackupRestoration (0ms)
========================================================================
Worker process is ready to serve import requests
Import Worker Mode flag is 0x00
Begin MonoManager ReloadAssembly
Duplicate assembly 'log4net.dll' with different versions detected, using 'Assets/Packages/log4net.3.0.4/lib/netstandard2.0/log4net.dll, AssemblyName=log4net, Version=3.0.4.0, Culture=neutral, PublicKeyToken=669e0ddf0bb1aa2a' and ignoring 'Packages/com.unity.collab-proxy/Lib/Editor/log4netPlastic.dll, AssemblyName=log4net, Version=1.2.15.0, Culture=neutral, PublicKeyToken=669e0ddf0bb1aa2a'.Symbol file LoadedFromMemory is not a mono symbol file
- Loaded All Assemblies, in  0.990 seconds
Refreshing native plugins compatible for Editor in 1.92 ms, found 4 plugins.
Native extension for WindowsStandalone target not found
log4net:ERROR Exception while reading ConfigurationSettings. Check your .config file is well formed XML.
System.Configuration.ConfigurationErrorsException: Configuration system failed to initialize ---> System.PlatformNotSupportedException: Operation is not supported on this platform.
  at System.Configuration.ClientConfigPaths..ctor (System.String exePath, System.Boolean includeUserConfig) [0x00050] in <5ae095f7408b4d5cb5cdbfc3d3c31d20>:0 
  at System.Configuration.ClientConfigPaths.GetPaths (System.String exePath, System.Boolean includeUserConfig) [0x00018] in <5ae095f7408b4d5cb5cdbfc3d3c31d20>:0 
  at System.Configuration.ClientConfigurationHost.get_ConfigPaths () [0x0000a] in <5ae095f7408b4d5cb5cdbfc3d3c31d20>:0 
  at System.Configuration.ClientConfigurationHost.GetStreamName (System.String configPath) [0x0006d] in <5ae095f7408b4d5cb5cdbfc3d3c31d20>:0 
  at System.Configuration.ClientConfigurationHost.get_IsAppConfigHttp () [0x00000] in <5ae095f7408b4d5cb5cdbfc3d3c31d20>:0 
  at System.Configuration.Internal.DelegatingConfigHost.get_IsAppConfigHttp () [0x00006] in <5ae095f7408b4d5cb5cdbfc3d3c31d20>:0 
  at System.Configuration.ClientConfigurationSystem..ctor () [0x00051] in <5ae095f7408b4d5cb5cdbfc3d3c31d20>:0 
  at System.Configuration.ConfigurationManager.EnsureConfigurationSystem () [0x00024] in <5ae095f7408b4d5cb5cdbfc3d3c31d20>:0 
   --- End of inner exception stack trace ---
  at System.Configuration.ConfigurationManager.EnsureConfigurationSystem () [0x00060] in <5ae095f7408b4d5cb5cdbfc3d3c31d20>:0 
  at System.Configuration.ConfigurationManager.PrepareConfigSystem () [0x0000a] in <5ae095f7408b4d5cb5cdbfc3d3c31d20>:0 
  at System.Configuration.ConfigurationManager.GetSection (System.String sectionName) [0x0000a] in <5ae095f7408b4d5cb5cdbfc3d3c31d20>:0 
  at System.Configuration.ConfigurationManager.get_AppSettings () [0x00000] in <5ae095f7408b4d5cb5cdbfc3d3c31d20>:0 
  at log4net.Util.SystemInfo.GetAppSetting (System.String key) [0x00000] in <00c34789746b40dda4cd7be2c85ba32f>:0 
log4net:ERROR Exception while reading ConfigurationSettings. Check your .config file is well formed XML.
System.Configuration.ConfigurationErrorsException: Configuration system failed to initialize ---> System.PlatformNotSupportedException: Operation is not supported on this platform.
  at System.Configuration.ClientConfigPaths..ctor (System.String exePath, System.Boolean includeUserConfig) [0x00050] in <5ae095f7408b4d5cb5cdbfc3d3c31d20>:0 
  at System.Configuration.ClientConfigPaths.GetPaths (System.String exePath, System.Boolean includeUserConfig) [0x00018] in <5ae095f7408b4d5cb5cdbfc3d3c31d20>:0 
  at System.Configuration.ClientConfigurationHost.get_ConfigPaths () [0x0000a] in <5ae095f7408b4d5cb5cdbfc3d3c31d20>:0 
  at System.Configuration.ClientConfigurationHost.GetStreamName (System.String configPath) [0x0006d] in <5ae095f7408b4d5cb5cdbfc3d3c31d20>:0 
  at System.Configuration.ClientConfigurationHost.get_IsAppConfigHttp () [0x00000] in <5ae095f7408b4d5cb5cdbfc3d3c31d20>:0 
  at System.Configuration.Internal.DelegatingConfigHost.get_IsAppConfigHttp () [0x00006] in <5ae095f7408b4d5cb5cdbfc3d3c31d20>:0 
  at System.Configuration.ClientConfigurationSystem..ctor () [0x00051] in <5ae095f7408b4d5cb5cdbfc3d3c31d20>:0 
  at System.Configuration.ConfigurationManager.EnsureConfigurationSystem () [0x00024] in <5ae095f7408b4d5cb5cdbfc3d3c31d20>:0 
   --- End of inner exception stack trace ---
  at System.Configuration.ConfigurationManager.PrepareConfigSystem () [0x0001a] in <5ae095f7408b4d5cb5cdbfc3d3c31d20>:0 
  at System.Configuration.ConfigurationManager.GetSection (System.String sectionName) [0x0000a] in <5ae095f7408b4d5cb5cdbfc3d3c31d20>:0 
  at System.Configuration.ConfigurationManager.get_AppSettings () [0x00000] in <5ae095f7408b4d5cb5cdbfc3d3c31d20>:0 
  at log4net.Util.SystemInfo.GetAppSetting (System.String key) [0x00000] in <00c34789746b40dda4cd7be2c85ba32f>:0 
log4net:ERROR Exception while reading ConfigurationSettings. Check your .config file is well formed XML.
System.Configuration.ConfigurationErrorsException: Configuration system failed to initialize ---> System.PlatformNotSupportedException: Operation is not supported on this platform.
  at System.Configuration.ClientConfigPaths..ctor (System.String exePath, System.Boolean includeUserConfig) [0x00050] in <5ae095f7408b4d5cb5cdbfc3d3c31d20>:0 
  at System.Configuration.ClientConfigPaths.GetPaths (System.String exePath, System.Boolean includeUserConfig) [0x00018] in <5ae095f7408b4d5cb5cdbfc3d3c31d20>:0 
  at System.Configuration.ClientConfigurationHost.get_ConfigPaths () [0x0000a] in <5ae095f7408b4d5cb5cdbfc3d3c31d20>:0 
  at System.Configuration.ClientConfigurationHost.GetStreamName (System.String configPath) [0x0006d] in <5ae095f7408b4d5cb5cdbfc3d3c31d20>:0 
  at System.Configuration.ClientConfigurationHost.get_IsAppConfigHttp () [0x00000] in <5ae095f7408b4d5cb5cdbfc3d3c31d20>:0 
  at System.Configuration.Internal.DelegatingConfigHost.get_IsAppConfigHttp () [0x00006] in <5ae095f7408b4d5cb5cdbfc3d3c31d20>:0 
  at System.Configuration.ClientConfigurationSystem..ctor () [0x00051] in <5ae095f7408b4d5cb5cdbfc3d3c31d20>:0 
  at System.Configuration.ConfigurationManager.EnsureConfigurationSystem () [0x00024] in <5ae095f7408b4d5cb5cdbfc3d3c31d20>:0 
   --- End of inner exception stack trace ---
  at System.Configuration.ConfigurationManager.PrepareConfigSystem () [0x0001a] in <5ae095f7408b4d5cb5cdbfc3d3c31d20>:0 
  at System.Configuration.ConfigurationManager.GetSection (System.String sectionName) [0x0000a] in <5ae095f7408b4d5cb5cdbfc3d3c31d20>:0 
  at System.Configuration.ConfigurationManager.get_AppSettings () [0x00000] in <5ae095f7408b4d5cb5cdbfc3d3c31d20>:0 
  at log4net.Util.SystemInfo.GetAppSetting (System.String key) [0x00000] in <00c34789746b40dda4cd7be2c85ba32f>:0 
log4net:ERROR Exception while reading ConfigurationSettings. Check your .config file is well formed XML.
System.Configuration.ConfigurationErrorsException: Configuration system failed to initialize ---> System.PlatformNotSupportedException: Operation is not supported on this platform.
  at System.Configuration.ClientConfigPaths..ctor (System.String exePath, System.Boolean includeUserConfig) [0x00050] in <5ae095f7408b4d5cb5cdbfc3d3c31d20>:0 
  at System.Configuration.ClientConfigPaths.GetPaths (System.String exePath, System.Boolean includeUserConfig) [0x00018] in <5ae095f7408b4d5cb5cdbfc3d3c31d20>:0 
  at System.Configuration.ClientConfigurationHost.get_ConfigPaths () [0x0000a] in <5ae095f7408b4d5cb5cdbfc3d3c31d20>:0 
  at System.Configuration.ClientConfigurationHost.GetStreamName (System.String configPath) [0x0006d] in <5ae095f7408b4d5cb5cdbfc3d3c31d20>:0 
  at System.Configuration.ClientConfigurationHost.get_IsAppConfigHttp () [0x00000] in <5ae095f7408b4d5cb5cdbfc3d3c31d20>:0 
  at System.Configuration.Internal.DelegatingConfigHost.get_IsAppConfigHttp () [0x00006] in <5ae095f7408b4d5cb5cdbfc3d3c31d20>:0 
  at System.Configuration.ClientConfigurationSystem..ctor () [0x00051] in <5ae095f7408b4d5cb5cdbfc3d3c31d20>:0 
  at System.Configuration.ConfigurationManager.EnsureConfigurationSystem () [0x00024] in <5ae095f7408b4d5cb5cdbfc3d3c31d20>:0 
   --- End of inner exception stack trace ---
  at System.Configuration.ConfigurationManager.PrepareConfigSystem () [0x0001a] in <5ae095f7408b4d5cb5cdbfc3d3c31d20>:0 
  at System.Configuration.ConfigurationManager.GetSection (System.String sectionName) [0x0000a] in <5ae095f7408b4d5cb5cdbfc3d3c31d20>:0 
  at System.Configuration.ConfigurationManager.get_AppSettings () [0x00000] in <5ae095f7408b4d5cb5cdbfc3d3c31d20>:0 
  at log4net.Util.SystemInfo.GetAppSetting (System.String key) [0x00000] in <00c34789746b40dda4cd7be2c85ba32f>:0 
log4net:ERROR Exception while reading ConfigurationSettings. Check your .config file is well formed XML.
System.Configuration.ConfigurationErrorsException: Configuration system failed to initialize ---> System.PlatformNotSupportedException: Operation is not supported on this platform.
  at System.Configuration.ClientConfigPaths..ctor (System.String exePath, System.Boolean includeUserConfig) [0x00050] in <5ae095f7408b4d5cb5cdbfc3d3c31d20>:0 
  at System.Configuration.ClientConfigPaths.GetPaths (System.String exePath, System.Boolean includeUserConfig) [0x00018] in <5ae095f7408b4d5cb5cdbfc3d3c31d20>:0 
  at System.Configuration.ClientConfigurationHost.get_ConfigPaths () [0x0000a] in <5ae095f7408b4d5cb5cdbfc3d3c31d20>:0 
  at System.Configuration.ClientConfigurationHost.GetStreamName (System.String configPath) [0x0006d] in <5ae095f7408b4d5cb5cdbfc3d3c31d20>:0 
  at System.Configuration.ClientConfigurationHost.get_IsAppConfigHttp () [0x00000] in <5ae095f7408b4d5cb5cdbfc3d3c31d20>:0 
  at System.Configuration.Internal.DelegatingConfigHost.get_IsAppConfigHttp () [0x00006] in <5ae095f7408b4d5cb5cdbfc3d3c31d20>:0 
  at System.Configuration.ClientConfigurationSystem..ctor () [0x00051] in <5ae095f7408b4d5cb5cdbfc3d3c31d20>:0 
  at System.Configuration.ConfigurationManager.EnsureConfigurationSystem () [0x00024] in <5ae095f7408b4d5cb5cdbfc3d3c31d20>:0 
   --- End of inner exception stack trace ---
  at System.Configuration.ConfigurationManager.PrepareConfigSystem () [0x0001a] in <5ae095f7408b4d5cb5cdbfc3d3c31d20>:0 
  at System.Configuration.ConfigurationManager.GetSection (System.String sectionName) [0x0000a] in <5ae095f7408b4d5cb5cdbfc3d3c31d20>:0 
  at System.Configuration.ConfigurationManager.get_AppSettings () [0x00000] in <5ae095f7408b4d5cb5cdbfc3d3c31d20>:0 
  at log4net.Util.SystemInfo.GetAppSetting (System.String key) [0x00000] in <00c34789746b40dda4cd7be2c85ba32f>:0 
log4net:ERROR Exception while reading ConfigurationSettings. Check your .config file is well formed XML.
System.Configuration.ConfigurationErrorsException: Configuration system failed to initialize ---> System.PlatformNotSupportedException: Operation is not supported on this platform.
  at System.Configuration.ClientConfigPaths..ctor (System.String exePath, System.Boolean includeUserConfig) [0x00050] in <5ae095f7408b4d5cb5cdbfc3d3c31d20>:0 
  at System.Configuration.ClientConfigPaths.GetPaths (System.String exePath, System.Boolean includeUserConfig) [0x00018] in <5ae095f7408b4d5cb5cdbfc3d3c31d20>:0 
  at System.Configuration.ClientConfigurationHost.get_ConfigPaths () [0x0000a] in <5ae095f7408b4d5cb5cdbfc3d3c31d20>:0 
  at System.Configuration.ClientConfigurationHost.GetStreamName (System.String configPath) [0x0006d] in <5ae095f7408b4d5cb5cdbfc3d3c31d20>:0 
  at System.Configuration.ClientConfigurationHost.get_IsAppConfigHttp () [0x00000] in <5ae095f7408b4d5cb5cdbfc3d3c31d20>:0 
  at System.Configuration.Internal.DelegatingConfigHost.get_IsAppConfigHttp () [0x00006] in <5ae095f7408b4d5cb5cdbfc3d3c31d20>:0 
  at System.Configuration.ClientConfigurationSystem..ctor () [0x00051] in <5ae095f7408b4d5cb5cdbfc3d3c31d20>:0 
  at System.Configuration.ConfigurationManager.EnsureConfigurationSystem () [0x00024] in <5ae095f7408b4d5cb5cdbfc3d3c31d20>:0 
   --- End of inner exception stack trace ---
  at System.Configuration.ConfigurationManager.PrepareConfigSystem () [0x0001a] in <5ae095f7408b4d5cb5cdbfc3d3c31d20>:0 
  at System.Configuration.ConfigurationManager.GetSection (System.String sectionName) [0x0000a] in <5ae095f7408b4d5cb5cdbfc3d3c31d20>:0 
  at System.Configuration.ConfigurationManager.get_AppSettings () [0x00000] in <5ae095f7408b4d5cb5cdbfc3d3c31d20>:0 
  at log4net.Util.SystemInfo.GetAppSetting (System.String key) [0x00000] in <00c34789746b40dda4cd7be2c85ba32f>:0 
log4net:ERROR Exception while reading ConfigurationSettings. Check your .config file is well formed XML.
System.Configuration.ConfigurationErrorsException: Configuration system failed to initialize ---> System.PlatformNotSupportedException: Operation is not supported on this platform.
  at System.Configuration.ClientConfigPaths..ctor (System.String exePath, System.Boolean includeUserConfig) [0x00050] in <5ae095f7408b4d5cb5cdbfc3d3c31d20>:0 
  at System.Configuration.ClientConfigPaths.GetPaths (System.String exePath, System.Boolean includeUserConfig) [0x00018] in <5ae095f7408b4d5cb5cdbfc3d3c31d20>:0 
  at System.Configuration.ClientConfigurationHost.get_ConfigPaths () [0x0000a] in <5ae095f7408b4d5cb5cdbfc3d3c31d20>:0 
  at System.Configuration.ClientConfigurationHost.GetStreamName (System.String configPath) [0x0006d] in <5ae095f7408b4d5cb5cdbfc3d3c31d20>:0 
  at System.Configuration.ClientConfigurationHost.get_IsAppConfigHttp () [0x00000] in <5ae095f7408b4d5cb5cdbfc3d3c31d20>:0 
  at System.Configuration.Internal.DelegatingConfigHost.get_IsAppConfigHttp () [0x00006] in <5ae095f7408b4d5cb5cdbfc3d3c31d20>:0 
  at System.Configuration.ClientConfigurationSystem..ctor () [0x00051] in <5ae095f7408b4d5cb5cdbfc3d3c31d20>:0 
  at System.Configuration.ConfigurationManager.EnsureConfigurationSystem () [0x00024] in <5ae095f7408b4d5cb5cdbfc3d3c31d20>:0 
   --- End of inner exception stack trace ---
  at System.Configuration.ConfigurationManager.PrepareConfigSystem () [0x0001a] in <5ae095f7408b4d5cb5cdbfc3d3c31d20>:0 
  at System.Configuration.ConfigurationManager.GetSection (System.String sectionName) [0x0000a] in <5ae095f7408b4d5cb5cdbfc3d3c31d20>:0 
  at System.Configuration.ConfigurationManager.get_AppSettings () [0x00000] in <5ae095f7408b4d5cb5cdbfc3d3c31d20>:0 
  at log4net.Util.SystemInfo.GetAppSetting (System.String key) [0x00000] in <00c34789746b40dda4cd7be2c85ba32f>:0 
Mono: successfully reloaded assembly
- Finished resetting the current domain, in  1.009 seconds
Domain Reload Profiling: 1996ms
	BeginReloadAssembly (171ms)
		ExecutionOrderSort (0ms)
		DisableScriptedObjects (8ms)
		BackupInstance (0ms)
		ReleaseScriptingObjects (0ms)
		CreateAndSetChildDomain (27ms)
	RebuildCommonClasses (39ms)
	RebuildNativeTypeToScriptingClass (14ms)
	initialDomainReloadingComplete (47ms)
	LoadAllAssembliesAndSetupDomain (715ms)
		LoadAssemblies (431ms)
		RebuildTransferFunctionScriptingTraits (0ms)
		AnalyzeDomain (383ms)
			TypeCache.Refresh (255ms)
				TypeCache.ScanAssembly (232ms)
			BuildScriptInfoCaches (111ms)
			ResolveRequiredComponents (13ms)
	FinalizeReload (1010ms)
		ReleaseScriptCaches (0ms)
		RebuildScriptCaches (0ms)
		SetupLoadedEditorAssemblies (851ms)
			LogAssemblyErrors (0ms)
			InitializePlatformSupportModulesInManaged (3ms)
			SetLoadedEditorAssemblies (5ms)
			BeforeProcessingInitializeOnLoad (127ms)
			ProcessInitializeOnLoadAttributes (588ms)
			ProcessInitializeOnLoadMethodAttributes (127ms)
			AfterProcessingInitializeOnLoad (2ms)
			EditorAssembliesLoaded (0ms)
		ExecutionOrderSort2 (0ms)
		AwakeInstancesAfterBackupRestoration (7ms)
Launched and connected shader compiler UnityShaderCompiler.exe after 0.01 seconds
Refreshing native plugins compatible for Editor in 1.95 ms, found 4 plugins.
Preloading 0 native plugins for Editor in 0.00 ms.
Unloading 219 Unused Serialized files (Serialized files now loaded: 0)
Unloading 6683 unused Assets / (4.4 MB). Loaded Objects now: 7351.
Memory consumption went from 177.9 MB to 173.5 MB.
Total: 8.154900 ms (FindLiveObjects: 0.818500 ms CreateObjectMapping: 0.433500 ms MarkObjects: 4.955100 ms  DeleteObjects: 1.946400 ms)

========================================================================
Received Prepare
Begin MonoManager ReloadAssembly
Duplicate assembly 'log4net.dll' with different versions detected, using 'Assets/Packages/log4net.3.0.4/lib/netstandard2.0/log4net.dll, AssemblyName=log4net, Version=3.0.4.0, Culture=neutral, PublicKeyToken=669e0ddf0bb1aa2a' and ignoring 'Packages/com.unity.collab-proxy/Lib/Editor/log4netPlastic.dll, AssemblyName=log4net, Version=1.2.15.0, Culture=neutral, PublicKeyToken=669e0ddf0bb1aa2a'.Symbol file LoadedFromMemory is not a mono symbol file
- Loaded All Assemblies, in  0.997 seconds
Refreshing native plugins compatible for Editor in 2.06 ms, found 4 plugins.
Native extension for WindowsStandalone target not found
log4net:ERROR Exception while reading ConfigurationSettings. Check your .config file is well formed XML.
System.Configuration.ConfigurationErrorsException: Configuration system failed to initialize ---> System.PlatformNotSupportedException: Operation is not supported on this platform.
  at System.Configuration.ClientConfigPaths..ctor (System.String exePath, System.Boolean includeUserConfig) [0x00050] in <5ae095f7408b4d5cb5cdbfc3d3c31d20>:0 
  at System.Configuration.ClientConfigPaths.GetPaths (System.String exePath, System.Boolean includeUserConfig) [0x00018] in <5ae095f7408b4d5cb5cdbfc3d3c31d20>:0 
  at System.Configuration.ClientConfigurationHost.get_ConfigPaths () [0x0000a] in <5ae095f7408b4d5cb5cdbfc3d3c31d20>:0 
  at System.Configuration.ClientConfigurationHost.GetStreamName (System.String configPath) [0x0006d] in <5ae095f7408b4d5cb5cdbfc3d3c31d20>:0 
  at System.Configuration.ClientConfigurationHost.get_IsAppConfigHttp () [0x00000] in <5ae095f7408b4d5cb5cdbfc3d3c31d20>:0 
  at System.Configuration.Internal.DelegatingConfigHost.get_IsAppConfigHttp () [0x00006] in <5ae095f7408b4d5cb5cdbfc3d3c31d20>:0 
  at System.Configuration.ClientConfigurationSystem..ctor () [0x00051] in <5ae095f7408b4d5cb5cdbfc3d3c31d20>:0 
  at System.Configuration.ConfigurationManager.EnsureConfigurationSystem () [0x00024] in <5ae095f7408b4d5cb5cdbfc3d3c31d20>:0 
   --- End of inner exception stack trace ---
  at System.Configuration.ConfigurationManager.EnsureConfigurationSystem () [0x00060] in <5ae095f7408b4d5cb5cdbfc3d3c31d20>:0 
  at System.Configuration.ConfigurationManager.PrepareConfigSystem () [0x0000a] in <5ae095f7408b4d5cb5cdbfc3d3c31d20>:0 
  at System.Configuration.ConfigurationManager.GetSection (System.String sectionName) [0x0000a] in <5ae095f7408b4d5cb5cdbfc3d3c31d20>:0 
  at System.Configuration.ConfigurationManager.get_AppSettings () [0x00000] in <5ae095f7408b4d5cb5cdbfc3d3c31d20>:0 
  at log4net.Util.SystemInfo.GetAppSetting (System.String key) [0x00000] in <00c34789746b40dda4cd7be2c85ba32f>:0 
log4net:ERROR Exception while reading ConfigurationSettings. Check your .config file is well formed XML.
System.Configuration.ConfigurationErrorsException: Configuration system failed to initialize ---> System.PlatformNotSupportedException: Operation is not supported on this platform.
  at System.Configuration.ClientConfigPaths..ctor (System.String exePath, System.Boolean includeUserConfig) [0x00050] in <5ae095f7408b4d5cb5cdbfc3d3c31d20>:0 
  at System.Configuration.ClientConfigPaths.GetPaths (System.String exePath, System.Boolean includeUserConfig) [0x00018] in <5ae095f7408b4d5cb5cdbfc3d3c31d20>:0 
  at System.Configuration.ClientConfigurationHost.get_ConfigPaths () [0x0000a] in <5ae095f7408b4d5cb5cdbfc3d3c31d20>:0 
  at System.Configuration.ClientConfigurationHost.GetStreamName (System.String configPath) [0x0006d] in <5ae095f7408b4d5cb5cdbfc3d3c31d20>:0 
  at System.Configuration.ClientConfigurationHost.get_IsAppConfigHttp () [0x00000] in <5ae095f7408b4d5cb5cdbfc3d3c31d20>:0 
  at System.Configuration.Internal.DelegatingConfigHost.get_IsAppConfigHttp () [0x00006] in <5ae095f7408b4d5cb5cdbfc3d3c31d20>:0 
  at System.Configuration.ClientConfigurationSystem..ctor () [0x00051] in <5ae095f7408b4d5cb5cdbfc3d3c31d20>:0 
  at System.Configuration.ConfigurationManager.EnsureConfigurationSystem () [0x00024] in <5ae095f7408b4d5cb5cdbfc3d3c31d20>:0 
   --- End of inner exception stack trace ---
  at System.Configuration.ConfigurationManager.PrepareConfigSystem () [0x0001a] in <5ae095f7408b4d5cb5cdbfc3d3c31d20>:0 
  at System.Configuration.ConfigurationManager.GetSection (System.String sectionName) [0x0000a] in <5ae095f7408b4d5cb5cdbfc3d3c31d20>:0 
  at System.Configuration.ConfigurationManager.get_AppSettings () [0x00000] in <5ae095f7408b4d5cb5cdbfc3d3c31d20>:0 
  at log4net.Util.SystemInfo.GetAppSetting (System.String key) [0x00000] in <00c34789746b40dda4cd7be2c85ba32f>:0 
log4net:ERROR Exception while reading ConfigurationSettings. Check your .config file is well formed XML.
System.Configuration.ConfigurationErrorsException: Configuration system failed to initialize ---> System.PlatformNotSupportedException: Operation is not supported on this platform.
  at System.Configuration.ClientConfigPaths..ctor (System.String exePath, System.Boolean includeUserConfig) [0x00050] in <5ae095f7408b4d5cb5cdbfc3d3c31d20>:0 
  at System.Configuration.ClientConfigPaths.GetPaths (System.String exePath, System.Boolean includeUserConfig) [0x00018] in <5ae095f7408b4d5cb5cdbfc3d3c31d20>:0 
  at System.Configuration.ClientConfigurationHost.get_ConfigPaths () [0x0000a] in <5ae095f7408b4d5cb5cdbfc3d3c31d20>:0 
  at System.Configuration.ClientConfigurationHost.GetStreamName (System.String configPath) [0x0006d] in <5ae095f7408b4d5cb5cdbfc3d3c31d20>:0 
  at System.Configuration.ClientConfigurationHost.get_IsAppConfigHttp () [0x00000] in <5ae095f7408b4d5cb5cdbfc3d3c31d20>:0 
  at System.Configuration.Internal.DelegatingConfigHost.get_IsAppConfigHttp () [0x00006] in <5ae095f7408b4d5cb5cdbfc3d3c31d20>:0 
  at System.Configuration.ClientConfigurationSystem..ctor () [0x00051] in <5ae095f7408b4d5cb5cdbfc3d3c31d20>:0 
  at System.Configuration.ConfigurationManager.EnsureConfigurationSystem () [0x00024] in <5ae095f7408b4d5cb5cdbfc3d3c31d20>:0 
   --- End of inner exception stack trace ---
  at System.Configuration.ConfigurationManager.PrepareConfigSystem () [0x0001a] in <5ae095f7408b4d5cb5cdbfc3d3c31d20>:0 
  at System.Configuration.ConfigurationManager.GetSection (System.String sectionName) [0x0000a] in <5ae095f7408b4d5cb5cdbfc3d3c31d20>:0 
  at System.Configuration.ConfigurationManager.get_AppSettings () [0x00000] in <5ae095f7408b4d5cb5cdbfc3d3c31d20>:0 
  at log4net.Util.SystemInfo.GetAppSetting (System.String key) [0x00000] in <00c34789746b40dda4cd7be2c85ba32f>:0 
log4net:ERROR Exception while reading ConfigurationSettings. Check your .config file is well formed XML.
System.Configuration.ConfigurationErrorsException: Configuration system failed to initialize ---> System.PlatformNotSupportedException: Operation is not supported on this platform.
  at System.Configuration.ClientConfigPaths..ctor (System.String exePath, System.Boolean includeUserConfig) [0x00050] in <5ae095f7408b4d5cb5cdbfc3d3c31d20>:0 
  at System.Configuration.ClientConfigPaths.GetPaths (System.String exePath, System.Boolean includeUserConfig) [0x00018] in <5ae095f7408b4d5cb5cdbfc3d3c31d20>:0 
  at System.Configuration.ClientConfigurationHost.get_ConfigPaths () [0x0000a] in <5ae095f7408b4d5cb5cdbfc3d3c31d20>:0 
  at System.Configuration.ClientConfigurationHost.GetStreamName (System.String configPath) [0x0006d] in <5ae095f7408b4d5cb5cdbfc3d3c31d20>:0 
  at System.Configuration.ClientConfigurationHost.get_IsAppConfigHttp () [0x00000] in <5ae095f7408b4d5cb5cdbfc3d3c31d20>:0 
  at System.Configuration.Internal.DelegatingConfigHost.get_IsAppConfigHttp () [0x00006] in <5ae095f7408b4d5cb5cdbfc3d3c31d20>:0 
  at System.Configuration.ClientConfigurationSystem..ctor () [0x00051] in <5ae095f7408b4d5cb5cdbfc3d3c31d20>:0 
  at System.Configuration.ConfigurationManager.EnsureConfigurationSystem () [0x00024] in <5ae095f7408b4d5cb5cdbfc3d3c31d20>:0 
   --- End of inner exception stack trace ---
  at System.Configuration.ConfigurationManager.PrepareConfigSystem () [0x0001a] in <5ae095f7408b4d5cb5cdbfc3d3c31d20>:0 
  at System.Configuration.ConfigurationManager.GetSection (System.String sectionName) [0x0000a] in <5ae095f7408b4d5cb5cdbfc3d3c31d20>:0 
  at System.Configuration.ConfigurationManager.get_AppSettings () [0x00000] in <5ae095f7408b4d5cb5cdbfc3d3c31d20>:0 
  at log4net.Util.SystemInfo.GetAppSetting (System.String key) [0x00000] in <00c34789746b40dda4cd7be2c85ba32f>:0 
log4net:ERROR Exception while reading ConfigurationSettings. Check your .config file is well formed XML.
System.Configuration.ConfigurationErrorsException: Configuration system failed to initialize ---> System.PlatformNotSupportedException: Operation is not supported on this platform.
  at System.Configuration.ClientConfigPaths..ctor (System.String exePath, System.Boolean includeUserConfig) [0x00050] in <5ae095f7408b4d5cb5cdbfc3d3c31d20>:0 
  at System.Configuration.ClientConfigPaths.GetPaths (System.String exePath, System.Boolean includeUserConfig) [0x00018] in <5ae095f7408b4d5cb5cdbfc3d3c31d20>:0 
  at System.Configuration.ClientConfigurationHost.get_ConfigPaths () [0x0000a] in <5ae095f7408b4d5cb5cdbfc3d3c31d20>:0 
  at System.Configuration.ClientConfigurationHost.GetStreamName (System.String configPath) [0x0006d] in <5ae095f7408b4d5cb5cdbfc3d3c31d20>:0 
  at System.Configuration.ClientConfigurationHost.get_IsAppConfigHttp () [0x00000] in <5ae095f7408b4d5cb5cdbfc3d3c31d20>:0 
  at System.Configuration.Internal.DelegatingConfigHost.get_IsAppConfigHttp () [0x00006] in <5ae095f7408b4d5cb5cdbfc3d3c31d20>:0 
  at System.Configuration.ClientConfigurationSystem..ctor () [0x00051] in <5ae095f7408b4d5cb5cdbfc3d3c31d20>:0 
  at System.Configuration.ConfigurationManager.EnsureConfigurationSystem () [0x00024] in <5ae095f7408b4d5cb5cdbfc3d3c31d20>:0 
   --- End of inner exception stack trace ---
  at System.Configuration.ConfigurationManager.PrepareConfigSystem () [0x0001a] in <5ae095f7408b4d5cb5cdbfc3d3c31d20>:0 
  at System.Configuration.ConfigurationManager.GetSection (System.String sectionName) [0x0000a] in <5ae095f7408b4d5cb5cdbfc3d3c31d20>:0 
  at System.Configuration.ConfigurationManager.get_AppSettings () [0x00000] in <5ae095f7408b4d5cb5cdbfc3d3c31d20>:0 
  at log4net.Util.SystemInfo.GetAppSetting (System.String key) [0x00000] in <00c34789746b40dda4cd7be2c85ba32f>:0 
log4net:ERROR Exception while reading ConfigurationSettings. Check your .config file is well formed XML.
System.Configuration.ConfigurationErrorsException: Configuration system failed to initialize ---> System.PlatformNotSupportedException: Operation is not supported on this platform.
  at System.Configuration.ClientConfigPaths..ctor (System.String exePath, System.Boolean includeUserConfig) [0x00050] in <5ae095f7408b4d5cb5cdbfc3d3c31d20>:0 
  at System.Configuration.ClientConfigPaths.GetPaths (System.String exePath, System.Boolean includeUserConfig) [0x00018] in <5ae095f7408b4d5cb5cdbfc3d3c31d20>:0 
  at System.Configuration.ClientConfigurationHost.get_ConfigPaths () [0x0000a] in <5ae095f7408b4d5cb5cdbfc3d3c31d20>:0 
  at System.Configuration.ClientConfigurationHost.GetStreamName (System.String configPath) [0x0006d] in <5ae095f7408b4d5cb5cdbfc3d3c31d20>:0 
  at System.Configuration.ClientConfigurationHost.get_IsAppConfigHttp () [0x00000] in <5ae095f7408b4d5cb5cdbfc3d3c31d20>:0 
  at System.Configuration.Internal.DelegatingConfigHost.get_IsAppConfigHttp () [0x00006] in <5ae095f7408b4d5cb5cdbfc3d3c31d20>:0 
  at System.Configuration.ClientConfigurationSystem..ctor () [0x00051] in <5ae095f7408b4d5cb5cdbfc3d3c31d20>:0 
  at System.Configuration.ConfigurationManager.EnsureConfigurationSystem () [0x00024] in <5ae095f7408b4d5cb5cdbfc3d3c31d20>:0 
   --- End of inner exception stack trace ---
  at System.Configuration.ConfigurationManager.PrepareConfigSystem () [0x0001a] in <5ae095f7408b4d5cb5cdbfc3d3c31d20>:0 
  at System.Configuration.ConfigurationManager.GetSection (System.String sectionName) [0x0000a] in <5ae095f7408b4d5cb5cdbfc3d3c31d20>:0 
  at System.Configuration.ConfigurationManager.get_AppSettings () [0x00000] in <5ae095f7408b4d5cb5cdbfc3d3c31d20>:0 
  at log4net.Util.SystemInfo.GetAppSetting (System.String key) [0x00000] in <00c34789746b40dda4cd7be2c85ba32f>:0 
log4net:ERROR Exception while reading ConfigurationSettings. Check your .config file is well formed XML.
System.Configuration.ConfigurationErrorsException: Configuration system failed to initialize ---> System.PlatformNotSupportedException: Operation is not supported on this platform.
  at System.Configuration.ClientConfigPaths..ctor (System.String exePath, System.Boolean includeUserConfig) [0x00050] in <5ae095f7408b4d5cb5cdbfc3d3c31d20>:0 
  at System.Configuration.ClientConfigPaths.GetPaths (System.String exePath, System.Boolean includeUserConfig) [0x00018] in <5ae095f7408b4d5cb5cdbfc3d3c31d20>:0 
  at System.Configuration.ClientConfigurationHost.get_ConfigPaths () [0x0000a] in <5ae095f7408b4d5cb5cdbfc3d3c31d20>:0 
  at System.Configuration.ClientConfigurationHost.GetStreamName (System.String configPath) [0x0006d] in <5ae095f7408b4d5cb5cdbfc3d3c31d20>:0 
  at System.Configuration.ClientConfigurationHost.get_IsAppConfigHttp () [0x00000] in <5ae095f7408b4d5cb5cdbfc3d3c31d20>:0 
  at System.Configuration.Internal.DelegatingConfigHost.get_IsAppConfigHttp () [0x00006] in <5ae095f7408b4d5cb5cdbfc3d3c31d20>:0 
  at System.Configuration.ClientConfigurationSystem..ctor () [0x00051] in <5ae095f7408b4d5cb5cdbfc3d3c31d20>:0 
  at System.Configuration.ConfigurationManager.EnsureConfigurationSystem () [0x00024] in <5ae095f7408b4d5cb5cdbfc3d3c31d20>:0 
   --- End of inner exception stack trace ---
  at System.Configuration.ConfigurationManager.PrepareConfigSystem () [0x0001a] in <5ae095f7408b4d5cb5cdbfc3d3c31d20>:0 
  at System.Configuration.ConfigurationManager.GetSection (System.String sectionName) [0x0000a] in <5ae095f7408b4d5cb5cdbfc3d3c31d20>:0 
  at System.Configuration.ConfigurationManager.get_AppSettings () [0x00000] in <5ae095f7408b4d5cb5cdbfc3d3c31d20>:0 
  at log4net.Util.SystemInfo.GetAppSetting (System.String key) [0x00000] in <00c34789746b40dda4cd7be2c85ba32f>:0 
Mono: successfully reloaded assembly
- Finished resetting the current domain, in  1.196 seconds
Domain Reload Profiling: 2192ms
	BeginReloadAssembly (245ms)
		ExecutionOrderSort (0ms)
		DisableScriptedObjects (18ms)
		BackupInstance (0ms)
		ReleaseScriptingObjects (0ms)
		CreateAndSetChildDomain (62ms)
	RebuildCommonClasses (41ms)
	RebuildNativeTypeToScriptingClass (16ms)
	initialDomainReloadingComplete (35ms)
	LoadAllAssembliesAndSetupDomain (658ms)
		LoadAssemblies (475ms)
		RebuildTransferFunctionScriptingTraits (0ms)
		AnalyzeDomain (300ms)
			TypeCache.Refresh (10ms)
				TypeCache.ScanAssembly (0ms)
			BuildScriptInfoCaches (273ms)
			ResolveRequiredComponents (14ms)
	FinalizeReload (1197ms)
		ReleaseScriptCaches (0ms)
		RebuildScriptCaches (0ms)
		SetupLoadedEditorAssemblies (947ms)
			LogAssemblyErrors (0ms)
			InitializePlatformSupportModulesInManaged (3ms)
			SetLoadedEditorAssemblies (5ms)
			BeforeProcessingInitializeOnLoad (158ms)
			ProcessInitializeOnLoadAttributes (673ms)
			ProcessInitializeOnLoadMethodAttributes (105ms)
			AfterProcessingInitializeOnLoad (3ms)
			EditorAssembliesLoaded (0ms)
		ExecutionOrderSort2 (0ms)
		AwakeInstancesAfterBackupRestoration (17ms)
Refreshing native plugins compatible for Editor in 2.21 ms, found 4 plugins.
Preloading 0 native plugins for Editor in 0.00 ms.
Unloading 13 Unused Serialized files (Serialized files now loaded: 0)
Unloading 6681 unused Assets / (4.4 MB). Loaded Objects now: 7354.
Memory consumption went from 146.8 MB to 142.5 MB.
Total: 8.389500 ms (FindLiveObjects: 0.843400 ms CreateObjectMapping: 0.476600 ms MarkObjects: 4.983600 ms  DeleteObjects: 2.084100 ms)

Prepare: number of updated asset objects reloaded= 0
========================================================================
Received Prepare
Begin MonoManager ReloadAssembly
Duplicate assembly 'log4net.dll' with different versions detected, using 'Assets/Packages/log4net.3.0.4/lib/netstandard2.0/log4net.dll, AssemblyName=log4net, Version=3.0.4.0, Culture=neutral, PublicKeyToken=669e0ddf0bb1aa2a' and ignoring 'Packages/com.unity.collab-proxy/Lib/Editor/log4netPlastic.dll, AssemblyName=log4net, Version=1.2.15.0, Culture=neutral, PublicKeyToken=669e0ddf0bb1aa2a'.Symbol file LoadedFromMemory is not a mono symbol file
- Loaded All Assemblies, in  0.918 seconds
Refreshing native plugins compatible for Editor in 1.79 ms, found 4 plugins.
Native extension for WindowsStandalone target not found
log4net:ERROR Exception while reading ConfigurationSettings. Check your .config file is well formed XML.
System.Configuration.ConfigurationErrorsException: Configuration system failed to initialize ---> System.PlatformNotSupportedException: Operation is not supported on this platform.
  at System.Configuration.ClientConfigPaths..ctor (System.String exePath, System.Boolean includeUserConfig) [0x00050] in <5ae095f7408b4d5cb5cdbfc3d3c31d20>:0 
  at System.Configuration.ClientConfigPaths.GetPaths (System.String exePath, System.Boolean includeUserConfig) [0x00018] in <5ae095f7408b4d5cb5cdbfc3d3c31d20>:0 
  at System.Configuration.ClientConfigurationHost.get_ConfigPaths () [0x0000a] in <5ae095f7408b4d5cb5cdbfc3d3c31d20>:0 
  at System.Configuration.ClientConfigurationHost.GetStreamName (System.String configPath) [0x0006d] in <5ae095f7408b4d5cb5cdbfc3d3c31d20>:0 
  at System.Configuration.ClientConfigurationHost.get_IsAppConfigHttp () [0x00000] in <5ae095f7408b4d5cb5cdbfc3d3c31d20>:0 
  at System.Configuration.Internal.DelegatingConfigHost.get_IsAppConfigHttp () [0x00006] in <5ae095f7408b4d5cb5cdbfc3d3c31d20>:0 
  at System.Configuration.ClientConfigurationSystem..ctor () [0x00051] in <5ae095f7408b4d5cb5cdbfc3d3c31d20>:0 
  at System.Configuration.ConfigurationManager.EnsureConfigurationSystem () [0x00024] in <5ae095f7408b4d5cb5cdbfc3d3c31d20>:0 
   --- End of inner exception stack trace ---
  at System.Configuration.ConfigurationManager.EnsureConfigurationSystem () [0x00060] in <5ae095f7408b4d5cb5cdbfc3d3c31d20>:0 
  at System.Configuration.ConfigurationManager.PrepareConfigSystem () [0x0000a] in <5ae095f7408b4d5cb5cdbfc3d3c31d20>:0 
  at System.Configuration.ConfigurationManager.GetSection (System.String sectionName) [0x0000a] in <5ae095f7408b4d5cb5cdbfc3d3c31d20>:0 
  at System.Configuration.ConfigurationManager.get_AppSettings () [0x00000] in <5ae095f7408b4d5cb5cdbfc3d3c31d20>:0 
  at log4net.Util.SystemInfo.GetAppSetting (System.String key) [0x00000] in <00c34789746b40dda4cd7be2c85ba32f>:0 
log4net:ERROR Exception while reading ConfigurationSettings. Check your .config file is well formed XML.
System.Configuration.ConfigurationErrorsException: Configuration system failed to initialize ---> System.PlatformNotSupportedException: Operation is not supported on this platform.
  at System.Configuration.ClientConfigPaths..ctor (System.String exePath, System.Boolean includeUserConfig) [0x00050] in <5ae095f7408b4d5cb5cdbfc3d3c31d20>:0 
  at System.Configuration.ClientConfigPaths.GetPaths (System.String exePath, System.Boolean includeUserConfig) [0x00018] in <5ae095f7408b4d5cb5cdbfc3d3c31d20>:0 
  at System.Configuration.ClientConfigurationHost.get_ConfigPaths () [0x0000a] in <5ae095f7408b4d5cb5cdbfc3d3c31d20>:0 
  at System.Configuration.ClientConfigurationHost.GetStreamName (System.String configPath) [0x0006d] in <5ae095f7408b4d5cb5cdbfc3d3c31d20>:0 
  at System.Configuration.ClientConfigurationHost.get_IsAppConfigHttp () [0x00000] in <5ae095f7408b4d5cb5cdbfc3d3c31d20>:0 
  at System.Configuration.Internal.DelegatingConfigHost.get_IsAppConfigHttp () [0x00006] in <5ae095f7408b4d5cb5cdbfc3d3c31d20>:0 
  at System.Configuration.ClientConfigurationSystem..ctor () [0x00051] in <5ae095f7408b4d5cb5cdbfc3d3c31d20>:0 
  at System.Configuration.ConfigurationManager.EnsureConfigurationSystem () [0x00024] in <5ae095f7408b4d5cb5cdbfc3d3c31d20>:0 
   --- End of inner exception stack trace ---
  at System.Configuration.ConfigurationManager.PrepareConfigSystem () [0x0001a] in <5ae095f7408b4d5cb5cdbfc3d3c31d20>:0 
  at System.Configuration.ConfigurationManager.GetSection (System.String sectionName) [0x0000a] in <5ae095f7408b4d5cb5cdbfc3d3c31d20>:0 
  at System.Configuration.ConfigurationManager.get_AppSettings () [0x00000] in <5ae095f7408b4d5cb5cdbfc3d3c31d20>:0 
  at log4net.Util.SystemInfo.GetAppSetting (System.String key) [0x00000] in <00c34789746b40dda4cd7be2c85ba32f>:0 
log4net:ERROR Exception while reading ConfigurationSettings. Check your .config file is well formed XML.
System.Configuration.ConfigurationErrorsException: Configuration system failed to initialize ---> System.PlatformNotSupportedException: Operation is not supported on this platform.
  at System.Configuration.ClientConfigPaths..ctor (System.String exePath, System.Boolean includeUserConfig) [0x00050] in <5ae095f7408b4d5cb5cdbfc3d3c31d20>:0 
  at System.Configuration.ClientConfigPaths.GetPaths (System.String exePath, System.Boolean includeUserConfig) [0x00018] in <5ae095f7408b4d5cb5cdbfc3d3c31d20>:0 
  at System.Configuration.ClientConfigurationHost.get_ConfigPaths () [0x0000a] in <5ae095f7408b4d5cb5cdbfc3d3c31d20>:0 
  at System.Configuration.ClientConfigurationHost.GetStreamName (System.String configPath) [0x0006d] in <5ae095f7408b4d5cb5cdbfc3d3c31d20>:0 
  at System.Configuration.ClientConfigurationHost.get_IsAppConfigHttp () [0x00000] in <5ae095f7408b4d5cb5cdbfc3d3c31d20>:0 
  at System.Configuration.Internal.DelegatingConfigHost.get_IsAppConfigHttp () [0x00006] in <5ae095f7408b4d5cb5cdbfc3d3c31d20>:0 
  at System.Configuration.ClientConfigurationSystem..ctor () [0x00051] in <5ae095f7408b4d5cb5cdbfc3d3c31d20>:0 
  at System.Configuration.ConfigurationManager.EnsureConfigurationSystem () [0x00024] in <5ae095f7408b4d5cb5cdbfc3d3c31d20>:0 
   --- End of inner exception stack trace ---
  at System.Configuration.ConfigurationManager.PrepareConfigSystem () [0x0001a] in <5ae095f7408b4d5cb5cdbfc3d3c31d20>:0 
  at System.Configuration.ConfigurationManager.GetSection (System.String sectionName) [0x0000a] in <5ae095f7408b4d5cb5cdbfc3d3c31d20>:0 
  at System.Configuration.ConfigurationManager.get_AppSettings () [0x00000] in <5ae095f7408b4d5cb5cdbfc3d3c31d20>:0 
  at log4net.Util.SystemInfo.GetAppSetting (System.String key) [0x00000] in <00c34789746b40dda4cd7be2c85ba32f>:0 
log4net:ERROR Exception while reading ConfigurationSettings. Check your .config file is well formed XML.
System.Configuration.ConfigurationErrorsException: Configuration system failed to initialize ---> System.PlatformNotSupportedException: Operation is not supported on this platform.
  at System.Configuration.ClientConfigPaths..ctor (System.String exePath, System.Boolean includeUserConfig) [0x00050] in <5ae095f7408b4d5cb5cdbfc3d3c31d20>:0 
  at System.Configuration.ClientConfigPaths.GetPaths (System.String exePath, System.Boolean includeUserConfig) [0x00018] in <5ae095f7408b4d5cb5cdbfc3d3c31d20>:0 
  at System.Configuration.ClientConfigurationHost.get_ConfigPaths () [0x0000a] in <5ae095f7408b4d5cb5cdbfc3d3c31d20>:0 
  at System.Configuration.ClientConfigurationHost.GetStreamName (System.String configPath) [0x0006d] in <5ae095f7408b4d5cb5cdbfc3d3c31d20>:0 
  at System.Configuration.ClientConfigurationHost.get_IsAppConfigHttp () [0x00000] in <5ae095f7408b4d5cb5cdbfc3d3c31d20>:0 
  at System.Configuration.Internal.DelegatingConfigHost.get_IsAppConfigHttp () [0x00006] in <5ae095f7408b4d5cb5cdbfc3d3c31d20>:0 
  at System.Configuration.ClientConfigurationSystem..ctor () [0x00051] in <5ae095f7408b4d5cb5cdbfc3d3c31d20>:0 
  at System.Configuration.ConfigurationManager.EnsureConfigurationSystem () [0x00024] in <5ae095f7408b4d5cb5cdbfc3d3c31d20>:0 
   --- End of inner exception stack trace ---
  at System.Configuration.ConfigurationManager.PrepareConfigSystem () [0x0001a] in <5ae095f7408b4d5cb5cdbfc3d3c31d20>:0 
  at System.Configuration.ConfigurationManager.GetSection (System.String sectionName) [0x0000a] in <5ae095f7408b4d5cb5cdbfc3d3c31d20>:0 
  at System.Configuration.ConfigurationManager.get_AppSettings () [0x00000] in <5ae095f7408b4d5cb5cdbfc3d3c31d20>:0 
  at log4net.Util.SystemInfo.GetAppSetting (System.String key) [0x00000] in <00c34789746b40dda4cd7be2c85ba32f>:0 
log4net:ERROR Exception while reading ConfigurationSettings. Check your .config file is well formed XML.
System.Configuration.ConfigurationErrorsException: Configuration system failed to initialize ---> System.PlatformNotSupportedException: Operation is not supported on this platform.
  at System.Configuration.ClientConfigPaths..ctor (System.String exePath, System.Boolean includeUserConfig) [0x00050] in <5ae095f7408b4d5cb5cdbfc3d3c31d20>:0 
  at System.Configuration.ClientConfigPaths.GetPaths (System.String exePath, System.Boolean includeUserConfig) [0x00018] in <5ae095f7408b4d5cb5cdbfc3d3c31d20>:0 
  at System.Configuration.ClientConfigurationHost.get_ConfigPaths () [0x0000a] in <5ae095f7408b4d5cb5cdbfc3d3c31d20>:0 
  at System.Configuration.ClientConfigurationHost.GetStreamName (System.String configPath) [0x0006d] in <5ae095f7408b4d5cb5cdbfc3d3c31d20>:0 
  at System.Configuration.ClientConfigurationHost.get_IsAppConfigHttp () [0x00000] in <5ae095f7408b4d5cb5cdbfc3d3c31d20>:0 
  at System.Configuration.Internal.DelegatingConfigHost.get_IsAppConfigHttp () [0x00006] in <5ae095f7408b4d5cb5cdbfc3d3c31d20>:0 
  at System.Configuration.ClientConfigurationSystem..ctor () [0x00051] in <5ae095f7408b4d5cb5cdbfc3d3c31d20>:0 
  at System.Configuration.ConfigurationManager.EnsureConfigurationSystem () [0x00024] in <5ae095f7408b4d5cb5cdbfc3d3c31d20>:0 
   --- End of inner exception stack trace ---
  at System.Configuration.ConfigurationManager.PrepareConfigSystem () [0x0001a] in <5ae095f7408b4d5cb5cdbfc3d3c31d20>:0 
  at System.Configuration.ConfigurationManager.GetSection (System.String sectionName) [0x0000a] in <5ae095f7408b4d5cb5cdbfc3d3c31d20>:0 
  at System.Configuration.ConfigurationManager.get_AppSettings () [0x00000] in <5ae095f7408b4d5cb5cdbfc3d3c31d20>:0 
  at log4net.Util.SystemInfo.GetAppSetting (System.String key) [0x00000] in <00c34789746b40dda4cd7be2c85ba32f>:0 
log4net:ERROR Exception while reading ConfigurationSettings. Check your .config file is well formed XML.
System.Configuration.ConfigurationErrorsException: Configuration system failed to initialize ---> System.PlatformNotSupportedException: Operation is not supported on this platform.
  at System.Configuration.ClientConfigPaths..ctor (System.String exePath, System.Boolean includeUserConfig) [0x00050] in <5ae095f7408b4d5cb5cdbfc3d3c31d20>:0 
  at System.Configuration.ClientConfigPaths.GetPaths (System.String exePath, System.Boolean includeUserConfig) [0x00018] in <5ae095f7408b4d5cb5cdbfc3d3c31d20>:0 
  at System.Configuration.ClientConfigurationHost.get_ConfigPaths () [0x0000a] in <5ae095f7408b4d5cb5cdbfc3d3c31d20>:0 
  at System.Configuration.ClientConfigurationHost.GetStreamName (System.String configPath) [0x0006d] in <5ae095f7408b4d5cb5cdbfc3d3c31d20>:0 
  at System.Configuration.ClientConfigurationHost.get_IsAppConfigHttp () [0x00000] in <5ae095f7408b4d5cb5cdbfc3d3c31d20>:0 
  at System.Configuration.Internal.DelegatingConfigHost.get_IsAppConfigHttp () [0x00006] in <5ae095f7408b4d5cb5cdbfc3d3c31d20>:0 
  at System.Configuration.ClientConfigurationSystem..ctor () [0x00051] in <5ae095f7408b4d5cb5cdbfc3d3c31d20>:0 
  at System.Configuration.ConfigurationManager.EnsureConfigurationSystem () [0x00024] in <5ae095f7408b4d5cb5cdbfc3d3c31d20>:0 
   --- End of inner exception stack trace ---
  at System.Configuration.ConfigurationManager.PrepareConfigSystem () [0x0001a] in <5ae095f7408b4d5cb5cdbfc3d3c31d20>:0 
  at System.Configuration.ConfigurationManager.GetSection (System.String sectionName) [0x0000a] in <5ae095f7408b4d5cb5cdbfc3d3c31d20>:0 
  at System.Configuration.ConfigurationManager.get_AppSettings () [0x00000] in <5ae095f7408b4d5cb5cdbfc3d3c31d20>:0 
  at log4net.Util.SystemInfo.GetAppSetting (System.String key) [0x00000] in <00c34789746b40dda4cd7be2c85ba32f>:0 
log4net:ERROR Exception while reading ConfigurationSettings. Check your .config file is well formed XML.
System.Configuration.ConfigurationErrorsException: Configuration system failed to initialize ---> System.PlatformNotSupportedException: Operation is not supported on this platform.
  at System.Configuration.ClientConfigPaths..ctor (System.String exePath, System.Boolean includeUserConfig) [0x00050] in <5ae095f7408b4d5cb5cdbfc3d3c31d20>:0 
  at System.Configuration.ClientConfigPaths.GetPaths (System.String exePath, System.Boolean includeUserConfig) [0x00018] in <5ae095f7408b4d5cb5cdbfc3d3c31d20>:0 
  at System.Configuration.ClientConfigurationHost.get_ConfigPaths () [0x0000a] in <5ae095f7408b4d5cb5cdbfc3d3c31d20>:0 
  at System.Configuration.ClientConfigurationHost.GetStreamName (System.String configPath) [0x0006d] in <5ae095f7408b4d5cb5cdbfc3d3c31d20>:0 
  at System.Configuration.ClientConfigurationHost.get_IsAppConfigHttp () [0x00000] in <5ae095f7408b4d5cb5cdbfc3d3c31d20>:0 
  at System.Configuration.Internal.DelegatingConfigHost.get_IsAppConfigHttp () [0x00006] in <5ae095f7408b4d5cb5cdbfc3d3c31d20>:0 
  at System.Configuration.ClientConfigurationSystem..ctor () [0x00051] in <5ae095f7408b4d5cb5cdbfc3d3c31d20>:0 
  at System.Configuration.ConfigurationManager.EnsureConfigurationSystem () [0x00024] in <5ae095f7408b4d5cb5cdbfc3d3c31d20>:0 
   --- End of inner exception stack trace ---
  at System.Configuration.ConfigurationManager.PrepareConfigSystem () [0x0001a] in <5ae095f7408b4d5cb5cdbfc3d3c31d20>:0 
  at System.Configuration.ConfigurationManager.GetSection (System.String sectionName) [0x0000a] in <5ae095f7408b4d5cb5cdbfc3d3c31d20>:0 
  at System.Configuration.ConfigurationManager.get_AppSettings () [0x00000] in <5ae095f7408b4d5cb5cdbfc3d3c31d20>:0 
  at log4net.Util.SystemInfo.GetAppSetting (System.String key) [0x00000] in <00c34789746b40dda4cd7be2c85ba32f>:0 
Mono: successfully reloaded assembly
- Finished resetting the current domain, in  0.915 seconds
Domain Reload Profiling: 1832ms
	BeginReloadAssembly (225ms)
		ExecutionOrderSort (0ms)
		DisableScriptedObjects (17ms)
		BackupInstance (0ms)
		ReleaseScriptingObjects (0ms)
		CreateAndSetChildDomain (52ms)
	RebuildCommonClasses (39ms)
	RebuildNativeTypeToScriptingClass (15ms)
	initialDomainReloadingComplete (33ms)
	LoadAllAssembliesAndSetupDomain (604ms)
		LoadAssemblies (433ms)
		RebuildTransferFunctionScriptingTraits (0ms)
		AnalyzeDomain (282ms)
			TypeCache.Refresh (9ms)
				TypeCache.ScanAssembly (0ms)
			BuildScriptInfoCaches (256ms)
			ResolveRequiredComponents (14ms)
	FinalizeReload (916ms)
		ReleaseScriptCaches (0ms)
		RebuildScriptCaches (0ms)
		SetupLoadedEditorAssemblies (692ms)
			LogAssemblyErrors (0ms)
			InitializePlatformSupportModulesInManaged (3ms)
			SetLoadedEditorAssemblies (5ms)
			BeforeProcessingInitializeOnLoad (122ms)
			ProcessInitializeOnLoadAttributes (474ms)
			ProcessInitializeOnLoadMethodAttributes (84ms)
			AfterProcessingInitializeOnLoad (2ms)
			EditorAssembliesLoaded (0ms)
		ExecutionOrderSort2 (0ms)
		AwakeInstancesAfterBackupRestoration (16ms)
Refreshing native plugins compatible for Editor in 2.55 ms, found 4 plugins.
Preloading 0 native plugins for Editor in 0.00 ms.
Unloading 13 Unused Serialized files (Serialized files now loaded: 0)
Unloading 6681 unused Assets / (4.4 MB). Loaded Objects now: 7356.
Memory consumption went from 146.8 MB to 142.4 MB.
Total: 9.899000 ms (FindLiveObjects: 0.959800 ms CreateObjectMapping: 0.711200 ms MarkObjects: 5.762500 ms  DeleteObjects: 2.464100 ms)

Prepare: number of updated asset objects reloaded= 0
========================================================================
Received Prepare
Begin MonoManager ReloadAssembly
Duplicate assembly 'log4net.dll' with different versions detected, using 'Assets/Packages/log4net.3.0.4/lib/netstandard2.0/log4net.dll, AssemblyName=log4net, Version=3.0.4.0, Culture=neutral, PublicKeyToken=669e0ddf0bb1aa2a' and ignoring 'Packages/com.unity.collab-proxy/Lib/Editor/log4netPlastic.dll, AssemblyName=log4net, Version=1.2.15.0, Culture=neutral, PublicKeyToken=669e0ddf0bb1aa2a'.Symbol file LoadedFromMemory is not a mono symbol file
- Loaded All Assemblies, in  0.925 seconds
Refreshing native plugins compatible for Editor in 1.92 ms, found 4 plugins.
Native extension for WindowsStandalone target not found
log4net:ERROR Exception while reading ConfigurationSettings. Check your .config file is well formed XML.
System.Configuration.ConfigurationErrorsException: Configuration system failed to initialize ---> System.PlatformNotSupportedException: Operation is not supported on this platform.
  at System.Configuration.ClientConfigPaths..ctor (System.String exePath, System.Boolean includeUserConfig) [0x00050] in <5ae095f7408b4d5cb5cdbfc3d3c31d20>:0 
  at System.Configuration.ClientConfigPaths.GetPaths (System.String exePath, System.Boolean includeUserConfig) [0x00018] in <5ae095f7408b4d5cb5cdbfc3d3c31d20>:0 
  at System.Configuration.ClientConfigurationHost.get_ConfigPaths () [0x0000a] in <5ae095f7408b4d5cb5cdbfc3d3c31d20>:0 
  at System.Configuration.ClientConfigurationHost.GetStreamName (System.String configPath) [0x0006d] in <5ae095f7408b4d5cb5cdbfc3d3c31d20>:0 
  at System.Configuration.ClientConfigurationHost.get_IsAppConfigHttp () [0x00000] in <5ae095f7408b4d5cb5cdbfc3d3c31d20>:0 
  at System.Configuration.Internal.DelegatingConfigHost.get_IsAppConfigHttp () [0x00006] in <5ae095f7408b4d5cb5cdbfc3d3c31d20>:0 
  at System.Configuration.ClientConfigurationSystem..ctor () [0x00051] in <5ae095f7408b4d5cb5cdbfc3d3c31d20>:0 
  at System.Configuration.ConfigurationManager.EnsureConfigurationSystem () [0x00024] in <5ae095f7408b4d5cb5cdbfc3d3c31d20>:0 
   --- End of inner exception stack trace ---
  at System.Configuration.ConfigurationManager.EnsureConfigurationSystem () [0x00060] in <5ae095f7408b4d5cb5cdbfc3d3c31d20>:0 
  at System.Configuration.ConfigurationManager.PrepareConfigSystem () [0x0000a] in <5ae095f7408b4d5cb5cdbfc3d3c31d20>:0 
  at System.Configuration.ConfigurationManager.GetSection (System.String sectionName) [0x0000a] in <5ae095f7408b4d5cb5cdbfc3d3c31d20>:0 
  at System.Configuration.ConfigurationManager.get_AppSettings () [0x00000] in <5ae095f7408b4d5cb5cdbfc3d3c31d20>:0 
  at log4net.Util.SystemInfo.GetAppSetting (System.String key) [0x00000] in <00c34789746b40dda4cd7be2c85ba32f>:0 
log4net:ERROR Exception while reading ConfigurationSettings. Check your .config file is well formed XML.
System.Configuration.ConfigurationErrorsException: Configuration system failed to initialize ---> System.PlatformNotSupportedException: Operation is not supported on this platform.
  at System.Configuration.ClientConfigPaths..ctor (System.String exePath, System.Boolean includeUserConfig) [0x00050] in <5ae095f7408b4d5cb5cdbfc3d3c31d20>:0 
  at System.Configuration.ClientConfigPaths.GetPaths (System.String exePath, System.Boolean includeUserConfig) [0x00018] in <5ae095f7408b4d5cb5cdbfc3d3c31d20>:0 
  at System.Configuration.ClientConfigurationHost.get_ConfigPaths () [0x0000a] in <5ae095f7408b4d5cb5cdbfc3d3c31d20>:0 
  at System.Configuration.ClientConfigurationHost.GetStreamName (System.String configPath) [0x0006d] in <5ae095f7408b4d5cb5cdbfc3d3c31d20>:0 
  at System.Configuration.ClientConfigurationHost.get_IsAppConfigHttp () [0x00000] in <5ae095f7408b4d5cb5cdbfc3d3c31d20>:0 
  at System.Configuration.Internal.DelegatingConfigHost.get_IsAppConfigHttp () [0x00006] in <5ae095f7408b4d5cb5cdbfc3d3c31d20>:0 
  at System.Configuration.ClientConfigurationSystem..ctor () [0x00051] in <5ae095f7408b4d5cb5cdbfc3d3c31d20>:0 
  at System.Configuration.ConfigurationManager.EnsureConfigurationSystem () [0x00024] in <5ae095f7408b4d5cb5cdbfc3d3c31d20>:0 
   --- End of inner exception stack trace ---
  at System.Configuration.ConfigurationManager.PrepareConfigSystem () [0x0001a] in <5ae095f7408b4d5cb5cdbfc3d3c31d20>:0 
  at System.Configuration.ConfigurationManager.GetSection (System.String sectionName) [0x0000a] in <5ae095f7408b4d5cb5cdbfc3d3c31d20>:0 
  at System.Configuration.ConfigurationManager.get_AppSettings () [0x00000] in <5ae095f7408b4d5cb5cdbfc3d3c31d20>:0 
  at log4net.Util.SystemInfo.GetAppSetting (System.String key) [0x00000] in <00c34789746b40dda4cd7be2c85ba32f>:0 
log4net:ERROR Exception while reading ConfigurationSettings. Check your .config file is well formed XML.
System.Configuration.ConfigurationErrorsException: Configuration system failed to initialize ---> System.PlatformNotSupportedException: Operation is not supported on this platform.
  at System.Configuration.ClientConfigPaths..ctor (System.String exePath, System.Boolean includeUserConfig) [0x00050] in <5ae095f7408b4d5cb5cdbfc3d3c31d20>:0 
  at System.Configuration.ClientConfigPaths.GetPaths (System.String exePath, System.Boolean includeUserConfig) [0x00018] in <5ae095f7408b4d5cb5cdbfc3d3c31d20>:0 
  at System.Configuration.ClientConfigurationHost.get_ConfigPaths () [0x0000a] in <5ae095f7408b4d5cb5cdbfc3d3c31d20>:0 
  at System.Configuration.ClientConfigurationHost.GetStreamName (System.String configPath) [0x0006d] in <5ae095f7408b4d5cb5cdbfc3d3c31d20>:0 
  at System.Configuration.ClientConfigurationHost.get_IsAppConfigHttp () [0x00000] in <5ae095f7408b4d5cb5cdbfc3d3c31d20>:0 
  at System.Configuration.Internal.DelegatingConfigHost.get_IsAppConfigHttp () [0x00006] in <5ae095f7408b4d5cb5cdbfc3d3c31d20>:0 
  at System.Configuration.ClientConfigurationSystem..ctor () [0x00051] in <5ae095f7408b4d5cb5cdbfc3d3c31d20>:0 
  at System.Configuration.ConfigurationManager.EnsureConfigurationSystem () [0x00024] in <5ae095f7408b4d5cb5cdbfc3d3c31d20>:0 
   --- End of inner exception stack trace ---
  at System.Configuration.ConfigurationManager.PrepareConfigSystem () [0x0001a] in <5ae095f7408b4d5cb5cdbfc3d3c31d20>:0 
  at System.Configuration.ConfigurationManager.GetSection (System.String sectionName) [0x0000a] in <5ae095f7408b4d5cb5cdbfc3d3c31d20>:0 
  at System.Configuration.ConfigurationManager.get_AppSettings () [0x00000] in <5ae095f7408b4d5cb5cdbfc3d3c31d20>:0 
  at log4net.Util.SystemInfo.GetAppSetting (System.String key) [0x00000] in <00c34789746b40dda4cd7be2c85ba32f>:0 
log4net:ERROR Exception while reading ConfigurationSettings. Check your .config file is well formed XML.
System.Configuration.ConfigurationErrorsException: Configuration system failed to initialize ---> System.PlatformNotSupportedException: Operation is not supported on this platform.
  at System.Configuration.ClientConfigPaths..ctor (System.String exePath, System.Boolean includeUserConfig) [0x00050] in <5ae095f7408b4d5cb5cdbfc3d3c31d20>:0 
  at System.Configuration.ClientConfigPaths.GetPaths (System.String exePath, System.Boolean includeUserConfig) [0x00018] in <5ae095f7408b4d5cb5cdbfc3d3c31d20>:0 
  at System.Configuration.ClientConfigurationHost.get_ConfigPaths () [0x0000a] in <5ae095f7408b4d5cb5cdbfc3d3c31d20>:0 
  at System.Configuration.ClientConfigurationHost.GetStreamName (System.String configPath) [0x0006d] in <5ae095f7408b4d5cb5cdbfc3d3c31d20>:0 
  at System.Configuration.ClientConfigurationHost.get_IsAppConfigHttp () [0x00000] in <5ae095f7408b4d5cb5cdbfc3d3c31d20>:0 
  at System.Configuration.Internal.DelegatingConfigHost.get_IsAppConfigHttp () [0x00006] in <5ae095f7408b4d5cb5cdbfc3d3c31d20>:0 
  at System.Configuration.ClientConfigurationSystem..ctor () [0x00051] in <5ae095f7408b4d5cb5cdbfc3d3c31d20>:0 
  at System.Configuration.ConfigurationManager.EnsureConfigurationSystem () [0x00024] in <5ae095f7408b4d5cb5cdbfc3d3c31d20>:0 
   --- End of inner exception stack trace ---
  at System.Configuration.ConfigurationManager.PrepareConfigSystem () [0x0001a] in <5ae095f7408b4d5cb5cdbfc3d3c31d20>:0 
  at System.Configuration.ConfigurationManager.GetSection (System.String sectionName) [0x0000a] in <5ae095f7408b4d5cb5cdbfc3d3c31d20>:0 
  at System.Configuration.ConfigurationManager.get_AppSettings () [0x00000] in <5ae095f7408b4d5cb5cdbfc3d3c31d20>:0 
  at log4net.Util.SystemInfo.GetAppSetting (System.String key) [0x00000] in <00c34789746b40dda4cd7be2c85ba32f>:0 
log4net:ERROR Exception while reading ConfigurationSettings. Check your .config file is well formed XML.
System.Configuration.ConfigurationErrorsException: Configuration system failed to initialize ---> System.PlatformNotSupportedException: Operation is not supported on this platform.
  at System.Configuration.ClientConfigPaths..ctor (System.String exePath, System.Boolean includeUserConfig) [0x00050] in <5ae095f7408b4d5cb5cdbfc3d3c31d20>:0 
  at System.Configuration.ClientConfigPaths.GetPaths (System.String exePath, System.Boolean includeUserConfig) [0x00018] in <5ae095f7408b4d5cb5cdbfc3d3c31d20>:0 
  at System.Configuration.ClientConfigurationHost.get_ConfigPaths () [0x0000a] in <5ae095f7408b4d5cb5cdbfc3d3c31d20>:0 
  at System.Configuration.ClientConfigurationHost.GetStreamName (System.String configPath) [0x0006d] in <5ae095f7408b4d5cb5cdbfc3d3c31d20>:0 
  at System.Configuration.ClientConfigurationHost.get_IsAppConfigHttp () [0x00000] in <5ae095f7408b4d5cb5cdbfc3d3c31d20>:0 
  at System.Configuration.Internal.DelegatingConfigHost.get_IsAppConfigHttp () [0x00006] in <5ae095f7408b4d5cb5cdbfc3d3c31d20>:0 
  at System.Configuration.ClientConfigurationSystem..ctor () [0x00051] in <5ae095f7408b4d5cb5cdbfc3d3c31d20>:0 
  at System.Configuration.ConfigurationManager.EnsureConfigurationSystem () [0x00024] in <5ae095f7408b4d5cb5cdbfc3d3c31d20>:0 
   --- End of inner exception stack trace ---
  at System.Configuration.ConfigurationManager.PrepareConfigSystem () [0x0001a] in <5ae095f7408b4d5cb5cdbfc3d3c31d20>:0 
  at System.Configuration.ConfigurationManager.GetSection (System.String sectionName) [0x0000a] in <5ae095f7408b4d5cb5cdbfc3d3c31d20>:0 
  at System.Configuration.ConfigurationManager.get_AppSettings () [0x00000] in <5ae095f7408b4d5cb5cdbfc3d3c31d20>:0 
  at log4net.Util.SystemInfo.GetAppSetting (System.String key) [0x00000] in <00c34789746b40dda4cd7be2c85ba32f>:0 
log4net:ERROR Exception while reading ConfigurationSettings. Check your .config file is well formed XML.
System.Configuration.ConfigurationErrorsException: Configuration system failed to initialize ---> System.PlatformNotSupportedException: Operation is not supported on this platform.
  at System.Configuration.ClientConfigPaths..ctor (System.String exePath, System.Boolean includeUserConfig) [0x00050] in <5ae095f7408b4d5cb5cdbfc3d3c31d20>:0 
  at System.Configuration.ClientConfigPaths.GetPaths (System.String exePath, System.Boolean includeUserConfig) [0x00018] in <5ae095f7408b4d5cb5cdbfc3d3c31d20>:0 
  at System.Configuration.ClientConfigurationHost.get_ConfigPaths () [0x0000a] in <5ae095f7408b4d5cb5cdbfc3d3c31d20>:0 
  at System.Configuration.ClientConfigurationHost.GetStreamName (System.String configPath) [0x0006d] in <5ae095f7408b4d5cb5cdbfc3d3c31d20>:0 
  at System.Configuration.ClientConfigurationHost.get_IsAppConfigHttp () [0x00000] in <5ae095f7408b4d5cb5cdbfc3d3c31d20>:0 
  at System.Configuration.Internal.DelegatingConfigHost.get_IsAppConfigHttp () [0x00006] in <5ae095f7408b4d5cb5cdbfc3d3c31d20>:0 
  at System.Configuration.ClientConfigurationSystem..ctor () [0x00051] in <5ae095f7408b4d5cb5cdbfc3d3c31d20>:0 
  at System.Configuration.ConfigurationManager.EnsureConfigurationSystem () [0x00024] in <5ae095f7408b4d5cb5cdbfc3d3c31d20>:0 
   --- End of inner exception stack trace ---
  at System.Configuration.ConfigurationManager.PrepareConfigSystem () [0x0001a] in <5ae095f7408b4d5cb5cdbfc3d3c31d20>:0 
  at System.Configuration.ConfigurationManager.GetSection (System.String sectionName) [0x0000a] in <5ae095f7408b4d5cb5cdbfc3d3c31d20>:0 
  at System.Configuration.ConfigurationManager.get_AppSettings () [0x00000] in <5ae095f7408b4d5cb5cdbfc3d3c31d20>:0 
  at log4net.Util.SystemInfo.GetAppSetting (System.String key) [0x00000] in <00c34789746b40dda4cd7be2c85ba32f>:0 
log4net:ERROR Exception while reading ConfigurationSettings. Check your .config file is well formed XML.
System.Configuration.ConfigurationErrorsException: Configuration system failed to initialize ---> System.PlatformNotSupportedException: Operation is not supported on this platform.
  at System.Configuration.ClientConfigPaths..ctor (System.String exePath, System.Boolean includeUserConfig) [0x00050] in <5ae095f7408b4d5cb5cdbfc3d3c31d20>:0 
  at System.Configuration.ClientConfigPaths.GetPaths (System.String exePath, System.Boolean includeUserConfig) [0x00018] in <5ae095f7408b4d5cb5cdbfc3d3c31d20>:0 
  at System.Configuration.ClientConfigurationHost.get_ConfigPaths () [0x0000a] in <5ae095f7408b4d5cb5cdbfc3d3c31d20>:0 
  at System.Configuration.ClientConfigurationHost.GetStreamName (System.String configPath) [0x0006d] in <5ae095f7408b4d5cb5cdbfc3d3c31d20>:0 
  at System.Configuration.ClientConfigurationHost.get_IsAppConfigHttp () [0x00000] in <5ae095f7408b4d5cb5cdbfc3d3c31d20>:0 
  at System.Configuration.Internal.DelegatingConfigHost.get_IsAppConfigHttp () [0x00006] in <5ae095f7408b4d5cb5cdbfc3d3c31d20>:0 
  at System.Configuration.ClientConfigurationSystem..ctor () [0x00051] in <5ae095f7408b4d5cb5cdbfc3d3c31d20>:0 
  at System.Configuration.ConfigurationManager.EnsureConfigurationSystem () [0x00024] in <5ae095f7408b4d5cb5cdbfc3d3c31d20>:0 
   --- End of inner exception stack trace ---
  at System.Configuration.ConfigurationManager.PrepareConfigSystem () [0x0001a] in <5ae095f7408b4d5cb5cdbfc3d3c31d20>:0 
  at System.Configuration.ConfigurationManager.GetSection (System.String sectionName) [0x0000a] in <5ae095f7408b4d5cb5cdbfc3d3c31d20>:0 
  at System.Configuration.ConfigurationManager.get_AppSettings () [0x00000] in <5ae095f7408b4d5cb5cdbfc3d3c31d20>:0 
  at log4net.Util.SystemInfo.GetAppSetting (System.String key) [0x00000] in <00c34789746b40dda4cd7be2c85ba32f>:0 
Mono: successfully reloaded assembly
- Finished resetting the current domain, in  0.936 seconds
Domain Reload Profiling: 1860ms
	BeginReloadAssembly (227ms)
		ExecutionOrderSort (0ms)
		DisableScriptedObjects (18ms)
		BackupInstance (0ms)
		ReleaseScriptingObjects (0ms)
		CreateAndSetChildDomain (52ms)
	RebuildCommonClasses (39ms)
	RebuildNativeTypeToScriptingClass (16ms)
	initialDomainReloadingComplete (34ms)
	LoadAllAssembliesAndSetupDomain (608ms)
		LoadAssemblies (433ms)
		RebuildTransferFunctionScriptingTraits (0ms)
		AnalyzeDomain (286ms)
			TypeCache.Refresh (9ms)
				TypeCache.ScanAssembly (0ms)
			BuildScriptInfoCaches (260ms)
			ResolveRequiredComponents (13ms)
	FinalizeReload (936ms)
		ReleaseScriptCaches (0ms)
		RebuildScriptCaches (0ms)
		SetupLoadedEditorAssemblies (712ms)
			LogAssemblyErrors (0ms)
			InitializePlatformSupportModulesInManaged (3ms)
			SetLoadedEditorAssemblies (5ms)
			BeforeProcessingInitializeOnLoad (124ms)
			ProcessInitializeOnLoadAttributes (493ms)
			ProcessInitializeOnLoadMethodAttributes (84ms)
			AfterProcessingInitializeOnLoad (3ms)
			EditorAssembliesLoaded (0ms)
		ExecutionOrderSort2 (0ms)
		AwakeInstancesAfterBackupRestoration (15ms)
Refreshing native plugins compatible for Editor in 2.26 ms, found 4 plugins.
Preloading 0 native plugins for Editor in 0.00 ms.
Unloading 13 Unused Serialized files (Serialized files now loaded: 0)
Unloading 6681 unused Assets / (4.4 MB). Loaded Objects now: 7358.
Memory consumption went from 146.8 MB to 142.5 MB.
Total: 8.637400 ms (FindLiveObjects: 0.903800 ms CreateObjectMapping: 0.492900 ms MarkObjects: 5.052900 ms  DeleteObjects: 2.186200 ms)

Prepare: number of updated asset objects reloaded= 0
========================================================================
Received Import Request.
  Time since last request: 677325.266283 seconds.
  path: Assets/DefaultVolumeProfile.asset
  artifactKey: Guid(3f9215ea0144899419cfbc0957140d3f) Importer(2089858483,192608db42251d675da83286b1cce702)
Start importing Assets/DefaultVolumeProfile.asset using Guid(3f9215ea0144899419cfbc0957140d3f) Importer(2089858483,192608db42251d675da83286b1cce702) (ScriptedImporter) -> (artifact id: '775bfa4e21068680759fb6c9fa5febbe') in 0.2547737 seconds
Number of updated asset objects reloaded before import = 0Number of asset objects unloaded after import = 0

========================================================================
Received Import Request.
  Time since last request: 0.000022 seconds.
  path: Assets/Settings/Renderer2D.asset
  artifactKey: Guid(424799608f7334c24bf367e4bbfa7f9a) Importer(2089858483,192608db42251d675da83286b1cce702)
Start importing Assets/Settings/Renderer2D.asset using Guid(424799608f7334c24bf367e4bbfa7f9a) Importer(2089858483,192608db42251d675da83286b1cce702) (ScriptedImporter) -> (artifact id: '7b61f082b2a0cd5438b7658b2e6bef46') in 0.0678141 seconds
Number of updated asset objects reloaded before import = 0Number of asset objects unloaded after import = 1

========================================================================
Received Import Request.
  Time since last request: 0.000028 seconds.
  path: Assets/Scripts/Managers/UIManager.cs
  artifactKey: Guid(0fc9b4012b15c7048ada07800ca50727) Importer(2089858483,192608db42251d675da83286b1cce702)
Start importing Assets/Scripts/Managers/UIManager.cs using Guid(0fc9b4012b15c7048ada07800ca50727) Importer(2089858483,192608db42251d675da83286b1cce702) (ScriptedImporter) -> (artifact id: '8359c79971f5e7fb1bd7e6c126a4ad5c') in 0.0173609 seconds
Number of updated asset objects reloaded before import = 0Number of asset objects unloaded after import = 0

========================================================================
Received Import Request.
  Time since last request: 0.000018 seconds.
  path: Assets/TextMesh Pro/Shaders/TMP_Bitmap.shader
  artifactKey: Guid(128e987d567d4e2c824d754223b3f3b0) Importer(2089858483,192608db42251d675da83286b1cce702)
Start importing Assets/TextMesh Pro/Shaders/TMP_Bitmap.shader using Guid(128e987d567d4e2c824d754223b3f3b0) Importer(2089858483,192608db42251d675da83286b1cce702) (ScriptedImporter) -> (artifact id: '3e410b433c03c067cebd3023d7f4bb4c') in 0.0368554 seconds
Number of updated asset objects reloaded before import = 0Number of asset objects unloaded after import = 1

========================================================================
Received Import Request.
  Time since last request: 0.000017 seconds.
  path: Assets/TextMesh Pro/Shaders/TMP_SDF Overlay.shader
  artifactKey: Guid(dd89cf5b9246416f84610a006f916af7) Importer(2089858483,192608db42251d675da83286b1cce702)
Start importing Assets/TextMesh Pro/Shaders/TMP_SDF Overlay.shader using Guid(dd89cf5b9246416f84610a006f916af7) Importer(2089858483,192608db42251d675da83286b1cce702) (ScriptedImporter) -> (artifact id: 'e627751f1326681195c31e83b0777156') in 0.0168626 seconds
Number of updated asset objects reloaded before import = 0Number of asset objects unloaded after import = 1

========================================================================
Received Import Request.
  Time since last request: 0.000022 seconds.
  path: Assets/TextMesh Pro/Shaders/TMP_SDF-Mobile.shader
  artifactKey: Guid(fe393ace9b354375a9cb14cdbbc28be4) Importer(2089858483,192608db42251d675da83286b1cce702)
Start importing Assets/TextMesh Pro/Shaders/TMP_SDF-Mobile.shader using Guid(fe393ace9b354375a9cb14cdbbc28be4) Importer(2089858483,192608db42251d675da83286b1cce702) (ScriptedImporter) -> (artifact id: '95cc1c177f5b1a2c511e7ca25eac7acf') in 0.0125777 seconds
Number of updated asset objects reloaded before import = 0Number of asset objects unloaded after import = 1

========================================================================
Received Import Request.
  Time since last request: 0.000018 seconds.
  path: Assets/Resources/Enemy.physicsMaterial2D
  artifactKey: Guid(30cce2a29eb040746a2c5d001ac4b809) Importer(2089858483,192608db42251d675da83286b1cce702)
Start importing Assets/Resources/Enemy.physicsMaterial2D using Guid(30cce2a29eb040746a2c5d001ac4b809) Importer(2089858483,192608db42251d675da83286b1cce702) (ScriptedImporter) -> (artifact id: '8bd2fbd4738503c31c421ffaf569bbe8') in 0.0193618 seconds
Number of updated asset objects reloaded before import = 0Number of asset objects unloaded after import = 1

========================================================================
Received Import Request.
  Time since last request: 0.000021 seconds.
  path: Assets/TextMesh Pro/Shaders/TMP_SDF-Mobile SSD.shader
  artifactKey: Guid(c8d12adcee749c344b8117cf7c7eb912) Importer(2089858483,192608db42251d675da83286b1cce702)
Start importing Assets/TextMesh Pro/Shaders/TMP_SDF-Mobile SSD.shader using Guid(c8d12adcee749c344b8117cf7c7eb912) Importer(2089858483,192608db42251d675da83286b1cce702) (ScriptedImporter) -> (artifact id: '6f243f5692535dc061ae1a0c8235c69a') in 0.014646 seconds
Number of updated asset objects reloaded before import = 0Number of asset objects unloaded after import = 1

========================================================================
Received Import Request.
  Time since last request: 0.000029 seconds.
  path: Assets/Packages/System.Security.Cryptography.ProtectedData.4.5.0/version.txt
  artifactKey: Guid(e81959135924fcc449d87073af18ef13) Importer(2089858483,192608db42251d675da83286b1cce702)
Start importing Assets/Packages/System.Security.Cryptography.ProtectedData.4.5.0/version.txt using Guid(e81959135924fcc449d87073af18ef13) Importer(2089858483,192608db42251d675da83286b1cce702) (ScriptedImporter) -> (artifact id: 'e0b9b493faa5e8253b93abfcbe273260') in 0.0161884 seconds
Number of updated asset objects reloaded before import = 0Number of asset objects unloaded after import = 1

========================================================================
Received Import Request.
  Time since last request: 0.000018 seconds.
  path: Assets/Packages/System.Security.AccessControl.4.5.0/LICENSE.TXT
  artifactKey: Guid(b350aaa63d47f1141a3001559b7f218f) Importer(2089858483,192608db42251d675da83286b1cce702)
Start importing Assets/Packages/System.Security.AccessControl.4.5.0/LICENSE.TXT using Guid(b350aaa63d47f1141a3001559b7f218f) Importer(2089858483,192608db42251d675da83286b1cce702) (ScriptedImporter) -> (artifact id: 'f01e37b4f31937970350b8aac83b9e26') in 0.018039 seconds
Number of updated asset objects reloaded before import = 0Number of asset objects unloaded after import = 1

========================================================================
Received Import Request.
  Time since last request: 0.000019 seconds.
  path: Assets/Scripts/Managers/Observer.cs
  artifactKey: Guid(05e26e18dfc398f4f9142847882b05f1) Importer(2089858483,192608db42251d675da83286b1cce702)
Start importing Assets/Scripts/Managers/Observer.cs using Guid(05e26e18dfc398f4f9142847882b05f1) Importer(2089858483,192608db42251d675da83286b1cce702) (ScriptedImporter) -> (artifact id: 'd19eb394704b37a651720e8d71bab6a5') in 0.0125647 seconds
Number of updated asset objects reloaded before import = 0Number of asset objects unloaded after import = 0

========================================================================
Received Import Request.
  Time since last request: 0.000019 seconds.
  path: Assets/Scripts/Helpers/ValidationValue.cs
  artifactKey: Guid(b1aae0e6d6405624d8c3961979a24519) Importer(2089858483,192608db42251d675da83286b1cce702)
Start importing Assets/Scripts/Helpers/ValidationValue.cs using Guid(b1aae0e6d6405624d8c3961979a24519) Importer(2089858483,192608db42251d675da83286b1cce702) (ScriptedImporter) -> (artifact id: '7eea8bc2f27e497ebbf6d527dcc36ab8') in 0.0121263 seconds
Number of updated asset objects reloaded before import = 0Number of asset objects unloaded after import = 0

========================================================================
Received Import Request.
  Time since last request: 0.000018 seconds.
  path: Assets/Packages/System.Security.Principal.Windows.4.5.0/LICENSE.TXT
  artifactKey: Guid(97938c13bcafd9e449cb9a365057d7a2) Importer(2089858483,192608db42251d675da83286b1cce702)
Start importing Assets/Packages/System.Security.Principal.Windows.4.5.0/LICENSE.TXT using Guid(97938c13bcafd9e449cb9a365057d7a2) Importer(2089858483,192608db42251d675da83286b1cce702) (ScriptedImporter) -> (artifact id: 'c37e1445ccdbc75ee7698f9057074250') in 0.0114514 seconds
Number of updated asset objects reloaded before import = 0Number of asset objects unloaded after import = 1

========================================================================
Received Import Request.
  Time since last request: 0.000025 seconds.
  path: Assets/Scripts/Dictionary/DotsDictionary.cs
  artifactKey: Guid(4d919fce5b8a4894aa775ff9e01a9298) Importer(2089858483,192608db42251d675da83286b1cce702)
Start importing Assets/Scripts/Dictionary/DotsDictionary.cs using Guid(4d919fce5b8a4894aa775ff9e01a9298) Importer(2089858483,192608db42251d675da83286b1cce702) (ScriptedImporter) -> (artifact id: '312dc47bef2107d1bf074891d981442e') in 0.0123905 seconds
Number of updated asset objects reloaded before import = 0Number of asset objects unloaded after import = 0

========================================================================
Received Import Request.
  Time since last request: 0.000032 seconds.
  path: Assets/TextMesh Pro/Shaders/TMP_Bitmap-Mobile.shader
  artifactKey: Guid(1e3b057af24249748ff873be7fafee47) Importer(2089858483,192608db42251d675da83286b1cce702)
Start importing Assets/TextMesh Pro/Shaders/TMP_Bitmap-Mobile.shader using Guid(1e3b057af24249748ff873be7fafee47) Importer(2089858483,192608db42251d675da83286b1cce702) (ScriptedImporter) -> (artifact id: '8c6e6395bfca155f0b7696adf342ca96') in 0.0128051 seconds
Number of updated asset objects reloaded before import = 0Number of asset objects unloaded after import = 1

========================================================================
Received Import Request.
  Time since last request: 0.000018 seconds.
  path: Assets/Scripts/Dictionary/EnemyTypesDirectory.cs
  artifactKey: Guid(126739bfd532513479bcf67f9cc8bd1b) Importer(2089858483,192608db42251d675da83286b1cce702)
Start importing Assets/Scripts/Dictionary/EnemyTypesDirectory.cs using Guid(126739bfd532513479bcf67f9cc8bd1b) Importer(2089858483,192608db42251d675da83286b1cce702) (ScriptedImporter) -> (artifact id: '083ca2b3d24f2dfad63a97efd79c70f7') in 0.0110901 seconds
Number of updated asset objects reloaded before import = 0Number of asset objects unloaded after import = 0

========================================================================
Received Import Request.
  Time since last request: 0.000023 seconds.
  path: Assets/Packages/System.Security.Cryptography.ProtectedData.4.5.0/useSharedDesignerContext.txt
  artifactKey: Guid(7e33994aeeb125f41ad8470e694e964c) Importer(2089858483,192608db42251d675da83286b1cce702)
Start importing Assets/Packages/System.Security.Cryptography.ProtectedData.4.5.0/useSharedDesignerContext.txt using Guid(7e33994aeeb125f41ad8470e694e964c) Importer(2089858483,192608db42251d675da83286b1cce702) (ScriptedImporter) -> (artifact id: '4cfa366b329329adcdf411994bad19d3') in 0.0176004 seconds
Number of updated asset objects reloaded before import = 0Number of asset objects unloaded after import = 1

========================================================================
Received Import Request.
  Time since last request: 0.000019 seconds.
  path: Assets/Resources/MainMenu/GIF_Background/title05.png
  artifactKey: Guid(38a619d17f50bc4418559b25d66cd2f5) Importer(2089858483,192608db42251d675da83286b1cce702)
Start importing Assets/Resources/MainMenu/GIF_Background/title05.png using Guid(38a619d17f50bc4418559b25d66cd2f5) Importer(2089858483,192608db42251d675da83286b1cce702) (ScriptedImporter) -> (artifact id: '155195ec3a4fcd6d3140bffc850dc572') in 0.0874214 seconds
Number of updated asset objects reloaded before import = 0Number of asset objects unloaded after import = 3

========================================================================
Received Import Request.
  Time since last request: 0.000426 seconds.
  path: Assets/Resources/MainMenu/GIF_Background/title13.png
  artifactKey: Guid(0d3033c074a6bed4f8c090695638b709) Importer(2089858483,192608db42251d675da83286b1cce702)
Start importing Assets/Resources/MainMenu/GIF_Background/title13.png using Guid(0d3033c074a6bed4f8c090695638b709) Importer(2089858483,192608db42251d675da83286b1cce702) (ScriptedImporter) -> (artifact id: 'a195e4507dec8caf0b6d9c4563e40267') in 0.0242786 seconds
Number of updated asset objects reloaded before import = 0Number of asset objects unloaded after import = 3

========================================================================
Received Import Request.
  Time since last request: 0.000017 seconds.
  path: Assets/Resources/MainMenu/GIF_Background/title12.png
  artifactKey: Guid(1458d5525e644fa43b72970229454651) Importer(2089858483,192608db42251d675da83286b1cce702)
Start importing Assets/Resources/MainMenu/GIF_Background/title12.png using Guid(1458d5525e644fa43b72970229454651) Importer(2089858483,192608db42251d675da83286b1cce702) (ScriptedImporter) -> (artifact id: 'cb62a892fd0b84a51a915073e5ca1d42') in 0.0377076 seconds
Number of updated asset objects reloaded before import = 0Number of asset objects unloaded after import = 3

========================================================================
Received Import Request.
  Time since last request: 0.000017 seconds.
  path: Assets/Resources/log4net.config
  artifactKey: Guid(356792ffc66ef6f46b3f31f7864e2ad9) Importer(2089858483,192608db42251d675da83286b1cce702)
Start importing Assets/Resources/log4net.config using Guid(356792ffc66ef6f46b3f31f7864e2ad9) Importer(2089858483,192608db42251d675da83286b1cce702) (ScriptedImporter) -> (artifact id: '12f36237640c278ddfbb9c4cdc17b0c7') in 0.0206563 seconds
Number of updated asset objects reloaded before import = 0Number of asset objects unloaded after import = 0

========================================================================
Received Import Request.
  Time since last request: 0.000019 seconds.
  path: Assets/Scripts/GameManager.cs
  artifactKey: Guid(14e06628954f97b488065c897a2b0448) Importer(2089858483,192608db42251d675da83286b1cce702)
Start importing Assets/Scripts/GameManager.cs using Guid(14e06628954f97b488065c897a2b0448) Importer(2089858483,192608db42251d675da83286b1cce702) (ScriptedImporter) -> (artifact id: '3935c732c3b9537dc59cd26d354d4848') in 0.0128031 seconds
Number of updated asset objects reloaded before import = 0Number of asset objects unloaded after import = 0

========================================================================
Received Import Request.
  Time since last request: 0.000021 seconds.
  path: Assets/Packages/System.Security.Permissions.4.5.0/useSharedDesignerContext.txt
  artifactKey: Guid(8d95127edc765d5429eba49dca418ea9) Importer(2089858483,192608db42251d675da83286b1cce702)
Start importing Assets/Packages/System.Security.Permissions.4.5.0/useSharedDesignerContext.txt using Guid(8d95127edc765d5429eba49dca418ea9) Importer(2089858483,192608db42251d675da83286b1cce702) (ScriptedImporter) -> (artifact id: '4d690126fbc9643e6f23cee1121d3397') in 0.011259 seconds
Number of updated asset objects reloaded before import = 0Number of asset objects unloaded after import = 1

========================================================================
Received Import Request.
  Time since last request: 0.000028 seconds.
  path: Assets/Settings/Scenes/URP2DSceneTemplate.unity
  artifactKey: Guid(2cda990e2423bbf4892e6590ba056729) Importer(2089858483,192608db42251d675da83286b1cce702)
Start importing Assets/Settings/Scenes/URP2DSceneTemplate.unity using Guid(2cda990e2423bbf4892e6590ba056729) Importer(2089858483,192608db42251d675da83286b1cce702) (ScriptedImporter) -> (artifact id: '6f88026b2e32b17abaf3bdd017f571e4') in 0.0193029 seconds
Number of updated asset objects reloaded before import = 0Number of asset objects unloaded after import = 1

========================================================================
Received Import Request.
  Time since last request: 0.000016 seconds.
  path: Assets/TextMesh Pro/Shaders/TMP_SDF-Surface.shader
  artifactKey: Guid(f7ada0af4f174f0694ca6a487b8f543d) Importer(2089858483,192608db42251d675da83286b1cce702)
Start importing Assets/TextMesh Pro/Shaders/TMP_SDF-Surface.shader using Guid(f7ada0af4f174f0694ca6a487b8f543d) Importer(2089858483,192608db42251d675da83286b1cce702) (ScriptedImporter) -> (artifact id: 'deef7f5ff99e8eb01a87f8628a33965d') in 0.0124172 seconds
Number of updated asset objects reloaded before import = 0Number of asset objects unloaded after import = 1

========================================================================
Received Import Request.
  Time since last request: 0.000020 seconds.
  path: Assets/Resources/MainMenu/GIF_Background/title15.png
  artifactKey: Guid(ae4b3261e5b092149a92b839cc7aa459) Importer(2089858483,192608db42251d675da83286b1cce702)
Start importing Assets/Resources/MainMenu/GIF_Background/title15.png using Guid(ae4b3261e5b092149a92b839cc7aa459) Importer(2089858483,192608db42251d675da83286b1cce702) (ScriptedImporter) -> (artifact id: 'cc81b4d13870a9ed8486496236009cc4') in 0.0197816 seconds
Number of updated asset objects reloaded before import = 0Number of asset objects unloaded after import = 3

========================================================================
Received Import Request.
  Time since last request: 0.000017 seconds.
  path: Assets/Resources/MainMenu/GIF_Background/title17.png
  artifactKey: Guid(33d9ce14575909d43a3811ffb0d19a86) Importer(2089858483,192608db42251d675da83286b1cce702)
Start importing Assets/Resources/MainMenu/GIF_Background/title17.png using Guid(33d9ce14575909d43a3811ffb0d19a86) Importer(2089858483,192608db42251d675da83286b1cce702) (ScriptedImporter) -> (artifact id: '043053109688de0a56b8abefd8845893') in 0.0209673 seconds
Number of updated asset objects reloaded before import = 0Number of asset objects unloaded after import = 3

========================================================================
Received Import Request.
  Time since last request: 0.000017 seconds.
  path: Assets/Packages/System.Security.Permissions.4.5.0/THIRD-PARTY-NOTICES.TXT
  artifactKey: Guid(dbe5ee50efebc60499e67cb2203adb1c) Importer(2089858483,192608db42251d675da83286b1cce702)
Start importing Assets/Packages/System.Security.Permissions.4.5.0/THIRD-PARTY-NOTICES.TXT using Guid(dbe5ee50efebc60499e67cb2203adb1c) Importer(2089858483,192608db42251d675da83286b1cce702) (ScriptedImporter) -> (artifact id: '011d84f80a4ff42e55271a171cf7f092') in 0.0180061 seconds
Number of updated asset objects reloaded before import = 0Number of asset objects unloaded after import = 1

========================================================================
Received Import Request.
  Time since last request: 0.000021 seconds.
  path: Assets/Scripts/Characters/Character.cs
  artifactKey: Guid(02e3d451bb78f624b94d51c36a2d5f7c) Importer(2089858483,192608db42251d675da83286b1cce702)
Start importing Assets/Scripts/Characters/Character.cs using Guid(02e3d451bb78f624b94d51c36a2d5f7c) Importer(2089858483,192608db42251d675da83286b1cce702) (ScriptedImporter) -> (artifact id: '42780e8f68e20c13b1cdae768804f9f4') in 0.0146143 seconds
Number of updated asset objects reloaded before import = 0Number of asset objects unloaded after import = 0

========================================================================
Received Import Request.
  Time since last request: 0.000028 seconds.
  path: Assets/Scripts/Shooting/DetectOfBulletCollision.cs
  artifactKey: Guid(23564f840d2c88940881368b9a9a3073) Importer(2089858483,192608db42251d675da83286b1cce702)
Start importing Assets/Scripts/Shooting/DetectOfBulletCollision.cs using Guid(23564f840d2c88940881368b9a9a3073) Importer(2089858483,192608db42251d675da83286b1cce702) (ScriptedImporter) -> (artifact id: 'ccf84f9f6e3d273349507b46af4abfbe') in 0.0117165 seconds
Number of updated asset objects reloaded before import = 0Number of asset objects unloaded after import = 0

========================================================================
Received Import Request.
  Time since last request: 0.000018 seconds.
  path: Assets/Resources/MainMenu/GIF_Background/title18.png
  artifactKey: Guid(f65d9c7b554f0724096abd6d2f2370b9) Importer(2089858483,192608db42251d675da83286b1cce702)
Start importing Assets/Resources/MainMenu/GIF_Background/title18.png using Guid(f65d9c7b554f0724096abd6d2f2370b9) Importer(2089858483,192608db42251d675da83286b1cce702) (ScriptedImporter) -> (artifact id: '9c12297c41986943443c124e90dcbd95') in 0.0207564 seconds
Number of updated asset objects reloaded before import = 0Number of asset objects unloaded after import = 3

========================================================================
Received Import Request.
  Time since last request: 0.000018 seconds.
  path: Assets/TextMesh Pro/Fonts/LiberationSans - OFL.txt
  artifactKey: Guid(6e59c59b81ab47f9b6ec5781fa725d2c) Importer(2089858483,192608db42251d675da83286b1cce702)
Start importing Assets/TextMesh Pro/Fonts/LiberationSans - OFL.txt using Guid(6e59c59b81ab47f9b6ec5781fa725d2c) Importer(2089858483,192608db42251d675da83286b1cce702) (ScriptedImporter) -> (artifact id: '8e8ea8ebea5fec36a25cfd9748cf6f3f') in 0.0175073 seconds
Number of updated asset objects reloaded before import = 0Number of asset objects unloaded after import = 1

========================================================================
Received Import Request.
  Time since last request: 0.000018 seconds.
  path: Assets/Scripts/Shooting/Shooting.cs
  artifactKey: Guid(395c7e5be2100a847b8f428c5ce7abb5) Importer(2089858483,192608db42251d675da83286b1cce702)
Start importing Assets/Scripts/Shooting/Shooting.cs using Guid(395c7e5be2100a847b8f428c5ce7abb5) Importer(2089858483,192608db42251d675da83286b1cce702) (ScriptedImporter) -> (artifact id: '9ab2e99236e8f47bd5ba25737abc63d3') in 0.0117402 seconds
Number of updated asset objects reloaded before import = 0Number of asset objects unloaded after import = 0

========================================================================
Received Import Request.
  Time since last request: 0.000021 seconds.
  path: Assets/Resources/MainMenu/GIF_Background/title23.png
  artifactKey: Guid(7df6c3b82e5be654187cf259d4fdd3fa) Importer(2089858483,192608db42251d675da83286b1cce702)
Start importing Assets/Resources/MainMenu/GIF_Background/title23.png using Guid(7df6c3b82e5be654187cf259d4fdd3fa) Importer(2089858483,192608db42251d675da83286b1cce702) (ScriptedImporter) -> (artifact id: 'c959d04385b36a2815704a77dcd15d48') in 0.0215913 seconds
Number of updated asset objects reloaded before import = 0Number of asset objects unloaded after import = 3

========================================================================
Received Import Request.
  Time since last request: 0.000020 seconds.
  path: Assets/Resources/MainMenu/GIF_Background/title26.png
  artifactKey: Guid(b1cd2c2644865864ea85319a842e2a96) Importer(2089858483,192608db42251d675da83286b1cce702)
Start importing Assets/Resources/MainMenu/GIF_Background/title26.png using Guid(b1cd2c2644865864ea85319a842e2a96) Importer(2089858483,192608db42251d675da83286b1cce702) (ScriptedImporter) -> (artifact id: '1ffc4f6ef667a80f63ac6864c2522500') in 0.0203469 seconds
Number of updated asset objects reloaded before import = 0Number of asset objects unloaded after import = 3

========================================================================
Received Import Request.
  Time since last request: 0.000028 seconds.
  path: Assets/Packages/log4net.3.0.4/log4net.nuspec
  artifactKey: Guid(be3811d7b60bab4418ac5ce01c1e9295) Importer(2089858483,192608db42251d675da83286b1cce702)
Start importing Assets/Packages/log4net.3.0.4/log4net.nuspec using Guid(be3811d7b60bab4418ac5ce01c1e9295) Importer(2089858483,192608db42251d675da83286b1cce702) (ScriptedImporter) -> (artifact id: '52d0847566d68610996cf398db38b110') in 0.0115294 seconds
Number of updated asset objects reloaded before import = 0Number of asset objects unloaded after import = 1

========================================================================
Received Import Request.
  Time since last request: 0.000018 seconds.
  path: Assets/Scripts/Dictionary/Item/ItemDot.cs
  artifactKey: Guid(12938c7c1bbd5c04a97be0a4bbb18051) Importer(2089858483,192608db42251d675da83286b1cce702)
Start importing Assets/Scripts/Dictionary/Item/ItemDot.cs using Guid(12938c7c1bbd5c04a97be0a4bbb18051) Importer(2089858483,192608db42251d675da83286b1cce702) (ScriptedImporter) -> (artifact id: 'da9f3253d0428356c394acd07a833d36') in 0.0108146 seconds
Number of updated asset objects reloaded before import = 0Number of asset objects unloaded after import = 0

========================================================================
Received Import Request.
  Time since last request: 0.000016 seconds.
  path: Assets/TextMesh Pro/Resources/Fonts & Materials/LiberationSans SDF - Fallback.asset
  artifactKey: Guid(2e498d1c8094910479dc3e1b768306a4) Importer(2089858483,192608db42251d675da83286b1cce702)
Start importing Assets/TextMesh Pro/Resources/Fonts & Materials/LiberationSans SDF - Fallback.asset using Guid(2e498d1c8094910479dc3e1b768306a4) Importer(2089858483,192608db42251d675da83286b1cce702) (ScriptedImporter) -> (artifact id: 'f66375b9b2ca337ff7e5b10c10406880') in 0.0682335 seconds
Number of updated asset objects reloaded before import = 0Number of asset objects unloaded after import = 5

========================================================================
Received Import Request.
  Time since last request: 0.000019 seconds.
  path: Assets/Packages/System.Security.Cryptography.ProtectedData.4.5.0/lib/netstandard2.0/System.Security.Cryptography.ProtectedData.dll
  artifactKey: Guid(ddb5d68a21369c34d992de8e1e733961) Importer(2089858483,192608db42251d675da83286b1cce702)
Start importing Assets/Packages/System.Security.Cryptography.ProtectedData.4.5.0/lib/netstandard2.0/System.Security.Cryptography.ProtectedData.dll using Guid(ddb5d68a21369c34d992de8e1e733961) Importer(2089858483,192608db42251d675da83286b1cce702) (ScriptedImporter) -> (artifact id: '1060d5685f63a6ef6a04fdbf9bac7bd5') in 0.014582 seconds
Number of updated asset objects reloaded before import = 0Number of asset objects unloaded after import = 0

========================================================================
Received Import Request.
  Time since last request: 0.000023 seconds.
  path: Assets/Scripts/Dictionary/Item/ItemImprovableCharactes.cs
  artifactKey: Guid(e4150b8caaf32604b8b827dad45a4d77) Importer(2089858483,192608db42251d675da83286b1cce702)
Start importing Assets/Scripts/Dictionary/Item/ItemImprovableCharactes.cs using Guid(e4150b8caaf32604b8b827dad45a4d77) Importer(2089858483,192608db42251d675da83286b1cce702) (ScriptedImporter) -> (artifact id: '2ed3f81703b6be4f42f54c29f7415256') in 0.0129639 seconds
Number of updated asset objects reloaded before import = 0Number of asset objects unloaded after import = 0

========================================================================
Received Import Request.
  Time since last request: 0.000029 seconds.
  path: Assets/Packages/log4net.3.0.4/lib/netstandard2.0/log4net.dll
  artifactKey: Guid(40201c4ca6a064d4096a39089727d259) Importer(2089858483,192608db42251d675da83286b1cce702)
Start importing Assets/Packages/log4net.3.0.4/lib/netstandard2.0/log4net.dll using Guid(40201c4ca6a064d4096a39089727d259) Importer(2089858483,192608db42251d675da83286b1cce702) (ScriptedImporter) -> (artifact id: '47655871c63d22276ea0b4cb5df33c03') in 0.013153 seconds
Number of updated asset objects reloaded before import = 0Number of asset objects unloaded after import = 0

========================================================================
Received Import Request.
  Time since last request: 0.000019 seconds.
  path: Assets/Packages/System.Configuration.ConfigurationManager.4.5.0/lib/netstandard2.0/System.Configuration.ConfigurationManager.dll
  artifactKey: Guid(8b44f01b7929c1e418d2c3a9d61dc01d) Importer(2089858483,192608db42251d675da83286b1cce702)
Start importing Assets/Packages/System.Configuration.ConfigurationManager.4.5.0/lib/netstandard2.0/System.Configuration.ConfigurationManager.dll using Guid(8b44f01b7929c1e418d2c3a9d61dc01d) Importer(2089858483,192608db42251d675da83286b1cce702) (ScriptedImporter) -> (artifact id: 'daa648a5bf6eab6aa907140827eb0067') in 0.0126318 seconds
Number of updated asset objects reloaded before import = 0Number of asset objects unloaded after import = 0

========================================================================
Received Import Request.
  Time since last request: 0.000018 seconds.
  path: Assets/Scripts/Interfaces/IHealable.cs
  artifactKey: Guid(5efb305cf5d5d6b458d347447d1b36da) Importer(2089858483,192608db42251d675da83286b1cce702)
Start importing Assets/Scripts/Interfaces/IHealable.cs using Guid(5efb305cf5d5d6b458d347447d1b36da) Importer(2089858483,192608db42251d675da83286b1cce702) (ScriptedImporter) -> (artifact id: 'e7ea430228062ec452f9125c02153b27') in 0.0119303 seconds
Number of updated asset objects reloaded before import = 0Number of asset objects unloaded after import = 0

========================================================================
Received Import Request.
  Time since last request: 0.000017 seconds.
  path: Assets/Resources/MainMenu/GIF_Background/BG_Animation.anim
  artifactKey: Guid(33f9ffaca2841cc4fa99ef2afe025690) Importer(2089858483,192608db42251d675da83286b1cce702)
Start importing Assets/Resources/MainMenu/GIF_Background/BG_Animation.anim using Guid(33f9ffaca2841cc4fa99ef2afe025690) Importer(2089858483,192608db42251d675da83286b1cce702) (ScriptedImporter) -> (artifact id: 'e083068a6d01fbb8f272d3c84e53f889') in 0.0217678 seconds
Number of updated asset objects reloaded before import = 0Number of asset objects unloaded after import = 1

========================================================================
Received Import Request.
  Time since last request: 0.000017 seconds.
  path: Assets/TextMesh Pro/Resources/LineBreaking Leading Characters.txt
  artifactKey: Guid(d82c1b31c7e74239bff1220585707d2b) Importer(2089858483,192608db42251d675da83286b1cce702)
Start importing Assets/TextMesh Pro/Resources/LineBreaking Leading Characters.txt using Guid(d82c1b31c7e74239bff1220585707d2b) Importer(2089858483,192608db42251d675da83286b1cce702) (ScriptedImporter) -> (artifact id: '5c9ff0268d91da04c20b25f7b1d6de4b') in 0.0134123 seconds
Number of updated asset objects reloaded before import = 0Number of asset objects unloaded after import = 1

========================================================================
Received Import Request.
  Time since last request: 0.000022 seconds.
  path: Assets/Fonts/RobotoMono-Regular SDF.asset
  artifactKey: Guid(38e0cbeaa2b87c74bbaecd865649aa55) Importer(2089858483,192608db42251d675da83286b1cce702)
Start importing Assets/Fonts/RobotoMono-Regular SDF.asset using Guid(38e0cbeaa2b87c74bbaecd865649aa55) Importer(2089858483,192608db42251d675da83286b1cce702) (ScriptedImporter) -> (artifact id: '2cfb3c50e310aff83c16b46f4bc250fb') in 0.0484702 seconds
Number of updated asset objects reloaded before import = 0Number of asset objects unloaded after import = 5

========================================================================
Received Import Request.
  Time since last request: 0.000034 seconds.
  path: Assets/TextMesh Pro/Sprites/EmojiOne.json
  artifactKey: Guid(8f05276190cf498a8153f6cbe761d4e6) Importer(2089858483,192608db42251d675da83286b1cce702)
Start importing Assets/TextMesh Pro/Sprites/EmojiOne.json using Guid(8f05276190cf498a8153f6cbe761d4e6) Importer(2089858483,192608db42251d675da83286b1cce702) (ScriptedImporter) -> (artifact id: '468ed65adecd14f823ce5c3fc67d464b') in 0.0182567 seconds
Number of updated asset objects reloaded before import = 0Number of asset objects unloaded after import = 1

========================================================================
Received Import Request.
  Time since last request: 0.000017 seconds.
  path: Assets/Packages/System.Security.AccessControl.4.5.0/System.Security.AccessControl.nuspec
  artifactKey: Guid(4cff141cc04999c4ba76615126b060b8) Importer(2089858483,192608db42251d675da83286b1cce702)
Start importing Assets/Packages/System.Security.AccessControl.4.5.0/System.Security.AccessControl.nuspec using Guid(4cff141cc04999c4ba76615126b060b8) Importer(2089858483,192608db42251d675da83286b1cce702) (ScriptedImporter) -> (artifact id: 'eafecf53f69c50e061ebf18ef37d7614') in 0.0108764 seconds
Number of updated asset objects reloaded before import = 0Number of asset objects unloaded after import = 1

========================================================================
Received Import Request.
  Time since last request: 0.000018 seconds.
  path: Assets/Scripts/Dictionary/Item/ItemCharacter.cs
  artifactKey: Guid(2bcc63592d73a694aaf8eaf752726abd) Importer(2089858483,192608db42251d675da83286b1cce702)
Start importing Assets/Scripts/Dictionary/Item/ItemCharacter.cs using Guid(2bcc63592d73a694aaf8eaf752726abd) Importer(2089858483,192608db42251d675da83286b1cce702) (ScriptedImporter) -> (artifact id: '659fe42b9038ab27da69e49b1e33b7bc') in 0.0108309 seconds
Number of updated asset objects reloaded before import = 0Number of asset objects unloaded after import = 0

========================================================================
Received Import Request.
  Time since last request: 0.000018 seconds.
  path: Assets/Fonts/RobotoMono-Regular.ttf
  artifactKey: Guid(75b3cf1b6a83523408f018cd80a5e063) Importer(2089858483,192608db42251d675da83286b1cce702)
Start importing Assets/Fonts/RobotoMono-Regular.ttf using Guid(75b3cf1b6a83523408f018cd80a5e063) Importer(2089858483,192608db42251d675da83286b1cce702) (ScriptedImporter) -> (artifact id: '6711dcb84458a4ea9a777b0fb026e9c4') in 0.0200605 seconds
Number of updated asset objects reloaded before import = 0Number of asset objects unloaded after import = 3

========================================================================
Received Import Request.
  Time since last request: 0.000016 seconds.
  path: Assets/TextMesh Pro/Shaders/TMPro.cginc
  artifactKey: Guid(407bc68d299748449bbf7f48ee690f8d) Importer(2089858483,192608db42251d675da83286b1cce702)
Start importing Assets/TextMesh Pro/Shaders/TMPro.cginc using Guid(407bc68d299748449bbf7f48ee690f8d) Importer(2089858483,192608db42251d675da83286b1cce702) (ScriptedImporter) -> (artifact id: '018e1794edd7dc405b6e09f6a3a35874') in 0.016849 seconds
Number of updated asset objects reloaded before import = 0Number of asset objects unloaded after import = 1

========================================================================
Received Import Request.
  Time since last request: 0.000019 seconds.
  path: Assets/Resources/MainMenu/GIF_Background/title09.png
  artifactKey: Guid(830a48c171651df45b2b2aea67177c9e) Importer(2089858483,192608db42251d675da83286b1cce702)
Start importing Assets/Resources/MainMenu/GIF_Background/title09.png using Guid(830a48c171651df45b2b2aea67177c9e) Importer(2089858483,192608db42251d675da83286b1cce702) (ScriptedImporter) -> (artifact id: '4ee80c0cc07e0eaae2d8cb628b629702') in 0.0193092 seconds
Number of updated asset objects reloaded before import = 0Number of asset objects unloaded after import = 3

========================================================================
Received Import Request.
  Time since last request: 0.000026 seconds.
  path: Assets/Resources/MainMenu/459-4591060_30-game-buttons-set-collection.png
  artifactKey: Guid(80a350136bc3cf04db95f21fe099a0f1) Importer(2089858483,192608db42251d675da83286b1cce702)
Start importing Assets/Resources/MainMenu/459-4591060_30-game-buttons-set-collection.png using Guid(80a350136bc3cf04db95f21fe099a0f1) Importer(2089858483,192608db42251d675da83286b1cce702) (ScriptedImporter) -> (artifact id: '5c2685b3adabf50d76ece752ba4f2aca') in 0.1088408 seconds
Number of updated asset objects reloaded before import = 0Number of asset objects unloaded after import = 62

========================================================================
Received Import Request.
  Time since last request: 0.000019 seconds.
  path: Assets/Scripts/Dictionary/ImprovableCharactesDictionary.cs
  artifactKey: Guid(e5c5b565a6b9446478eb84de9b67835f) Importer(2089858483,192608db42251d675da83286b1cce702)
Start importing Assets/Scripts/Dictionary/ImprovableCharactesDictionary.cs using Guid(e5c5b565a6b9446478eb84de9b67835f) Importer(2089858483,192608db42251d675da83286b1cce702) (ScriptedImporter) -> (artifact id: 'a9e93123da193b918e1bb530ca9105d8') in 0.0122091 seconds
Number of updated asset objects reloaded before import = 0Number of asset objects unloaded after import = 0

========================================================================
Received Import Request.
  Time since last request: 0.000019 seconds.
  path: Assets/Scenes/MainMenu.unity
  artifactKey: Guid(4d37620fb65b18b4888393557349b2ba) Importer(2089858483,192608db42251d675da83286b1cce702)
Start importing Assets/Scenes/MainMenu.unity using Guid(4d37620fb65b18b4888393557349b2ba) Importer(2089858483,192608db42251d675da83286b1cce702) (ScriptedImporter) -> (artifact id: '99a099ffdc9d26fa283ccce3e8ed0652') in 0.0117369 seconds
Number of updated asset objects reloaded before import = 0Number of asset objects unloaded after import = 1

========================================================================
Received Import Request.
  Time since last request: 0.000021 seconds.
  path: Assets/Scripts/Interfaces/IAttacker.cs
  artifactKey: Guid(35739365bf63a0a43961b5d27a46ea96) Importer(2089858483,192608db42251d675da83286b1cce702)
Start importing Assets/Scripts/Interfaces/IAttacker.cs using Guid(35739365bf63a0a43961b5d27a46ea96) Importer(2089858483,192608db42251d675da83286b1cce702) (ScriptedImporter) -> (artifact id: '3bb146f9df3f9fb43950a3e6564c5fb1') in 0.0111502 seconds
Number of updated asset objects reloaded before import = 0Number of asset objects unloaded after import = 0

========================================================================
Received Import Request.
  Time since last request: 0.000030 seconds.
  path: Assets/Resources/MainMenu/GIF_Background/title01.png
  artifactKey: Guid(a2c413bba8ee94f49a9c255d5b06b717) Importer(2089858483,192608db42251d675da83286b1cce702)
Start importing Assets/Resources/MainMenu/GIF_Background/title01.png using Guid(a2c413bba8ee94f49a9c255d5b06b717) Importer(2089858483,192608db42251d675da83286b1cce702) (ScriptedImporter) -> (artifact id: 'd4840cfb7ac7202b2a04a6061f9e64fb') in 0.0212362 seconds
Number of updated asset objects reloaded before import = 0Number of asset objects unloaded after import = 3

========================================================================
Received Import Request.
  Time since last request: 0.000019 seconds.
  path: Assets/TextMesh Pro/Sprites/EmojiOne.png
  artifactKey: Guid(dffef66376be4fa480fb02b19edbe903) Importer(2089858483,192608db42251d675da83286b1cce702)
Start importing Assets/TextMesh Pro/Sprites/EmojiOne.png using Guid(dffef66376be4fa480fb02b19edbe903) Importer(2089858483,192608db42251d675da83286b1cce702) (ScriptedImporter) -> (artifact id: '0f46be5ac08de402d86af2d964357e4a') in 0.0237651 seconds
Number of updated asset objects reloaded before import = 0Number of asset objects unloaded after import = 1

========================================================================
Received Import Request.
  Time since last request: 0.000017 seconds.
  path: Assets/Resources/MainMenu/GIF_Background/title04.png
  artifactKey: Guid(6f3e9f2217e702d4086bffce97a32312) Importer(2089858483,192608db42251d675da83286b1cce702)
Start importing Assets/Resources/MainMenu/GIF_Background/title04.png using Guid(6f3e9f2217e702d4086bffce97a32312) Importer(2089858483,192608db42251d675da83286b1cce702) (ScriptedImporter) -> (artifact id: 'd7d371cc31d188a5cee5ba833e0bd1c2') in 0.0196159 seconds
Number of updated asset objects reloaded before import = 0Number of asset objects unloaded after import = 3

========================================================================
Received Import Request.
  Time since last request: 0.000018 seconds.
  path: Assets/TextMesh Pro/Shaders/TMP_SDF-URP Unlit.shadergraph
  artifactKey: Guid(124c112a6e8f1a54e8b0870e881b56d8) Importer(2089858483,192608db42251d675da83286b1cce702)
Start importing Assets/TextMesh Pro/Shaders/TMP_SDF-URP Unlit.shadergraph using Guid(124c112a6e8f1a54e8b0870e881b56d8) Importer(2089858483,192608db42251d675da83286b1cce702) (ScriptedImporter) -> (artifact id: '99f63562093013c36583a60900c2aec4') in 0.0432233 seconds
Number of updated asset objects reloaded before import = 0Number of asset objects unloaded after import = 4

========================================================================
Received Import Request.
  Time since last request: 0.000022 seconds.
  path: Assets/Scripts/MoveEnemy/EnemyTestAI.cs
  artifactKey: Guid(4466c0c431ba7c4478b8269b6e05bff6) Importer(2089858483,192608db42251d675da83286b1cce702)
Start importing Assets/Scripts/MoveEnemy/EnemyTestAI.cs using Guid(4466c0c431ba7c4478b8269b6e05bff6) Importer(2089858483,192608db42251d675da83286b1cce702) (ScriptedImporter) -> (artifact id: '664f71ea5bf267d620d22250cce27d20') in 0.0121932 seconds
Number of updated asset objects reloaded before import = 0Number of asset objects unloaded after import = 0

========================================================================
Received Import Request.
  Time since last request: 0.000041 seconds.
  path: Assets/TextMesh Pro/Shaders/TMP_Bitmap-Custom-Atlas.shader
  artifactKey: Guid(48bb5f55d8670e349b6e614913f9d910) Importer(2089858483,192608db42251d675da83286b1cce702)
Start importing Assets/TextMesh Pro/Shaders/TMP_Bitmap-Custom-Atlas.shader using Guid(48bb5f55d8670e349b6e614913f9d910) Importer(2089858483,192608db42251d675da83286b1cce702) (ScriptedImporter) -> (artifact id: 'c9e112ad768266e49d7d8993a034aa5d') in 0.0140913 seconds
Number of updated asset objects reloaded before import = 0Number of asset objects unloaded after import = 1

========================================================================
Received Import Request.
  Time since last request: 0.000018 seconds.
  path: Assets/Packages/System.Security.AccessControl.4.5.0/useSharedDesignerContext.txt
  artifactKey: Guid(7a15f722c91e5af4da639c8313b4b7b1) Importer(2089858483,192608db42251d675da83286b1cce702)
Start importing Assets/Packages/System.Security.AccessControl.4.5.0/useSharedDesignerContext.txt using Guid(7a15f722c91e5af4da639c8313b4b7b1) Importer(2089858483,192608db42251d675da83286b1cce702) (ScriptedImporter) -> (artifact id: '1efd1f79a3a2d620e40a6377df76d140') in 0.0176016 seconds
Number of updated asset objects reloaded before import = 0Number of asset objects unloaded after import = 1

========================================================================
Received Import Request.
  Time since last request: 0.000019 seconds.
  path: Assets/Scripts/Managers/DropManager.cs
  artifactKey: Guid(d6fa5e1ba6a5b404fa8db481423b5bbd) Importer(2089858483,192608db42251d675da83286b1cce702)
Start importing Assets/Scripts/Managers/DropManager.cs using Guid(d6fa5e1ba6a5b404fa8db481423b5bbd) Importer(2089858483,192608db42251d675da83286b1cce702) (ScriptedImporter) -> (artifact id: 'e2859ebe8adf437b0c53ed309cfbf5a5') in 0.0139157 seconds
Number of updated asset objects reloaded before import = 0Number of asset objects unloaded after import = 0

========================================================================
Received Import Request.
  Time since last request: 0.000023 seconds.
  path: Assets/packages.config
  artifactKey: Guid(9ff9bbc99fd069b488e406e4d68aebfb) Importer(2089858483,192608db42251d675da83286b1cce702)
Start importing Assets/packages.config using Guid(9ff9bbc99fd069b488e406e4d68aebfb) Importer(2089858483,192608db42251d675da83286b1cce702) (ScriptedImporter) -> (artifact id: '7549d71e77d3b568e1960b10605b6ea6') in 0.0129556 seconds
Number of updated asset objects reloaded before import = 0Number of asset objects unloaded after import = 0

========================================================================
Received Import Request.
  Time since last request: 0.000020 seconds.
  path: Assets/Packages/System.Security.Principal.Windows.4.5.0/useSharedDesignerContext.txt
  artifactKey: Guid(1f8a09df3f93ae649b927684b64e0d2a) Importer(2089858483,192608db42251d675da83286b1cce702)
Start importing Assets/Packages/System.Security.Principal.Windows.4.5.0/useSharedDesignerContext.txt using Guid(1f8a09df3f93ae649b927684b64e0d2a) Importer(2089858483,192608db42251d675da83286b1cce702) (ScriptedImporter) -> (artifact id: 'a2d7ca73853779bcc4341baeb7269524') in 0.0237415 seconds
Number of updated asset objects reloaded before import = 0Number of asset objects unloaded after import = 1

========================================================================
Received Import Request.
  Time since last request: 0.000030 seconds.
  path: Assets/Packages/System.Security.Principal.Windows.4.5.0/System.Security.Principal.Windows.nuspec
  artifactKey: Guid(53182099adb4662498e2a8e0653db6d9) Importer(2089858483,192608db42251d675da83286b1cce702)
Start importing Assets/Packages/System.Security.Principal.Windows.4.5.0/System.Security.Principal.Windows.nuspec using Guid(53182099adb4662498e2a8e0653db6d9) Importer(2089858483,192608db42251d675da83286b1cce702) (ScriptedImporter) -> (artifact id: '6b35a9a7ac688802faaa0605a87dbe8c') in 0.0113637 seconds
Number of updated asset objects reloaded before import = 0Number of asset objects unloaded after import = 1

========================================================================
Received Import Request.
  Time since last request: 0.000019 seconds.
  path: Assets/Scripts/Dictionary/CharactersDictionary.cs
  artifactKey: Guid(efee7b5cb91c1b249b6d4455569afd61) Importer(2089858483,192608db42251d675da83286b1cce702)
Start importing Assets/Scripts/Dictionary/CharactersDictionary.cs using Guid(efee7b5cb91c1b249b6d4455569afd61) Importer(2089858483,192608db42251d675da83286b1cce702) (ScriptedImporter) -> (artifact id: '5276cf005726b88bc2c09471e9a4c738') in 0.0115771 seconds
Number of updated asset objects reloaded before import = 0Number of asset objects unloaded after import = 0

========================================================================
Received Import Request.
  Time since last request: 0.000019 seconds.
  path: Assets/Packages/System.Configuration.ConfigurationManager.4.5.0/THIRD-PARTY-NOTICES.TXT
  artifactKey: Guid(781df78c70a8f05439065c5358531512) Importer(2089858483,192608db42251d675da83286b1cce702)
Start importing Assets/Packages/System.Configuration.ConfigurationManager.4.5.0/THIRD-PARTY-NOTICES.TXT using Guid(781df78c70a8f05439065c5358531512) Importer(2089858483,192608db42251d675da83286b1cce702) (ScriptedImporter) -> (artifact id: '6951278142448c68aca50755c6ad428b') in 0.0126871 seconds
Number of updated asset objects reloaded before import = 0Number of asset objects unloaded after import = 1

========================================================================
Received Import Request.
  Time since last request: 0.000019 seconds.
  path: Assets/TextMesh Pro/Shaders/TMP_SDF-Mobile-2-Pass.shader
  artifactKey: Guid(0178fcb869bafef4690d177d31d17db8) Importer(2089858483,192608db42251d675da83286b1cce702)
Start importing Assets/TextMesh Pro/Shaders/TMP_SDF-Mobile-2-Pass.shader using Guid(0178fcb869bafef4690d177d31d17db8) Importer(2089858483,192608db42251d675da83286b1cce702) (ScriptedImporter) -> (artifact id: 'a769b712b4400b3630de5905bd4d4e9c') in 0.0136719 seconds
Number of updated asset objects reloaded before import = 0Number of asset objects unloaded after import = 1

========================================================================
Received Import Request.
  Time since last request: 0.000017 seconds.
  path: Assets/Resources/MainMenu/GIF_Background/title08.png
  artifactKey: Guid(e94abbf47b492454fb89025945821625) Importer(2089858483,192608db42251d675da83286b1cce702)
Start importing Assets/Resources/MainMenu/GIF_Background/title08.png using Guid(e94abbf47b492454fb89025945821625) Importer(2089858483,192608db42251d675da83286b1cce702) (ScriptedImporter) -> (artifact id: '3b84c34f0c32437b1adfb7346bb642d6') in 0.0226206 seconds
Number of updated asset objects reloaded before import = 0Number of asset objects unloaded after import = 3

========================================================================
Received Import Request.
  Time since last request: 0.000020 seconds.
  path: Assets/NuGet.config
  artifactKey: Guid(ae663c11ade2dc14baa4de16da95947a) Importer(2089858483,192608db42251d675da83286b1cce702)
Start importing Assets/NuGet.config using Guid(ae663c11ade2dc14baa4de16da95947a) Importer(2089858483,192608db42251d675da83286b1cce702) (ScriptedImporter) -> (artifact id: '190f642ff6bc77c9f923e01c482170f5') in 0.0124414 seconds
Number of updated asset objects reloaded before import = 0Number of asset objects unloaded after import = 0

========================================================================
Received Import Request.
  Time since last request: 0.000033 seconds.
  path: Assets/Packages/System.Security.Principal.Windows.4.5.0/lib/netstandard2.0/System.Security.Principal.Windows.dll
  artifactKey: Guid(d20262c6a383ac04db098ab579e1e645) Importer(2089858483,192608db42251d675da83286b1cce702)
Start importing Assets/Packages/System.Security.Principal.Windows.4.5.0/lib/netstandard2.0/System.Security.Principal.Windows.dll using Guid(d20262c6a383ac04db098ab579e1e645) Importer(2089858483,192608db42251d675da83286b1cce702) (ScriptedImporter) -> (artifact id: '36073713f69970dc025ba2b638c9c713') in 0.0134314 seconds
Number of updated asset objects reloaded before import = 0Number of asset objects unloaded after import = 0

========================================================================
Received Import Request.
  Time since last request: 0.000022 seconds.
  path: Assets/Resources/MainMenu/GIF_Background/title03.png
  artifactKey: Guid(71a11e8a07ca38e48bb5276a4627db54) Importer(2089858483,192608db42251d675da83286b1cce702)
Start importing Assets/Resources/MainMenu/GIF_Background/title03.png using Guid(71a11e8a07ca38e48bb5276a4627db54) Importer(2089858483,192608db42251d675da83286b1cce702) (ScriptedImporter) -> (artifact id: '10335263989f2b2f865529ce3799cc56') in 0.0203329 seconds
Number of updated asset objects reloaded before import = 0Number of asset objects unloaded after import = 3

========================================================================
Received Import Request.
  Time since last request: 0.000018 seconds.
  path: Assets/Packages/System.Security.Cryptography.ProtectedData.4.5.0/LICENSE.TXT
  artifactKey: Guid(fe1e337e21702d94f83a1d48b04394dc) Importer(2089858483,192608db42251d675da83286b1cce702)
Start importing Assets/Packages/System.Security.Cryptography.ProtectedData.4.5.0/LICENSE.TXT using Guid(fe1e337e21702d94f83a1d48b04394dc) Importer(2089858483,192608db42251d675da83286b1cce702) (ScriptedImporter) -> (artifact id: '62dbcf6df28268de37ea3c87d12bdd23') in 0.0121433 seconds
Number of updated asset objects reloaded before import = 0Number of asset objects unloaded after import = 1

========================================================================
Received Import Request.
  Time since last request: 0.000018 seconds.
  path: Assets/Packages/System.Security.Permissions.4.5.0/LICENSE.TXT
  artifactKey: Guid(fab10046eab63954fa37e5367b4ace36) Importer(2089858483,192608db42251d675da83286b1cce702)
Start importing Assets/Packages/System.Security.Permissions.4.5.0/LICENSE.TXT using Guid(fab10046eab63954fa37e5367b4ace36) Importer(2089858483,192608db42251d675da83286b1cce702) (ScriptedImporter) -> (artifact id: '5f3889c3c7a4873ceac079998744ae25') in 0.0109982 seconds
Number of updated asset objects reloaded before import = 0Number of asset objects unloaded after import = 1

========================================================================
Received Import Request.
  Time since last request: 0.000019 seconds.
  path: Assets/Packages/System.Configuration.ConfigurationManager.4.5.0/useSharedDesignerContext.txt
  artifactKey: Guid(84da057b36ccff04ba5b44eea1a7f6f0) Importer(2089858483,192608db42251d675da83286b1cce702)
Start importing Assets/Packages/System.Configuration.ConfigurationManager.4.5.0/useSharedDesignerContext.txt using Guid(84da057b36ccff04ba5b44eea1a7f6f0) Importer(2089858483,192608db42251d675da83286b1cce702) (ScriptedImporter) -> (artifact id: '7b58dc6f215f41b1284435cf5f00c52c') in 0.0117723 seconds
Number of updated asset objects reloaded before import = 0Number of asset objects unloaded after import = 1

========================================================================
Received Import Request.
  Time since last request: 0.000024 seconds.
  path: Assets/Scripts/Dictionary/Item/ItemEnemyTypesDirectory.cs
  artifactKey: Guid(e0489adaf303c864490d096a8b6be413) Importer(2089858483,192608db42251d675da83286b1cce702)
Start importing Assets/Scripts/Dictionary/Item/ItemEnemyTypesDirectory.cs using Guid(e0489adaf303c864490d096a8b6be413) Importer(2089858483,192608db42251d675da83286b1cce702) (ScriptedImporter) -> (artifact id: '4c729a0b506a6b713cde74e84142fc70') in 0.0113482 seconds
Number of updated asset objects reloaded before import = 0Number of asset objects unloaded after import = 0

========================================================================
Received Import Request.
  Time since last request: 0.000034 seconds.
  path: Assets/Resources/MainMenu/GIF_Background/title31.png
  artifactKey: Guid(e53ace197e3f2114aa61cef5c7538cc4) Importer(2089858483,192608db42251d675da83286b1cce702)
Start importing Assets/Resources/MainMenu/GIF_Background/title31.png using Guid(e53ace197e3f2114aa61cef5c7538cc4) Importer(2089858483,192608db42251d675da83286b1cce702) (ScriptedImporter) -> (artifact id: '580f281ddf5c85137861ef8f30a6db29') in 0.0184394 seconds
Number of updated asset objects reloaded before import = 0Number of asset objects unloaded after import = 3

========================================================================
Received Import Request.
  Time since last request: 0.000017 seconds.
  path: Assets/TextMesh Pro/Shaders/TMP_SDF-HDRP UNLIT.shadergraph
  artifactKey: Guid(f63d574838ccfb44f84acc05fed0af48) Importer(2089858483,192608db42251d675da83286b1cce702)
Start importing Assets/TextMesh Pro/Shaders/TMP_SDF-HDRP UNLIT.shadergraph using Guid(f63d574838ccfb44f84acc05fed0af48) Importer(2089858483,192608db42251d675da83286b1cce702) (ScriptedImporter) -> (artifact id: '8e4d984b4c93ea7b2576245f19fd7dac') in 0.0291756 seconds
Number of updated asset objects reloaded before import = 0Number of asset objects unloaded after import = 3

========================================================================
Received Import Request.
  Time since last request: 0.000017 seconds.
  path: Assets/TextMesh Pro/Shaders/TMP_Sprite.shader
  artifactKey: Guid(cf81c85f95fe47e1a27f6ae460cf182c) Importer(2089858483,192608db42251d675da83286b1cce702)
Start importing Assets/TextMesh Pro/Shaders/TMP_Sprite.shader using Guid(cf81c85f95fe47e1a27f6ae460cf182c) Importer(2089858483,192608db42251d675da83286b1cce702) (ScriptedImporter) -> (artifact id: 'cc7811a70da479027d58334f690890ef') in 0.0150977 seconds
Number of updated asset objects reloaded before import = 0Number of asset objects unloaded after import = 1

========================================================================
Received Import Request.
  Time since last request: 0.000017 seconds.
  path: Assets/Packages/log4net.3.0.4/lib/netstandard2.0/log4net.xml
  artifactKey: Guid(ad4b4a3681273254996336274b1fe18b) Importer(2089858483,192608db42251d675da83286b1cce702)
Start importing Assets/Packages/log4net.3.0.4/lib/netstandard2.0/log4net.xml using Guid(ad4b4a3681273254996336274b1fe18b) Importer(2089858483,192608db42251d675da83286b1cce702) (ScriptedImporter) -> (artifact id: '9bebcf234ca1e3d1f59deba429082d2d') in 0.0207164 seconds
Number of updated asset objects reloaded before import = 0Number of asset objects unloaded after import = 1

========================================================================
Received Import Request.
  Time since last request: 0.000021 seconds.
  path: Assets/TextMesh Pro/Sprites/EmojiOne Attribution.txt
  artifactKey: Guid(381dcb09d5029d14897e55f98031fca5) Importer(2089858483,192608db42251d675da83286b1cce702)
Start importing Assets/TextMesh Pro/Sprites/EmojiOne Attribution.txt using Guid(381dcb09d5029d14897e55f98031fca5) Importer(2089858483,192608db42251d675da83286b1cce702) (ScriptedImporter) -> (artifact id: 'ac346d1b0efab26aa2304aef3661a6c7') in 0.0192878 seconds
Number of updated asset objects reloaded before import = 0Number of asset objects unloaded after import = 1

========================================================================
Received Import Request.
  Time since last request: 0.000030 seconds.
  path: Assets/Packages/System.Security.AccessControl.4.5.0/version.txt
  artifactKey: Guid(3b903627b80214b4e94bcfcf6caccba1) Importer(2089858483,192608db42251d675da83286b1cce702)
Start importing Assets/Packages/System.Security.AccessControl.4.5.0/version.txt using Guid(3b903627b80214b4e94bcfcf6caccba1) Importer(2089858483,192608db42251d675da83286b1cce702) (ScriptedImporter) -> (artifact id: '3c4ab41e047b555f8ca8d85059c44a08') in 0.0111064 seconds
Number of updated asset objects reloaded before import = 0Number of asset objects unloaded after import = 1

========================================================================
Received Import Request.
  Time since last request: 0.000018 seconds.
  path: Assets/Scripts/CameraController.cs
  artifactKey: Guid(8d3214703693c644ca88cd462fa3f82a) Importer(2089858483,192608db42251d675da83286b1cce702)
Start importing Assets/Scripts/CameraController.cs using Guid(8d3214703693c644ca88cd462fa3f82a) Importer(2089858483,192608db42251d675da83286b1cce702) (ScriptedImporter) -> (artifact id: 'dab1f2e06e0aa4be6807166849480f82') in 0.0116029 seconds
Number of updated asset objects reloaded before import = 0Number of asset objects unloaded after import = 0

========================================================================
Received Import Request.
  Time since last request: 37.655995 seconds.
  path: Assets/Resources/MainMenu/GIF_Background/title26.png
  artifactKey: Guid(b1cd2c2644865864ea85319a842e2a96) Importer(815301076,1909f56bfc062723c751e8b465ee728b)
Start importing Assets/Resources/MainMenu/GIF_Background/title26.png using Guid(b1cd2c2644865864ea85319a842e2a96) Importer(815301076,1909f56bfc062723c751e8b465ee728b) (PreviewImporter) -> (artifact id: '7fa591618dcb445226fc032a4eb55d5e') in 0.106606 seconds
Number of updated asset objects reloaded before import = 0Number of asset objects unloaded after import = 3

========================================================================
Received Import Request.
  Time since last request: 0.000022 seconds.
  path: Assets/Resources/MainMenu/GIF_Background/title12.png
  artifactKey: Guid(1458d5525e644fa43b72970229454651) Importer(815301076,1909f56bfc062723c751e8b465ee728b)
Start importing Assets/Resources/MainMenu/GIF_Background/title12.png using Guid(1458d5525e644fa43b72970229454651) Importer(815301076,1909f56bfc062723c751e8b465ee728b) (PreviewImporter) -> (artifact id: '5d8b636301d655977e06f629f37257f7') in 0.0232617 seconds
Number of updated asset objects reloaded before import = 0Number of asset objects unloaded after import = 3

========================================================================
Received Import Request.
  Time since last request: 0.000030 seconds.
  path: Assets/Resources/MainMenu/GIF_Background/title15.png
  artifactKey: Guid(ae4b3261e5b092149a92b839cc7aa459) Importer(815301076,1909f56bfc062723c751e8b465ee728b)
Start importing Assets/Resources/MainMenu/GIF_Background/title15.png using Guid(ae4b3261e5b092149a92b839cc7aa459) Importer(815301076,1909f56bfc062723c751e8b465ee728b) (PreviewImporter) -> (artifact id: '9a3cd877e02882eaa00d7ea0561c33e0') in 0.0092627 seconds
Number of updated asset objects reloaded before import = 0Number of asset objects unloaded after import = 3

========================================================================
Received Import Request.
  Time since last request: 0.000021 seconds.
  path: Assets/Resources/MainMenu/GIF_Background/title30.png
  artifactKey: Guid(787cb2057a65a1f488a027d09ee478bf) Importer(815301076,1909f56bfc062723c751e8b465ee728b)
Start importing Assets/Resources/MainMenu/GIF_Background/title30.png using Guid(787cb2057a65a1f488a027d09ee478bf) Importer(815301076,1909f56bfc062723c751e8b465ee728b) (PreviewImporter) -> (artifact id: 'ef4f3763c55ac20a5e4c704a2c51a902') in 0.0087415 seconds
Number of updated asset objects reloaded before import = 0Number of asset objects unloaded after import = 3

========================================================================
Received Import Request.
  Time since last request: 0.000015 seconds.
  path: Assets/Resources/MainMenu/GIF_Background/title20.png
  artifactKey: Guid(08b33301cefcda24e84112ef9cf0a280) Importer(815301076,1909f56bfc062723c751e8b465ee728b)
Start importing Assets/Resources/MainMenu/GIF_Background/title20.png using Guid(08b33301cefcda24e84112ef9cf0a280) Importer(815301076,1909f56bfc062723c751e8b465ee728b) (PreviewImporter) -> (artifact id: 'a8eb13672507f0e1eaf514062c37a79f') in 0.0085278 seconds
Number of updated asset objects reloaded before import = 0Number of asset objects unloaded after import = 3

========================================================================
Received Import Request.
  Time since last request: 0.000015 seconds.
  path: Assets/Resources/MainMenu/GIF_Background/title22.png
  artifactKey: Guid(687bdcab32bf7da42a81ab19808bbbbc) Importer(815301076,1909f56bfc062723c751e8b465ee728b)
Start importing Assets/Resources/MainMenu/GIF_Background/title22.png using Guid(687bdcab32bf7da42a81ab19808bbbbc) Importer(815301076,1909f56bfc062723c751e8b465ee728b) (PreviewImporter) -> (artifact id: '4de618f67b18fc4147aff561cad695f5') in 0.0096596 seconds
Number of updated asset objects reloaded before import = 0Number of asset objects unloaded after import = 3

========================================================================
Received Import Request.
  Time since last request: 0.000016 seconds.
  path: Assets/Resources/MainMenu/GIF_Background/title27.png
  artifactKey: Guid(a2fdb7f6933a8a9428934ba6b6336297) Importer(815301076,1909f56bfc062723c751e8b465ee728b)
Start importing Assets/Resources/MainMenu/GIF_Background/title27.png using Guid(a2fdb7f6933a8a9428934ba6b6336297) Importer(815301076,1909f56bfc062723c751e8b465ee728b) (PreviewImporter) -> (artifact id: '0d9301f15e308003d91da3fddcd65cd8') in 0.0093465 seconds
Number of updated asset objects reloaded before import = 0Number of asset objects unloaded after import = 3

========================================================================
Received Import Request.
  Time since last request: 0.000024 seconds.
  path: Assets/Resources/MainMenu/GIF_Background/title23.png
  artifactKey: Guid(7df6c3b82e5be654187cf259d4fdd3fa) Importer(815301076,1909f56bfc062723c751e8b465ee728b)
Start importing Assets/Resources/MainMenu/GIF_Background/title23.png using Guid(7df6c3b82e5be654187cf259d4fdd3fa) Importer(815301076,1909f56bfc062723c751e8b465ee728b) (PreviewImporter) -> (artifact id: '184f449deaaa396c026c21f3c305d5e2') in 0.0106357 seconds
Number of updated asset objects reloaded before import = 0Number of asset objects unloaded after import = 3

========================================================================
Received Import Request.
  Time since last request: 0.000017 seconds.
  path: Assets/Resources/MainMenu/GIF_Background/title18.png
  artifactKey: Guid(f65d9c7b554f0724096abd6d2f2370b9) Importer(815301076,1909f56bfc062723c751e8b465ee728b)
Start importing Assets/Resources/MainMenu/GIF_Background/title18.png using Guid(f65d9c7b554f0724096abd6d2f2370b9) Importer(815301076,1909f56bfc062723c751e8b465ee728b) (PreviewImporter) -> (artifact id: '00181f4f672671190292988fb54b20a6') in 0.01086 seconds
Number of updated asset objects reloaded before import = 0Number of asset objects unloaded after import = 3

========================================================================
Received Import Request.
  Time since last request: 0.000027 seconds.
  path: Assets/Resources/MainMenu/GIF_Background/title09.png
  artifactKey: Guid(830a48c171651df45b2b2aea67177c9e) Importer(815301076,1909f56bfc062723c751e8b465ee728b)
Start importing Assets/Resources/MainMenu/GIF_Background/title09.png using Guid(830a48c171651df45b2b2aea67177c9e) Importer(815301076,1909f56bfc062723c751e8b465ee728b) (PreviewImporter) -> (artifact id: '0d6295275c0d3a44b41183e71d3ab649') in 0.0088021 seconds
Number of updated asset objects reloaded before import = 0Number of asset objects unloaded after import = 3

========================================================================
Received Prepare
Begin MonoManager ReloadAssembly
Duplicate assembly 'log4net.dll' with different versions detected, using 'Assets/Packages/log4net.3.0.4/lib/netstandard2.0/log4net.dll, AssemblyName=log4net, Version=3.0.4.0, Culture=neutral, PublicKeyToken=669e0ddf0bb1aa2a' and ignoring 'Packages/com.unity.collab-proxy/Lib/Editor/log4netPlastic.dll, AssemblyName=log4net, Version=1.2.15.0, Culture=neutral, PublicKeyToken=669e0ddf0bb1aa2a'.Symbol file LoadedFromMemory is not a mono symbol file
- Loaded All Assemblies, in  1.017 seconds
Refreshing native plugins compatible for Editor in 2.20 ms, found 4 plugins.
Native extension for WindowsStandalone target not found
log4net:ERROR Exception while reading ConfigurationSettings. Check your .config file is well formed XML.
System.Configuration.ConfigurationErrorsException: Configuration system failed to initialize ---> System.PlatformNotSupportedException: Operation is not supported on this platform.
  at System.Configuration.ClientConfigPaths..ctor (System.String exePath, System.Boolean includeUserConfig) [0x00050] in <5ae095f7408b4d5cb5cdbfc3d3c31d20>:0 
  at System.Configuration.ClientConfigPaths.GetPaths (System.String exePath, System.Boolean includeUserConfig) [0x00018] in <5ae095f7408b4d5cb5cdbfc3d3c31d20>:0 
  at System.Configuration.ClientConfigurationHost.get_ConfigPaths () [0x0000a] in <5ae095f7408b4d5cb5cdbfc3d3c31d20>:0 
  at System.Configuration.ClientConfigurationHost.GetStreamName (System.String configPath) [0x0006d] in <5ae095f7408b4d5cb5cdbfc3d3c31d20>:0 
  at System.Configuration.ClientConfigurationHost.get_IsAppConfigHttp () [0x00000] in <5ae095f7408b4d5cb5cdbfc3d3c31d20>:0 
  at System.Configuration.Internal.DelegatingConfigHost.get_IsAppConfigHttp () [0x00006] in <5ae095f7408b4d5cb5cdbfc3d3c31d20>:0 
  at System.Configuration.ClientConfigurationSystem..ctor () [0x00051] in <5ae095f7408b4d5cb5cdbfc3d3c31d20>:0 
  at System.Configuration.ConfigurationManager.EnsureConfigurationSystem () [0x00024] in <5ae095f7408b4d5cb5cdbfc3d3c31d20>:0 
   --- End of inner exception stack trace ---
  at System.Configuration.ConfigurationManager.EnsureConfigurationSystem () [0x00060] in <5ae095f7408b4d5cb5cdbfc3d3c31d20>:0 
  at System.Configuration.ConfigurationManager.PrepareConfigSystem () [0x0000a] in <5ae095f7408b4d5cb5cdbfc3d3c31d20>:0 
  at System.Configuration.ConfigurationManager.GetSection (System.String sectionName) [0x0000a] in <5ae095f7408b4d5cb5cdbfc3d3c31d20>:0 
  at System.Configuration.ConfigurationManager.get_AppSettings () [0x00000] in <5ae095f7408b4d5cb5cdbfc3d3c31d20>:0 
  at log4net.Util.SystemInfo.GetAppSetting (System.String key) [0x00000] in <00c34789746b40dda4cd7be2c85ba32f>:0 
log4net:ERROR Exception while reading ConfigurationSettings. Check your .config file is well formed XML.
System.Configuration.ConfigurationErrorsException: Configuration system failed to initialize ---> System.PlatformNotSupportedException: Operation is not supported on this platform.
  at System.Configuration.ClientConfigPaths..ctor (System.String exePath, System.Boolean includeUserConfig) [0x00050] in <5ae095f7408b4d5cb5cdbfc3d3c31d20>:0 
  at System.Configuration.ClientConfigPaths.GetPaths (System.String exePath, System.Boolean includeUserConfig) [0x00018] in <5ae095f7408b4d5cb5cdbfc3d3c31d20>:0 
  at System.Configuration.ClientConfigurationHost.get_ConfigPaths () [0x0000a] in <5ae095f7408b4d5cb5cdbfc3d3c31d20>:0 
  at System.Configuration.ClientConfigurationHost.GetStreamName (System.String configPath) [0x0006d] in <5ae095f7408b4d5cb5cdbfc3d3c31d20>:0 
  at System.Configuration.ClientConfigurationHost.get_IsAppConfigHttp () [0x00000] in <5ae095f7408b4d5cb5cdbfc3d3c31d20>:0 
  at System.Configuration.Internal.DelegatingConfigHost.get_IsAppConfigHttp () [0x00006] in <5ae095f7408b4d5cb5cdbfc3d3c31d20>:0 
  at System.Configuration.ClientConfigurationSystem..ctor () [0x00051] in <5ae095f7408b4d5cb5cdbfc3d3c31d20>:0 
  at System.Configuration.ConfigurationManager.EnsureConfigurationSystem () [0x00024] in <5ae095f7408b4d5cb5cdbfc3d3c31d20>:0 
   --- End of inner exception stack trace ---
  at System.Configuration.ConfigurationManager.PrepareConfigSystem () [0x0001a] in <5ae095f7408b4d5cb5cdbfc3d3c31d20>:0 
  at System.Configuration.ConfigurationManager.GetSection (System.String sectionName) [0x0000a] in <5ae095f7408b4d5cb5cdbfc3d3c31d20>:0 
  at System.Configuration.ConfigurationManager.get_AppSettings () [0x00000] in <5ae095f7408b4d5cb5cdbfc3d3c31d20>:0 
  at log4net.Util.SystemInfo.GetAppSetting (System.String key) [0x00000] in <00c34789746b40dda4cd7be2c85ba32f>:0 
log4net:ERROR Exception while reading ConfigurationSettings. Check your .config file is well formed XML.
System.Configuration.ConfigurationErrorsException: Configuration system failed to initialize ---> System.PlatformNotSupportedException: Operation is not supported on this platform.
  at System.Configuration.ClientConfigPaths..ctor (System.String exePath, System.Boolean includeUserConfig) [0x00050] in <5ae095f7408b4d5cb5cdbfc3d3c31d20>:0 
  at System.Configuration.ClientConfigPaths.GetPaths (System.String exePath, System.Boolean includeUserConfig) [0x00018] in <5ae095f7408b4d5cb5cdbfc3d3c31d20>:0 
  at System.Configuration.ClientConfigurationHost.get_ConfigPaths () [0x0000a] in <5ae095f7408b4d5cb5cdbfc3d3c31d20>:0 
  at System.Configuration.ClientConfigurationHost.GetStreamName (System.String configPath) [0x0006d] in <5ae095f7408b4d5cb5cdbfc3d3c31d20>:0 
  at System.Configuration.ClientConfigurationHost.get_IsAppConfigHttp () [0x00000] in <5ae095f7408b4d5cb5cdbfc3d3c31d20>:0 
  at System.Configuration.Internal.DelegatingConfigHost.get_IsAppConfigHttp () [0x00006] in <5ae095f7408b4d5cb5cdbfc3d3c31d20>:0 
  at System.Configuration.ClientConfigurationSystem..ctor () [0x00051] in <5ae095f7408b4d5cb5cdbfc3d3c31d20>:0 
  at System.Configuration.ConfigurationManager.EnsureConfigurationSystem () [0x00024] in <5ae095f7408b4d5cb5cdbfc3d3c31d20>:0 
   --- End of inner exception stack trace ---
  at System.Configuration.ConfigurationManager.PrepareConfigSystem () [0x0001a] in <5ae095f7408b4d5cb5cdbfc3d3c31d20>:0 
  at System.Configuration.ConfigurationManager.GetSection (System.String sectionName) [0x0000a] in <5ae095f7408b4d5cb5cdbfc3d3c31d20>:0 
  at System.Configuration.ConfigurationManager.get_AppSettings () [0x00000] in <5ae095f7408b4d5cb5cdbfc3d3c31d20>:0 
  at log4net.Util.SystemInfo.GetAppSetting (System.String key) [0x00000] in <00c34789746b40dda4cd7be2c85ba32f>:0 
log4net:ERROR Exception while reading ConfigurationSettings. Check your .config file is well formed XML.
System.Configuration.ConfigurationErrorsException: Configuration system failed to initialize ---> System.PlatformNotSupportedException: Operation is not supported on this platform.
  at System.Configuration.ClientConfigPaths..ctor (System.String exePath, System.Boolean includeUserConfig) [0x00050] in <5ae095f7408b4d5cb5cdbfc3d3c31d20>:0 
  at System.Configuration.ClientConfigPaths.GetPaths (System.String exePath, System.Boolean includeUserConfig) [0x00018] in <5ae095f7408b4d5cb5cdbfc3d3c31d20>:0 
  at System.Configuration.ClientConfigurationHost.get_ConfigPaths () [0x0000a] in <5ae095f7408b4d5cb5cdbfc3d3c31d20>:0 
  at System.Configuration.ClientConfigurationHost.GetStreamName (System.String configPath) [0x0006d] in <5ae095f7408b4d5cb5cdbfc3d3c31d20>:0 
  at System.Configuration.ClientConfigurationHost.get_IsAppConfigHttp () [0x00000] in <5ae095f7408b4d5cb5cdbfc3d3c31d20>:0 
  at System.Configuration.Internal.DelegatingConfigHost.get_IsAppConfigHttp () [0x00006] in <5ae095f7408b4d5cb5cdbfc3d3c31d20>:0 
  at System.Configuration.ClientConfigurationSystem..ctor () [0x00051] in <5ae095f7408b4d5cb5cdbfc3d3c31d20>:0 
  at System.Configuration.ConfigurationManager.EnsureConfigurationSystem () [0x00024] in <5ae095f7408b4d5cb5cdbfc3d3c31d20>:0 
   --- End of inner exception stack trace ---
  at System.Configuration.ConfigurationManager.PrepareConfigSystem () [0x0001a] in <5ae095f7408b4d5cb5cdbfc3d3c31d20>:0 
  at System.Configuration.ConfigurationManager.GetSection (System.String sectionName) [0x0000a] in <5ae095f7408b4d5cb5cdbfc3d3c31d20>:0 
  at System.Configuration.ConfigurationManager.get_AppSettings () [0x00000] in <5ae095f7408b4d5cb5cdbfc3d3c31d20>:0 
  at log4net.Util.SystemInfo.GetAppSetting (System.String key) [0x00000] in <00c34789746b40dda4cd7be2c85ba32f>:0 
log4net:ERROR Exception while reading ConfigurationSettings. Check your .config file is well formed XML.
System.Configuration.ConfigurationErrorsException: Configuration system failed to initialize ---> System.PlatformNotSupportedException: Operation is not supported on this platform.
  at System.Configuration.ClientConfigPaths..ctor (System.String exePath, System.Boolean includeUserConfig) [0x00050] in <5ae095f7408b4d5cb5cdbfc3d3c31d20>:0 
  at System.Configuration.ClientConfigPaths.GetPaths (System.String exePath, System.Boolean includeUserConfig) [0x00018] in <5ae095f7408b4d5cb5cdbfc3d3c31d20>:0 
  at System.Configuration.ClientConfigurationHost.get_ConfigPaths () [0x0000a] in <5ae095f7408b4d5cb5cdbfc3d3c31d20>:0 
  at System.Configuration.ClientConfigurationHost.GetStreamName (System.String configPath) [0x0006d] in <5ae095f7408b4d5cb5cdbfc3d3c31d20>:0 
  at System.Configuration.ClientConfigurationHost.get_IsAppConfigHttp () [0x00000] in <5ae095f7408b4d5cb5cdbfc3d3c31d20>:0 
  at System.Configuration.Internal.DelegatingConfigHost.get_IsAppConfigHttp () [0x00006] in <5ae095f7408b4d5cb5cdbfc3d3c31d20>:0 
  at System.Configuration.ClientConfigurationSystem..ctor () [0x00051] in <5ae095f7408b4d5cb5cdbfc3d3c31d20>:0 
  at System.Configuration.ConfigurationManager.EnsureConfigurationSystem () [0x00024] in <5ae095f7408b4d5cb5cdbfc3d3c31d20>:0 
   --- End of inner exception stack trace ---
  at System.Configuration.ConfigurationManager.PrepareConfigSystem () [0x0001a] in <5ae095f7408b4d5cb5cdbfc3d3c31d20>:0 
  at System.Configuration.ConfigurationManager.GetSection (System.String sectionName) [0x0000a] in <5ae095f7408b4d5cb5cdbfc3d3c31d20>:0 
  at System.Configuration.ConfigurationManager.get_AppSettings () [0x00000] in <5ae095f7408b4d5cb5cdbfc3d3c31d20>:0 
  at log4net.Util.SystemInfo.GetAppSetting (System.String key) [0x00000] in <00c34789746b40dda4cd7be2c85ba32f>:0 
log4net:ERROR Exception while reading ConfigurationSettings. Check your .config file is well formed XML.
System.Configuration.ConfigurationErrorsException: Configuration system failed to initialize ---> System.PlatformNotSupportedException: Operation is not supported on this platform.
  at System.Configuration.ClientConfigPaths..ctor (System.String exePath, System.Boolean includeUserConfig) [0x00050] in <5ae095f7408b4d5cb5cdbfc3d3c31d20>:0 
  at System.Configuration.ClientConfigPaths.GetPaths (System.String exePath, System.Boolean includeUserConfig) [0x00018] in <5ae095f7408b4d5cb5cdbfc3d3c31d20>:0 
  at System.Configuration.ClientConfigurationHost.get_ConfigPaths () [0x0000a] in <5ae095f7408b4d5cb5cdbfc3d3c31d20>:0 
  at System.Configuration.ClientConfigurationHost.GetStreamName (System.String configPath) [0x0006d] in <5ae095f7408b4d5cb5cdbfc3d3c31d20>:0 
  at System.Configuration.ClientConfigurationHost.get_IsAppConfigHttp () [0x00000] in <5ae095f7408b4d5cb5cdbfc3d3c31d20>:0 
  at System.Configuration.Internal.DelegatingConfigHost.get_IsAppConfigHttp () [0x00006] in <5ae095f7408b4d5cb5cdbfc3d3c31d20>:0 
  at System.Configuration.ClientConfigurationSystem..ctor () [0x00051] in <5ae095f7408b4d5cb5cdbfc3d3c31d20>:0 
  at System.Configuration.ConfigurationManager.EnsureConfigurationSystem () [0x00024] in <5ae095f7408b4d5cb5cdbfc3d3c31d20>:0 
   --- End of inner exception stack trace ---
  at System.Configuration.ConfigurationManager.PrepareConfigSystem () [0x0001a] in <5ae095f7408b4d5cb5cdbfc3d3c31d20>:0 
  at System.Configuration.ConfigurationManager.GetSection (System.String sectionName) [0x0000a] in <5ae095f7408b4d5cb5cdbfc3d3c31d20>:0 
  at System.Configuration.ConfigurationManager.get_AppSettings () [0x00000] in <5ae095f7408b4d5cb5cdbfc3d3c31d20>:0 
  at log4net.Util.SystemInfo.GetAppSetting (System.String key) [0x00000] in <00c34789746b40dda4cd7be2c85ba32f>:0 
log4net:ERROR Exception while reading ConfigurationSettings. Check your .config file is well formed XML.
System.Configuration.ConfigurationErrorsException: Configuration system failed to initialize ---> System.PlatformNotSupportedException: Operation is not supported on this platform.
  at System.Configuration.ClientConfigPaths..ctor (System.String exePath, System.Boolean includeUserConfig) [0x00050] in <5ae095f7408b4d5cb5cdbfc3d3c31d20>:0 
  at System.Configuration.ClientConfigPaths.GetPaths (System.String exePath, System.Boolean includeUserConfig) [0x00018] in <5ae095f7408b4d5cb5cdbfc3d3c31d20>:0 
  at System.Configuration.ClientConfigurationHost.get_ConfigPaths () [0x0000a] in <5ae095f7408b4d5cb5cdbfc3d3c31d20>:0 
  at System.Configuration.ClientConfigurationHost.GetStreamName (System.String configPath) [0x0006d] in <5ae095f7408b4d5cb5cdbfc3d3c31d20>:0 
  at System.Configuration.ClientConfigurationHost.get_IsAppConfigHttp () [0x00000] in <5ae095f7408b4d5cb5cdbfc3d3c31d20>:0 
  at System.Configuration.Internal.DelegatingConfigHost.get_IsAppConfigHttp () [0x00006] in <5ae095f7408b4d5cb5cdbfc3d3c31d20>:0 
  at System.Configuration.ClientConfigurationSystem..ctor () [0x00051] in <5ae095f7408b4d5cb5cdbfc3d3c31d20>:0 
  at System.Configuration.ConfigurationManager.EnsureConfigurationSystem () [0x00024] in <5ae095f7408b4d5cb5cdbfc3d3c31d20>:0 
   --- End of inner exception stack trace ---
  at System.Configuration.ConfigurationManager.PrepareConfigSystem () [0x0001a] in <5ae095f7408b4d5cb5cdbfc3d3c31d20>:0 
  at System.Configuration.ConfigurationManager.GetSection (System.String sectionName) [0x0000a] in <5ae095f7408b4d5cb5cdbfc3d3c31d20>:0 
  at System.Configuration.ConfigurationManager.get_AppSettings () [0x00000] in <5ae095f7408b4d5cb5cdbfc3d3c31d20>:0 
  at log4net.Util.SystemInfo.GetAppSetting (System.String key) [0x00000] in <00c34789746b40dda4cd7be2c85ba32f>:0 
Mono: successfully reloaded assembly
- Finished resetting the current domain, in  1.115 seconds
Domain Reload Profiling: 2130ms
	BeginReloadAssembly (256ms)
		ExecutionOrderSort (0ms)
		DisableScriptedObjects (17ms)
		BackupInstance (0ms)
		ReleaseScriptingObjects (0ms)
		CreateAndSetChildDomain (77ms)
	RebuildCommonClasses (42ms)
	RebuildNativeTypeToScriptingClass (16ms)
	initialDomainReloadingComplete (37ms)
	LoadAllAssembliesAndSetupDomain (663ms)
		LoadAssemblies (469ms)
		RebuildTransferFunctionScriptingTraits (0ms)
		AnalyzeDomain (308ms)
			TypeCache.Refresh (9ms)
				TypeCache.ScanAssembly (0ms)
			BuildScriptInfoCaches (275ms)
			ResolveRequiredComponents (20ms)
	FinalizeReload (1115ms)
		ReleaseScriptCaches (0ms)
		RebuildScriptCaches (0ms)
		SetupLoadedEditorAssemblies (867ms)
			LogAssemblyErrors (0ms)
			InitializePlatformSupportModulesInManaged (3ms)
			SetLoadedEditorAssemblies (5ms)
			BeforeProcessingInitializeOnLoad (136ms)
			ProcessInitializeOnLoadAttributes (618ms)
			ProcessInitializeOnLoadMethodAttributes (102ms)
			AfterProcessingInitializeOnLoad (3ms)
			EditorAssembliesLoaded (0ms)
		ExecutionOrderSort2 (0ms)
		AwakeInstancesAfterBackupRestoration (19ms)
Refreshing native plugins compatible for Editor in 2.49 ms, found 4 plugins.
Preloading 0 native plugins for Editor in 0.00 ms.
Unloading 13 Unused Serialized files (Serialized files now loaded: 0)
Unloading 6682 unused Assets / (4.5 MB). Loaded Objects now: 7369.
Memory consumption went from 152.1 MB to 147.6 MB.
Total: 10.639500 ms (FindLiveObjects: 1.012200 ms CreateObjectMapping: 0.781300 ms MarkObjects: 6.295500 ms  DeleteObjects: 2.548400 ms)

Prepare: number of updated asset objects reloaded= 0
========================================================================
Received Prepare
Begin MonoManager ReloadAssembly
Duplicate assembly 'log4net.dll' with different versions detected, using 'Assets/Packages/log4net.3.0.4/lib/netstandard2.0/log4net.dll, AssemblyName=log4net, Version=3.0.4.0, Culture=neutral, PublicKeyToken=669e0ddf0bb1aa2a' and ignoring 'Packages/com.unity.collab-proxy/Lib/Editor/log4netPlastic.dll, AssemblyName=log4net, Version=1.2.15.0, Culture=neutral, PublicKeyToken=669e0ddf0bb1aa2a'.Symbol file LoadedFromMemory is not a mono symbol file
- Loaded All Assemblies, in  0.985 seconds
Refreshing native plugins compatible for Editor in 2.03 ms, found 4 plugins.
Native extension for WindowsStandalone target not found
log4net:ERROR Exception while reading ConfigurationSettings. Check your .config file is well formed XML.
System.Configuration.ConfigurationErrorsException: Configuration system failed to initialize ---> System.PlatformNotSupportedException: Operation is not supported on this platform.
  at System.Configuration.ClientConfigPaths..ctor (System.String exePath, System.Boolean includeUserConfig) [0x00050] in <5ae095f7408b4d5cb5cdbfc3d3c31d20>:0 
  at System.Configuration.ClientConfigPaths.GetPaths (System.String exePath, System.Boolean includeUserConfig) [0x00018] in <5ae095f7408b4d5cb5cdbfc3d3c31d20>:0 
  at System.Configuration.ClientConfigurationHost.get_ConfigPaths () [0x0000a] in <5ae095f7408b4d5cb5cdbfc3d3c31d20>:0 
  at System.Configuration.ClientConfigurationHost.GetStreamName (System.String configPath) [0x0006d] in <5ae095f7408b4d5cb5cdbfc3d3c31d20>:0 
  at System.Configuration.ClientConfigurationHost.get_IsAppConfigHttp () [0x00000] in <5ae095f7408b4d5cb5cdbfc3d3c31d20>:0 
  at System.Configuration.Internal.DelegatingConfigHost.get_IsAppConfigHttp () [0x00006] in <5ae095f7408b4d5cb5cdbfc3d3c31d20>:0 
  at System.Configuration.ClientConfigurationSystem..ctor () [0x00051] in <5ae095f7408b4d5cb5cdbfc3d3c31d20>:0 
  at System.Configuration.ConfigurationManager.EnsureConfigurationSystem () [0x00024] in <5ae095f7408b4d5cb5cdbfc3d3c31d20>:0 
   --- End of inner exception stack trace ---
  at System.Configuration.ConfigurationManager.EnsureConfigurationSystem () [0x00060] in <5ae095f7408b4d5cb5cdbfc3d3c31d20>:0 
  at System.Configuration.ConfigurationManager.PrepareConfigSystem () [0x0000a] in <5ae095f7408b4d5cb5cdbfc3d3c31d20>:0 
  at System.Configuration.ConfigurationManager.GetSection (System.String sectionName) [0x0000a] in <5ae095f7408b4d5cb5cdbfc3d3c31d20>:0 
  at System.Configuration.ConfigurationManager.get_AppSettings () [0x00000] in <5ae095f7408b4d5cb5cdbfc3d3c31d20>:0 
  at log4net.Util.SystemInfo.GetAppSetting (System.String key) [0x00000] in <00c34789746b40dda4cd7be2c85ba32f>:0 
log4net:ERROR Exception while reading ConfigurationSettings. Check your .config file is well formed XML.
System.Configuration.ConfigurationErrorsException: Configuration system failed to initialize ---> System.PlatformNotSupportedException: Operation is not supported on this platform.
  at System.Configuration.ClientConfigPaths..ctor (System.String exePath, System.Boolean includeUserConfig) [0x00050] in <5ae095f7408b4d5cb5cdbfc3d3c31d20>:0 
  at System.Configuration.ClientConfigPaths.GetPaths (System.String exePath, System.Boolean includeUserConfig) [0x00018] in <5ae095f7408b4d5cb5cdbfc3d3c31d20>:0 
  at System.Configuration.ClientConfigurationHost.get_ConfigPaths () [0x0000a] in <5ae095f7408b4d5cb5cdbfc3d3c31d20>:0 
  at System.Configuration.ClientConfigurationHost.GetStreamName (System.String configPath) [0x0006d] in <5ae095f7408b4d5cb5cdbfc3d3c31d20>:0 
  at System.Configuration.ClientConfigurationHost.get_IsAppConfigHttp () [0x00000] in <5ae095f7408b4d5cb5cdbfc3d3c31d20>:0 
  at System.Configuration.Internal.DelegatingConfigHost.get_IsAppConfigHttp () [0x00006] in <5ae095f7408b4d5cb5cdbfc3d3c31d20>:0 
  at System.Configuration.ClientConfigurationSystem..ctor () [0x00051] in <5ae095f7408b4d5cb5cdbfc3d3c31d20>:0 
  at System.Configuration.ConfigurationManager.EnsureConfigurationSystem () [0x00024] in <5ae095f7408b4d5cb5cdbfc3d3c31d20>:0 
   --- End of inner exception stack trace ---
  at System.Configuration.ConfigurationManager.PrepareConfigSystem () [0x0001a] in <5ae095f7408b4d5cb5cdbfc3d3c31d20>:0 
  at System.Configuration.ConfigurationManager.GetSection (System.String sectionName) [0x0000a] in <5ae095f7408b4d5cb5cdbfc3d3c31d20>:0 
  at System.Configuration.ConfigurationManager.get_AppSettings () [0x00000] in <5ae095f7408b4d5cb5cdbfc3d3c31d20>:0 
  at log4net.Util.SystemInfo.GetAppSetting (System.String key) [0x00000] in <00c34789746b40dda4cd7be2c85ba32f>:0 
log4net:ERROR Exception while reading ConfigurationSettings. Check your .config file is well formed XML.
System.Configuration.ConfigurationErrorsException: Configuration system failed to initialize ---> System.PlatformNotSupportedException: Operation is not supported on this platform.
  at System.Configuration.ClientConfigPaths..ctor (System.String exePath, System.Boolean includeUserConfig) [0x00050] in <5ae095f7408b4d5cb5cdbfc3d3c31d20>:0 
  at System.Configuration.ClientConfigPaths.GetPaths (System.String exePath, System.Boolean includeUserConfig) [0x00018] in <5ae095f7408b4d5cb5cdbfc3d3c31d20>:0 
  at System.Configuration.ClientConfigurationHost.get_ConfigPaths () [0x0000a] in <5ae095f7408b4d5cb5cdbfc3d3c31d20>:0 
  at System.Configuration.ClientConfigurationHost.GetStreamName (System.String configPath) [0x0006d] in <5ae095f7408b4d5cb5cdbfc3d3c31d20>:0 
  at System.Configuration.ClientConfigurationHost.get_IsAppConfigHttp () [0x00000] in <5ae095f7408b4d5cb5cdbfc3d3c31d20>:0 
  at System.Configuration.Internal.DelegatingConfigHost.get_IsAppConfigHttp () [0x00006] in <5ae095f7408b4d5cb5cdbfc3d3c31d20>:0 
  at System.Configuration.ClientConfigurationSystem..ctor () [0x00051] in <5ae095f7408b4d5cb5cdbfc3d3c31d20>:0 
  at System.Configuration.ConfigurationManager.EnsureConfigurationSystem () [0x00024] in <5ae095f7408b4d5cb5cdbfc3d3c31d20>:0 
   --- End of inner exception stack trace ---
  at System.Configuration.ConfigurationManager.PrepareConfigSystem () [0x0001a] in <5ae095f7408b4d5cb5cdbfc3d3c31d20>:0 
  at System.Configuration.ConfigurationManager.GetSection (System.String sectionName) [0x0000a] in <5ae095f7408b4d5cb5cdbfc3d3c31d20>:0 
  at System.Configuration.ConfigurationManager.get_AppSettings () [0x00000] in <5ae095f7408b4d5cb5cdbfc3d3c31d20>:0 
  at log4net.Util.SystemInfo.GetAppSetting (System.String key) [0x00000] in <00c34789746b40dda4cd7be2c85ba32f>:0 
log4net:ERROR Exception while reading ConfigurationSettings. Check your .config file is well formed XML.
System.Configuration.ConfigurationErrorsException: Configuration system failed to initialize ---> System.PlatformNotSupportedException: Operation is not supported on this platform.
  at System.Configuration.ClientConfigPaths..ctor (System.String exePath, System.Boolean includeUserConfig) [0x00050] in <5ae095f7408b4d5cb5cdbfc3d3c31d20>:0 
  at System.Configuration.ClientConfigPaths.GetPaths (System.String exePath, System.Boolean includeUserConfig) [0x00018] in <5ae095f7408b4d5cb5cdbfc3d3c31d20>:0 
  at System.Configuration.ClientConfigurationHost.get_ConfigPaths () [0x0000a] in <5ae095f7408b4d5cb5cdbfc3d3c31d20>:0 
  at System.Configuration.ClientConfigurationHost.GetStreamName (System.String configPath) [0x0006d] in <5ae095f7408b4d5cb5cdbfc3d3c31d20>:0 
  at System.Configuration.ClientConfigurationHost.get_IsAppConfigHttp () [0x00000] in <5ae095f7408b4d5cb5cdbfc3d3c31d20>:0 
  at System.Configuration.Internal.DelegatingConfigHost.get_IsAppConfigHttp () [0x00006] in <5ae095f7408b4d5cb5cdbfc3d3c31d20>:0 
  at System.Configuration.ClientConfigurationSystem..ctor () [0x00051] in <5ae095f7408b4d5cb5cdbfc3d3c31d20>:0 
  at System.Configuration.ConfigurationManager.EnsureConfigurationSystem () [0x00024] in <5ae095f7408b4d5cb5cdbfc3d3c31d20>:0 
   --- End of inner exception stack trace ---
  at System.Configuration.ConfigurationManager.PrepareConfigSystem () [0x0001a] in <5ae095f7408b4d5cb5cdbfc3d3c31d20>:0 
  at System.Configuration.ConfigurationManager.GetSection (System.String sectionName) [0x0000a] in <5ae095f7408b4d5cb5cdbfc3d3c31d20>:0 
  at System.Configuration.ConfigurationManager.get_AppSettings () [0x00000] in <5ae095f7408b4d5cb5cdbfc3d3c31d20>:0 
  at log4net.Util.SystemInfo.GetAppSetting (System.String key) [0x00000] in <00c34789746b40dda4cd7be2c85ba32f>:0 
log4net:ERROR Exception while reading ConfigurationSettings. Check your .config file is well formed XML.
System.Configuration.ConfigurationErrorsException: Configuration system failed to initialize ---> System.PlatformNotSupportedException: Operation is not supported on this platform.
  at System.Configuration.ClientConfigPaths..ctor (System.String exePath, System.Boolean includeUserConfig) [0x00050] in <5ae095f7408b4d5cb5cdbfc3d3c31d20>:0 
  at System.Configuration.ClientConfigPaths.GetPaths (System.String exePath, System.Boolean includeUserConfig) [0x00018] in <5ae095f7408b4d5cb5cdbfc3d3c31d20>:0 
  at System.Configuration.ClientConfigurationHost.get_ConfigPaths () [0x0000a] in <5ae095f7408b4d5cb5cdbfc3d3c31d20>:0 
  at System.Configuration.ClientConfigurationHost.GetStreamName (System.String configPath) [0x0006d] in <5ae095f7408b4d5cb5cdbfc3d3c31d20>:0 
  at System.Configuration.ClientConfigurationHost.get_IsAppConfigHttp () [0x00000] in <5ae095f7408b4d5cb5cdbfc3d3c31d20>:0 
  at System.Configuration.Internal.DelegatingConfigHost.get_IsAppConfigHttp () [0x00006] in <5ae095f7408b4d5cb5cdbfc3d3c31d20>:0 
  at System.Configuration.ClientConfigurationSystem..ctor () [0x00051] in <5ae095f7408b4d5cb5cdbfc3d3c31d20>:0 
  at System.Configuration.ConfigurationManager.EnsureConfigurationSystem () [0x00024] in <5ae095f7408b4d5cb5cdbfc3d3c31d20>:0 
   --- End of inner exception stack trace ---
  at System.Configuration.ConfigurationManager.PrepareConfigSystem () [0x0001a] in <5ae095f7408b4d5cb5cdbfc3d3c31d20>:0 
  at System.Configuration.ConfigurationManager.GetSection (System.String sectionName) [0x0000a] in <5ae095f7408b4d5cb5cdbfc3d3c31d20>:0 
  at System.Configuration.ConfigurationManager.get_AppSettings () [0x00000] in <5ae095f7408b4d5cb5cdbfc3d3c31d20>:0 
  at log4net.Util.SystemInfo.GetAppSetting (System.String key) [0x00000] in <00c34789746b40dda4cd7be2c85ba32f>:0 
log4net:ERROR Exception while reading ConfigurationSettings. Check your .config file is well formed XML.
System.Configuration.ConfigurationErrorsException: Configuration system failed to initialize ---> System.PlatformNotSupportedException: Operation is not supported on this platform.
  at System.Configuration.ClientConfigPaths..ctor (System.String exePath, System.Boolean includeUserConfig) [0x00050] in <5ae095f7408b4d5cb5cdbfc3d3c31d20>:0 
  at System.Configuration.ClientConfigPaths.GetPaths (System.String exePath, System.Boolean includeUserConfig) [0x00018] in <5ae095f7408b4d5cb5cdbfc3d3c31d20>:0 
  at System.Configuration.ClientConfigurationHost.get_ConfigPaths () [0x0000a] in <5ae095f7408b4d5cb5cdbfc3d3c31d20>:0 
  at System.Configuration.ClientConfigurationHost.GetStreamName (System.String configPath) [0x0006d] in <5ae095f7408b4d5cb5cdbfc3d3c31d20>:0 
  at System.Configuration.ClientConfigurationHost.get_IsAppConfigHttp () [0x00000] in <5ae095f7408b4d5cb5cdbfc3d3c31d20>:0 
  at System.Configuration.Internal.DelegatingConfigHost.get_IsAppConfigHttp () [0x00006] in <5ae095f7408b4d5cb5cdbfc3d3c31d20>:0 
  at System.Configuration.ClientConfigurationSystem..ctor () [0x00051] in <5ae095f7408b4d5cb5cdbfc3d3c31d20>:0 
  at System.Configuration.ConfigurationManager.EnsureConfigurationSystem () [0x00024] in <5ae095f7408b4d5cb5cdbfc3d3c31d20>:0 
   --- End of inner exception stack trace ---
  at System.Configuration.ConfigurationManager.PrepareConfigSystem () [0x0001a] in <5ae095f7408b4d5cb5cdbfc3d3c31d20>:0 
  at System.Configuration.ConfigurationManager.GetSection (System.String sectionName) [0x0000a] in <5ae095f7408b4d5cb5cdbfc3d3c31d20>:0 
  at System.Configuration.ConfigurationManager.get_AppSettings () [0x00000] in <5ae095f7408b4d5cb5cdbfc3d3c31d20>:0 
  at log4net.Util.SystemInfo.GetAppSetting (System.String key) [0x00000] in <00c34789746b40dda4cd7be2c85ba32f>:0 
log4net:ERROR Exception while reading ConfigurationSettings. Check your .config file is well formed XML.
System.Configuration.ConfigurationErrorsException: Configuration system failed to initialize ---> System.PlatformNotSupportedException: Operation is not supported on this platform.
  at System.Configuration.ClientConfigPaths..ctor (System.String exePath, System.Boolean includeUserConfig) [0x00050] in <5ae095f7408b4d5cb5cdbfc3d3c31d20>:0 
  at System.Configuration.ClientConfigPaths.GetPaths (System.String exePath, System.Boolean includeUserConfig) [0x00018] in <5ae095f7408b4d5cb5cdbfc3d3c31d20>:0 
  at System.Configuration.ClientConfigurationHost.get_ConfigPaths () [0x0000a] in <5ae095f7408b4d5cb5cdbfc3d3c31d20>:0 
  at System.Configuration.ClientConfigurationHost.GetStreamName (System.String configPath) [0x0006d] in <5ae095f7408b4d5cb5cdbfc3d3c31d20>:0 
  at System.Configuration.ClientConfigurationHost.get_IsAppConfigHttp () [0x00000] in <5ae095f7408b4d5cb5cdbfc3d3c31d20>:0 
  at System.Configuration.Internal.DelegatingConfigHost.get_IsAppConfigHttp () [0x00006] in <5ae095f7408b4d5cb5cdbfc3d3c31d20>:0 
  at System.Configuration.ClientConfigurationSystem..ctor () [0x00051] in <5ae095f7408b4d5cb5cdbfc3d3c31d20>:0 
  at System.Configuration.ConfigurationManager.EnsureConfigurationSystem () [0x00024] in <5ae095f7408b4d5cb5cdbfc3d3c31d20>:0 
   --- End of inner exception stack trace ---
  at System.Configuration.ConfigurationManager.PrepareConfigSystem () [0x0001a] in <5ae095f7408b4d5cb5cdbfc3d3c31d20>:0 
  at System.Configuration.ConfigurationManager.GetSection (System.String sectionName) [0x0000a] in <5ae095f7408b4d5cb5cdbfc3d3c31d20>:0 
  at System.Configuration.ConfigurationManager.get_AppSettings () [0x00000] in <5ae095f7408b4d5cb5cdbfc3d3c31d20>:0 
  at log4net.Util.SystemInfo.GetAppSetting (System.String key) [0x00000] in <00c34789746b40dda4cd7be2c85ba32f>:0 
Mono: successfully reloaded assembly
- Finished resetting the current domain, in  1.079 seconds
Domain Reload Profiling: 2063ms
	BeginReloadAssembly (228ms)
		ExecutionOrderSort (0ms)
		DisableScriptedObjects (21ms)
		BackupInstance (0ms)
		ReleaseScriptingObjects (0ms)
		CreateAndSetChildDomain (53ms)
	RebuildCommonClasses (41ms)
	RebuildNativeTypeToScriptingClass (17ms)
	initialDomainReloadingComplete (36ms)
	LoadAllAssembliesAndSetupDomain (662ms)
		LoadAssemblies (479ms)
		RebuildTransferFunctionScriptingTraits (0ms)
		AnalyzeDomain (299ms)
			TypeCache.Refresh (9ms)
				TypeCache.ScanAssembly (0ms)
			BuildScriptInfoCaches (270ms)
			ResolveRequiredComponents (14ms)
	FinalizeReload (1079ms)
		ReleaseScriptCaches (0ms)
		RebuildScriptCaches (0ms)
		SetupLoadedEditorAssemblies (825ms)
			LogAssemblyErrors (0ms)
			InitializePlatformSupportModulesInManaged (3ms)
			SetLoadedEditorAssemblies (6ms)
			BeforeProcessingInitializeOnLoad (135ms)
			ProcessInitializeOnLoadAttributes (578ms)
			ProcessInitializeOnLoadMethodAttributes (101ms)
			AfterProcessingInitializeOnLoad (3ms)
			EditorAssembliesLoaded (0ms)
		ExecutionOrderSort2 (0ms)
		AwakeInstancesAfterBackupRestoration (15ms)
Refreshing native plugins compatible for Editor in 3.42 ms, found 4 plugins.
Preloading 0 native plugins for Editor in 0.00 ms.
Unloading 13 Unused Serialized files (Serialized files now loaded: 0)
Unloading 6681 unused Assets / (2.1 MB). Loaded Objects now: 7371.
Memory consumption went from 152.0 MB to 150.0 MB.
Total: 11.243500 ms (FindLiveObjects: 1.024000 ms CreateObjectMapping: 1.272500 ms MarkObjects: 6.782500 ms  DeleteObjects: 2.162900 ms)

Prepare: number of updated asset objects reloaded= 0
========================================================================
Received Prepare
Begin MonoManager ReloadAssembly
Duplicate assembly 'log4net.dll' with different versions detected, using 'Assets/Packages/log4net.3.0.4/lib/netstandard2.0/log4net.dll, AssemblyName=log4net, Version=3.0.4.0, Culture=neutral, PublicKeyToken=669e0ddf0bb1aa2a' and ignoring 'Packages/com.unity.collab-proxy/Lib/Editor/log4netPlastic.dll, AssemblyName=log4net, Version=1.2.15.0, Culture=neutral, PublicKeyToken=669e0ddf0bb1aa2a'.Symbol file LoadedFromMemory is not a mono symbol file
- Loaded All Assemblies, in  0.873 seconds
Refreshing native plugins compatible for Editor in 2.05 ms, found 4 plugins.
Native extension for WindowsStandalone target not found
log4net:ERROR Exception while reading ConfigurationSettings. Check your .config file is well formed XML.
System.Configuration.ConfigurationErrorsException: Configuration system failed to initialize ---> System.PlatformNotSupportedException: Operation is not supported on this platform.
  at System.Configuration.ClientConfigPaths..ctor (System.String exePath, System.Boolean includeUserConfig) [0x00050] in <5ae095f7408b4d5cb5cdbfc3d3c31d20>:0 
  at System.Configuration.ClientConfigPaths.GetPaths (System.String exePath, System.Boolean includeUserConfig) [0x00018] in <5ae095f7408b4d5cb5cdbfc3d3c31d20>:0 
  at System.Configuration.ClientConfigurationHost.get_ConfigPaths () [0x0000a] in <5ae095f7408b4d5cb5cdbfc3d3c31d20>:0 
  at System.Configuration.ClientConfigurationHost.GetStreamName (System.String configPath) [0x0006d] in <5ae095f7408b4d5cb5cdbfc3d3c31d20>:0 
  at System.Configuration.ClientConfigurationHost.get_IsAppConfigHttp () [0x00000] in <5ae095f7408b4d5cb5cdbfc3d3c31d20>:0 
  at System.Configuration.Internal.DelegatingConfigHost.get_IsAppConfigHttp () [0x00006] in <5ae095f7408b4d5cb5cdbfc3d3c31d20>:0 
  at System.Configuration.ClientConfigurationSystem..ctor () [0x00051] in <5ae095f7408b4d5cb5cdbfc3d3c31d20>:0 
  at System.Configuration.ConfigurationManager.EnsureConfigurationSystem () [0x00024] in <5ae095f7408b4d5cb5cdbfc3d3c31d20>:0 
   --- End of inner exception stack trace ---
  at System.Configuration.ConfigurationManager.EnsureConfigurationSystem () [0x00060] in <5ae095f7408b4d5cb5cdbfc3d3c31d20>:0 
  at System.Configuration.ConfigurationManager.PrepareConfigSystem () [0x0000a] in <5ae095f7408b4d5cb5cdbfc3d3c31d20>:0 
  at System.Configuration.ConfigurationManager.GetSection (System.String sectionName) [0x0000a] in <5ae095f7408b4d5cb5cdbfc3d3c31d20>:0 
  at System.Configuration.ConfigurationManager.get_AppSettings () [0x00000] in <5ae095f7408b4d5cb5cdbfc3d3c31d20>:0 
  at log4net.Util.SystemInfo.GetAppSetting (System.String key) [0x00000] in <00c34789746b40dda4cd7be2c85ba32f>:0 
log4net:ERROR Exception while reading ConfigurationSettings. Check your .config file is well formed XML.
System.Configuration.ConfigurationErrorsException: Configuration system failed to initialize ---> System.PlatformNotSupportedException: Operation is not supported on this platform.
  at System.Configuration.ClientConfigPaths..ctor (System.String exePath, System.Boolean includeUserConfig) [0x00050] in <5ae095f7408b4d5cb5cdbfc3d3c31d20>:0 
  at System.Configuration.ClientConfigPaths.GetPaths (System.String exePath, System.Boolean includeUserConfig) [0x00018] in <5ae095f7408b4d5cb5cdbfc3d3c31d20>:0 
  at System.Configuration.ClientConfigurationHost.get_ConfigPaths () [0x0000a] in <5ae095f7408b4d5cb5cdbfc3d3c31d20>:0 
  at System.Configuration.ClientConfigurationHost.GetStreamName (System.String configPath) [0x0006d] in <5ae095f7408b4d5cb5cdbfc3d3c31d20>:0 
  at System.Configuration.ClientConfigurationHost.get_IsAppConfigHttp () [0x00000] in <5ae095f7408b4d5cb5cdbfc3d3c31d20>:0 
  at System.Configuration.Internal.DelegatingConfigHost.get_IsAppConfigHttp () [0x00006] in <5ae095f7408b4d5cb5cdbfc3d3c31d20>:0 
  at System.Configuration.ClientConfigurationSystem..ctor () [0x00051] in <5ae095f7408b4d5cb5cdbfc3d3c31d20>:0 
  at System.Configuration.ConfigurationManager.EnsureConfigurationSystem () [0x00024] in <5ae095f7408b4d5cb5cdbfc3d3c31d20>:0 
   --- End of inner exception stack trace ---
  at System.Configuration.ConfigurationManager.PrepareConfigSystem () [0x0001a] in <5ae095f7408b4d5cb5cdbfc3d3c31d20>:0 
  at System.Configuration.ConfigurationManager.GetSection (System.String sectionName) [0x0000a] in <5ae095f7408b4d5cb5cdbfc3d3c31d20>:0 
  at System.Configuration.ConfigurationManager.get_AppSettings () [0x00000] in <5ae095f7408b4d5cb5cdbfc3d3c31d20>:0 
  at log4net.Util.SystemInfo.GetAppSetting (System.String key) [0x00000] in <00c34789746b40dda4cd7be2c85ba32f>:0 
log4net:ERROR Exception while reading ConfigurationSettings. Check your .config file is well formed XML.
System.Configuration.ConfigurationErrorsException: Configuration system failed to initialize ---> System.PlatformNotSupportedException: Operation is not supported on this platform.
  at System.Configuration.ClientConfigPaths..ctor (System.String exePath, System.Boolean includeUserConfig) [0x00050] in <5ae095f7408b4d5cb5cdbfc3d3c31d20>:0 
  at System.Configuration.ClientConfigPaths.GetPaths (System.String exePath, System.Boolean includeUserConfig) [0x00018] in <5ae095f7408b4d5cb5cdbfc3d3c31d20>:0 
  at System.Configuration.ClientConfigurationHost.get_ConfigPaths () [0x0000a] in <5ae095f7408b4d5cb5cdbfc3d3c31d20>:0 
  at System.Configuration.ClientConfigurationHost.GetStreamName (System.String configPath) [0x0006d] in <5ae095f7408b4d5cb5cdbfc3d3c31d20>:0 
  at System.Configuration.ClientConfigurationHost.get_IsAppConfigHttp () [0x00000] in <5ae095f7408b4d5cb5cdbfc3d3c31d20>:0 
  at System.Configuration.Internal.DelegatingConfigHost.get_IsAppConfigHttp () [0x00006] in <5ae095f7408b4d5cb5cdbfc3d3c31d20>:0 
  at System.Configuration.ClientConfigurationSystem..ctor () [0x00051] in <5ae095f7408b4d5cb5cdbfc3d3c31d20>:0 
  at System.Configuration.ConfigurationManager.EnsureConfigurationSystem () [0x00024] in <5ae095f7408b4d5cb5cdbfc3d3c31d20>:0 
   --- End of inner exception stack trace ---
  at System.Configuration.ConfigurationManager.PrepareConfigSystem () [0x0001a] in <5ae095f7408b4d5cb5cdbfc3d3c31d20>:0 
  at System.Configuration.ConfigurationManager.GetSection (System.String sectionName) [0x0000a] in <5ae095f7408b4d5cb5cdbfc3d3c31d20>:0 
  at System.Configuration.ConfigurationManager.get_AppSettings () [0x00000] in <5ae095f7408b4d5cb5cdbfc3d3c31d20>:0 
  at log4net.Util.SystemInfo.GetAppSetting (System.String key) [0x00000] in <00c34789746b40dda4cd7be2c85ba32f>:0 
log4net:ERROR Exception while reading ConfigurationSettings. Check your .config file is well formed XML.
System.Configuration.ConfigurationErrorsException: Configuration system failed to initialize ---> System.PlatformNotSupportedException: Operation is not supported on this platform.
  at System.Configuration.ClientConfigPaths..ctor (System.String exePath, System.Boolean includeUserConfig) [0x00050] in <5ae095f7408b4d5cb5cdbfc3d3c31d20>:0 
  at System.Configuration.ClientConfigPaths.GetPaths (System.String exePath, System.Boolean includeUserConfig) [0x00018] in <5ae095f7408b4d5cb5cdbfc3d3c31d20>:0 
  at System.Configuration.ClientConfigurationHost.get_ConfigPaths () [0x0000a] in <5ae095f7408b4d5cb5cdbfc3d3c31d20>:0 
  at System.Configuration.ClientConfigurationHost.GetStreamName (System.String configPath) [0x0006d] in <5ae095f7408b4d5cb5cdbfc3d3c31d20>:0 
  at System.Configuration.ClientConfigurationHost.get_IsAppConfigHttp () [0x00000] in <5ae095f7408b4d5cb5cdbfc3d3c31d20>:0 
  at System.Configuration.Internal.DelegatingConfigHost.get_IsAppConfigHttp () [0x00006] in <5ae095f7408b4d5cb5cdbfc3d3c31d20>:0 
  at System.Configuration.ClientConfigurationSystem..ctor () [0x00051] in <5ae095f7408b4d5cb5cdbfc3d3c31d20>:0 
  at System.Configuration.ConfigurationManager.EnsureConfigurationSystem () [0x00024] in <5ae095f7408b4d5cb5cdbfc3d3c31d20>:0 
   --- End of inner exception stack trace ---
  at System.Configuration.ConfigurationManager.PrepareConfigSystem () [0x0001a] in <5ae095f7408b4d5cb5cdbfc3d3c31d20>:0 
  at System.Configuration.ConfigurationManager.GetSection (System.String sectionName) [0x0000a] in <5ae095f7408b4d5cb5cdbfc3d3c31d20>:0 
  at System.Configuration.ConfigurationManager.get_AppSettings () [0x00000] in <5ae095f7408b4d5cb5cdbfc3d3c31d20>:0 
  at log4net.Util.SystemInfo.GetAppSetting (System.String key) [0x00000] in <00c34789746b40dda4cd7be2c85ba32f>:0 
log4net:ERROR Exception while reading ConfigurationSettings. Check your .config file is well formed XML.
System.Configuration.ConfigurationErrorsException: Configuration system failed to initialize ---> System.PlatformNotSupportedException: Operation is not supported on this platform.
  at System.Configuration.ClientConfigPaths..ctor (System.String exePath, System.Boolean includeUserConfig) [0x00050] in <5ae095f7408b4d5cb5cdbfc3d3c31d20>:0 
  at System.Configuration.ClientConfigPaths.GetPaths (System.String exePath, System.Boolean includeUserConfig) [0x00018] in <5ae095f7408b4d5cb5cdbfc3d3c31d20>:0 
  at System.Configuration.ClientConfigurationHost.get_ConfigPaths () [0x0000a] in <5ae095f7408b4d5cb5cdbfc3d3c31d20>:0 
  at System.Configuration.ClientConfigurationHost.GetStreamName (System.String configPath) [0x0006d] in <5ae095f7408b4d5cb5cdbfc3d3c31d20>:0 
  at System.Configuration.ClientConfigurationHost.get_IsAppConfigHttp () [0x00000] in <5ae095f7408b4d5cb5cdbfc3d3c31d20>:0 
  at System.Configuration.Internal.DelegatingConfigHost.get_IsAppConfigHttp () [0x00006] in <5ae095f7408b4d5cb5cdbfc3d3c31d20>:0 
  at System.Configuration.ClientConfigurationSystem..ctor () [0x00051] in <5ae095f7408b4d5cb5cdbfc3d3c31d20>:0 
  at System.Configuration.ConfigurationManager.EnsureConfigurationSystem () [0x00024] in <5ae095f7408b4d5cb5cdbfc3d3c31d20>:0 
   --- End of inner exception stack trace ---
  at System.Configuration.ConfigurationManager.PrepareConfigSystem () [0x0001a] in <5ae095f7408b4d5cb5cdbfc3d3c31d20>:0 
  at System.Configuration.ConfigurationManager.GetSection (System.String sectionName) [0x0000a] in <5ae095f7408b4d5cb5cdbfc3d3c31d20>:0 
  at System.Configuration.ConfigurationManager.get_AppSettings () [0x00000] in <5ae095f7408b4d5cb5cdbfc3d3c31d20>:0 
  at log4net.Util.SystemInfo.GetAppSetting (System.String key) [0x00000] in <00c34789746b40dda4cd7be2c85ba32f>:0 
log4net:ERROR Exception while reading ConfigurationSettings. Check your .config file is well formed XML.
System.Configuration.ConfigurationErrorsException: Configuration system failed to initialize ---> System.PlatformNotSupportedException: Operation is not supported on this platform.
  at System.Configuration.ClientConfigPaths..ctor (System.String exePath, System.Boolean includeUserConfig) [0x00050] in <5ae095f7408b4d5cb5cdbfc3d3c31d20>:0 
  at System.Configuration.ClientConfigPaths.GetPaths (System.String exePath, System.Boolean includeUserConfig) [0x00018] in <5ae095f7408b4d5cb5cdbfc3d3c31d20>:0 
  at System.Configuration.ClientConfigurationHost.get_ConfigPaths () [0x0000a] in <5ae095f7408b4d5cb5cdbfc3d3c31d20>:0 
  at System.Configuration.ClientConfigurationHost.GetStreamName (System.String configPath) [0x0006d] in <5ae095f7408b4d5cb5cdbfc3d3c31d20>:0 
  at System.Configuration.ClientConfigurationHost.get_IsAppConfigHttp () [0x00000] in <5ae095f7408b4d5cb5cdbfc3d3c31d20>:0 
  at System.Configuration.Internal.DelegatingConfigHost.get_IsAppConfigHttp () [0x00006] in <5ae095f7408b4d5cb5cdbfc3d3c31d20>:0 
  at System.Configuration.ClientConfigurationSystem..ctor () [0x00051] in <5ae095f7408b4d5cb5cdbfc3d3c31d20>:0 
  at System.Configuration.ConfigurationManager.EnsureConfigurationSystem () [0x00024] in <5ae095f7408b4d5cb5cdbfc3d3c31d20>:0 
   --- End of inner exception stack trace ---
  at System.Configuration.ConfigurationManager.PrepareConfigSystem () [0x0001a] in <5ae095f7408b4d5cb5cdbfc3d3c31d20>:0 
  at System.Configuration.ConfigurationManager.GetSection (System.String sectionName) [0x0000a] in <5ae095f7408b4d5cb5cdbfc3d3c31d20>:0 
  at System.Configuration.ConfigurationManager.get_AppSettings () [0x00000] in <5ae095f7408b4d5cb5cdbfc3d3c31d20>:0 
  at log4net.Util.SystemInfo.GetAppSetting (System.String key) [0x00000] in <00c34789746b40dda4cd7be2c85ba32f>:0 
log4net:ERROR Exception while reading ConfigurationSettings. Check your .config file is well formed XML.
System.Configuration.ConfigurationErrorsException: Configuration system failed to initialize ---> System.PlatformNotSupportedException: Operation is not supported on this platform.
  at System.Configuration.ClientConfigPaths..ctor (System.String exePath, System.Boolean includeUserConfig) [0x00050] in <5ae095f7408b4d5cb5cdbfc3d3c31d20>:0 
  at System.Configuration.ClientConfigPaths.GetPaths (System.String exePath, System.Boolean includeUserConfig) [0x00018] in <5ae095f7408b4d5cb5cdbfc3d3c31d20>:0 
  at System.Configuration.ClientConfigurationHost.get_ConfigPaths () [0x0000a] in <5ae095f7408b4d5cb5cdbfc3d3c31d20>:0 
  at System.Configuration.ClientConfigurationHost.GetStreamName (System.String configPath) [0x0006d] in <5ae095f7408b4d5cb5cdbfc3d3c31d20>:0 
  at System.Configuration.ClientConfigurationHost.get_IsAppConfigHttp () [0x00000] in <5ae095f7408b4d5cb5cdbfc3d3c31d20>:0 
  at System.Configuration.Internal.DelegatingConfigHost.get_IsAppConfigHttp () [0x00006] in <5ae095f7408b4d5cb5cdbfc3d3c31d20>:0 
  at System.Configuration.ClientConfigurationSystem..ctor () [0x00051] in <5ae095f7408b4d5cb5cdbfc3d3c31d20>:0 
  at System.Configuration.ConfigurationManager.EnsureConfigurationSystem () [0x00024] in <5ae095f7408b4d5cb5cdbfc3d3c31d20>:0 
   --- End of inner exception stack trace ---
  at System.Configuration.ConfigurationManager.PrepareConfigSystem () [0x0001a] in <5ae095f7408b4d5cb5cdbfc3d3c31d20>:0 
  at System.Configuration.ConfigurationManager.GetSection (System.String sectionName) [0x0000a] in <5ae095f7408b4d5cb5cdbfc3d3c31d20>:0 
  at System.Configuration.ConfigurationManager.get_AppSettings () [0x00000] in <5ae095f7408b4d5cb5cdbfc3d3c31d20>:0 
  at log4net.Util.SystemInfo.GetAppSetting (System.String key) [0x00000] in <00c34789746b40dda4cd7be2c85ba32f>:0 
Mono: successfully reloaded assembly
- Finished resetting the current domain, in  0.920 seconds
Domain Reload Profiling: 1793ms
	BeginReloadAssembly (208ms)
		ExecutionOrderSort (0ms)
		DisableScriptedObjects (16ms)
		BackupInstance (0ms)
		ReleaseScriptingObjects (0ms)
		CreateAndSetChildDomain (48ms)
	RebuildCommonClasses (37ms)
	RebuildNativeTypeToScriptingClass (15ms)
	initialDomainReloadingComplete (32ms)
	LoadAllAssembliesAndSetupDomain (581ms)
		LoadAssemblies (407ms)
		RebuildTransferFunctionScriptingTraits (0ms)
		AnalyzeDomain (283ms)
			TypeCache.Refresh (9ms)
				TypeCache.ScanAssembly (0ms)
			BuildScriptInfoCaches (257ms)
			ResolveRequiredComponents (14ms)
	FinalizeReload (920ms)
		ReleaseScriptCaches (0ms)
		RebuildScriptCaches (0ms)
		SetupLoadedEditorAssemblies (698ms)
			LogAssemblyErrors (0ms)
			InitializePlatformSupportModulesInManaged (3ms)
			SetLoadedEditorAssemblies (5ms)
			BeforeProcessingInitializeOnLoad (120ms)
			ProcessInitializeOnLoadAttributes (482ms)
			ProcessInitializeOnLoadMethodAttributes (85ms)
			AfterProcessingInitializeOnLoad (2ms)
			EditorAssembliesLoaded (0ms)
		ExecutionOrderSort2 (0ms)
		AwakeInstancesAfterBackupRestoration (15ms)
Refreshing native plugins compatible for Editor in 2.54 ms, found 4 plugins.
Preloading 0 native plugins for Editor in 0.00 ms.
Unloading 13 Unused Serialized files (Serialized files now loaded: 0)
Unloading 6681 unused Assets / (4.5 MB). Loaded Objects now: 7373.
Memory consumption went from 152.1 MB to 147.6 MB.
Total: 9.847200 ms (FindLiveObjects: 0.974300 ms CreateObjectMapping: 0.667900 ms MarkObjects: 5.716800 ms  DeleteObjects: 2.486400 ms)

Prepare: number of updated asset objects reloaded= 0
========================================================================
Received Prepare
Begin MonoManager ReloadAssembly
Duplicate assembly 'log4net.dll' with different versions detected, using 'Assets/Packages/log4net.3.0.4/lib/netstandard2.0/log4net.dll, AssemblyName=log4net, Version=3.0.4.0, Culture=neutral, PublicKeyToken=669e0ddf0bb1aa2a' and ignoring 'Packages/com.unity.collab-proxy/Lib/Editor/log4netPlastic.dll, AssemblyName=log4net, Version=1.2.15.0, Culture=neutral, PublicKeyToken=669e0ddf0bb1aa2a'.Symbol file LoadedFromMemory is not a mono symbol file
- Loaded All Assemblies, in  3.010 seconds
Refreshing native plugins compatible for Editor in 2.31 ms, found 4 plugins.
Native extension for WindowsStandalone target not found
log4net:ERROR Exception while reading ConfigurationSettings. Check your .config file is well formed XML.
System.Configuration.ConfigurationErrorsException: Configuration system failed to initialize ---> System.PlatformNotSupportedException: Operation is not supported on this platform.
  at System.Configuration.ClientConfigPaths..ctor (System.String exePath, System.Boolean includeUserConfig) [0x00050] in <5ae095f7408b4d5cb5cdbfc3d3c31d20>:0 
  at System.Configuration.ClientConfigPaths.GetPaths (System.String exePath, System.Boolean includeUserConfig) [0x00018] in <5ae095f7408b4d5cb5cdbfc3d3c31d20>:0 
  at System.Configuration.ClientConfigurationHost.get_ConfigPaths () [0x0000a] in <5ae095f7408b4d5cb5cdbfc3d3c31d20>:0 
  at System.Configuration.ClientConfigurationHost.GetStreamName (System.String configPath) [0x0006d] in <5ae095f7408b4d5cb5cdbfc3d3c31d20>:0 
  at System.Configuration.ClientConfigurationHost.get_IsAppConfigHttp () [0x00000] in <5ae095f7408b4d5cb5cdbfc3d3c31d20>:0 
  at System.Configuration.Internal.DelegatingConfigHost.get_IsAppConfigHttp () [0x00006] in <5ae095f7408b4d5cb5cdbfc3d3c31d20>:0 
  at System.Configuration.ClientConfigurationSystem..ctor () [0x00051] in <5ae095f7408b4d5cb5cdbfc3d3c31d20>:0 
  at System.Configuration.ConfigurationManager.EnsureConfigurationSystem () [0x00024] in <5ae095f7408b4d5cb5cdbfc3d3c31d20>:0 
   --- End of inner exception stack trace ---
  at System.Configuration.ConfigurationManager.EnsureConfigurationSystem () [0x00060] in <5ae095f7408b4d5cb5cdbfc3d3c31d20>:0 
  at System.Configuration.ConfigurationManager.PrepareConfigSystem () [0x0000a] in <5ae095f7408b4d5cb5cdbfc3d3c31d20>:0 
  at System.Configuration.ConfigurationManager.GetSection (System.String sectionName) [0x0000a] in <5ae095f7408b4d5cb5cdbfc3d3c31d20>:0 
  at System.Configuration.ConfigurationManager.get_AppSettings () [0x00000] in <5ae095f7408b4d5cb5cdbfc3d3c31d20>:0 
  at log4net.Util.SystemInfo.GetAppSetting (System.String key) [0x00000] in <00c34789746b40dda4cd7be2c85ba32f>:0 
log4net:ERROR Exception while reading ConfigurationSettings. Check your .config file is well formed XML.
System.Configuration.ConfigurationErrorsException: Configuration system failed to initialize ---> System.PlatformNotSupportedException: Operation is not supported on this platform.
  at System.Configuration.ClientConfigPaths..ctor (System.String exePath, System.Boolean includeUserConfig) [0x00050] in <5ae095f7408b4d5cb5cdbfc3d3c31d20>:0 
  at System.Configuration.ClientConfigPaths.GetPaths (System.String exePath, System.Boolean includeUserConfig) [0x00018] in <5ae095f7408b4d5cb5cdbfc3d3c31d20>:0 
  at System.Configuration.ClientConfigurationHost.get_ConfigPaths () [0x0000a] in <5ae095f7408b4d5cb5cdbfc3d3c31d20>:0 
  at System.Configuration.ClientConfigurationHost.GetStreamName (System.String configPath) [0x0006d] in <5ae095f7408b4d5cb5cdbfc3d3c31d20>:0 
  at System.Configuration.ClientConfigurationHost.get_IsAppConfigHttp () [0x00000] in <5ae095f7408b4d5cb5cdbfc3d3c31d20>:0 
  at System.Configuration.Internal.DelegatingConfigHost.get_IsAppConfigHttp () [0x00006] in <5ae095f7408b4d5cb5cdbfc3d3c31d20>:0 
  at System.Configuration.ClientConfigurationSystem..ctor () [0x00051] in <5ae095f7408b4d5cb5cdbfc3d3c31d20>:0 
  at System.Configuration.ConfigurationManager.EnsureConfigurationSystem () [0x00024] in <5ae095f7408b4d5cb5cdbfc3d3c31d20>:0 
   --- End of inner exception stack trace ---
  at System.Configuration.ConfigurationManager.PrepareConfigSystem () [0x0001a] in <5ae095f7408b4d5cb5cdbfc3d3c31d20>:0 
  at System.Configuration.ConfigurationManager.GetSection (System.String sectionName) [0x0000a] in <5ae095f7408b4d5cb5cdbfc3d3c31d20>:0 
  at System.Configuration.ConfigurationManager.get_AppSettings () [0x00000] in <5ae095f7408b4d5cb5cdbfc3d3c31d20>:0 
  at log4net.Util.SystemInfo.GetAppSetting (System.String key) [0x00000] in <00c34789746b40dda4cd7be2c85ba32f>:0 
log4net:ERROR Exception while reading ConfigurationSettings. Check your .config file is well formed XML.
System.Configuration.ConfigurationErrorsException: Configuration system failed to initialize ---> System.PlatformNotSupportedException: Operation is not supported on this platform.
  at System.Configuration.ClientConfigPaths..ctor (System.String exePath, System.Boolean includeUserConfig) [0x00050] in <5ae095f7408b4d5cb5cdbfc3d3c31d20>:0 
  at System.Configuration.ClientConfigPaths.GetPaths (System.String exePath, System.Boolean includeUserConfig) [0x00018] in <5ae095f7408b4d5cb5cdbfc3d3c31d20>:0 
  at System.Configuration.ClientConfigurationHost.get_ConfigPaths () [0x0000a] in <5ae095f7408b4d5cb5cdbfc3d3c31d20>:0 
  at System.Configuration.ClientConfigurationHost.GetStreamName (System.String configPath) [0x0006d] in <5ae095f7408b4d5cb5cdbfc3d3c31d20>:0 
  at System.Configuration.ClientConfigurationHost.get_IsAppConfigHttp () [0x00000] in <5ae095f7408b4d5cb5cdbfc3d3c31d20>:0 
  at System.Configuration.Internal.DelegatingConfigHost.get_IsAppConfigHttp () [0x00006] in <5ae095f7408b4d5cb5cdbfc3d3c31d20>:0 
  at System.Configuration.ClientConfigurationSystem..ctor () [0x00051] in <5ae095f7408b4d5cb5cdbfc3d3c31d20>:0 
  at System.Configuration.ConfigurationManager.EnsureConfigurationSystem () [0x00024] in <5ae095f7408b4d5cb5cdbfc3d3c31d20>:0 
   --- End of inner exception stack trace ---
  at System.Configuration.ConfigurationManager.PrepareConfigSystem () [0x0001a] in <5ae095f7408b4d5cb5cdbfc3d3c31d20>:0 
  at System.Configuration.ConfigurationManager.GetSection (System.String sectionName) [0x0000a] in <5ae095f7408b4d5cb5cdbfc3d3c31d20>:0 
  at System.Configuration.ConfigurationManager.get_AppSettings () [0x00000] in <5ae095f7408b4d5cb5cdbfc3d3c31d20>:0 
  at log4net.Util.SystemInfo.GetAppSetting (System.String key) [0x00000] in <00c34789746b40dda4cd7be2c85ba32f>:0 
log4net:ERROR Exception while reading ConfigurationSettings. Check your .config file is well formed XML.
System.Configuration.ConfigurationErrorsException: Configuration system failed to initialize ---> System.PlatformNotSupportedException: Operation is not supported on this platform.
  at System.Configuration.ClientConfigPaths..ctor (System.String exePath, System.Boolean includeUserConfig) [0x00050] in <5ae095f7408b4d5cb5cdbfc3d3c31d20>:0 
  at System.Configuration.ClientConfigPaths.GetPaths (System.String exePath, System.Boolean includeUserConfig) [0x00018] in <5ae095f7408b4d5cb5cdbfc3d3c31d20>:0 
  at System.Configuration.ClientConfigurationHost.get_ConfigPaths () [0x0000a] in <5ae095f7408b4d5cb5cdbfc3d3c31d20>:0 
  at System.Configuration.ClientConfigurationHost.GetStreamName (System.String configPath) [0x0006d] in <5ae095f7408b4d5cb5cdbfc3d3c31d20>:0 
  at System.Configuration.ClientConfigurationHost.get_IsAppConfigHttp () [0x00000] in <5ae095f7408b4d5cb5cdbfc3d3c31d20>:0 
  at System.Configuration.Internal.DelegatingConfigHost.get_IsAppConfigHttp () [0x00006] in <5ae095f7408b4d5cb5cdbfc3d3c31d20>:0 
  at System.Configuration.ClientConfigurationSystem..ctor () [0x00051] in <5ae095f7408b4d5cb5cdbfc3d3c31d20>:0 
  at System.Configuration.ConfigurationManager.EnsureConfigurationSystem () [0x00024] in <5ae095f7408b4d5cb5cdbfc3d3c31d20>:0 
   --- End of inner exception stack trace ---
  at System.Configuration.ConfigurationManager.PrepareConfigSystem () [0x0001a] in <5ae095f7408b4d5cb5cdbfc3d3c31d20>:0 
  at System.Configuration.ConfigurationManager.GetSection (System.String sectionName) [0x0000a] in <5ae095f7408b4d5cb5cdbfc3d3c31d20>:0 
  at System.Configuration.ConfigurationManager.get_AppSettings () [0x00000] in <5ae095f7408b4d5cb5cdbfc3d3c31d20>:0 
  at log4net.Util.SystemInfo.GetAppSetting (System.String key) [0x00000] in <00c34789746b40dda4cd7be2c85ba32f>:0 
log4net:ERROR Exception while reading ConfigurationSettings. Check your .config file is well formed XML.
System.Configuration.ConfigurationErrorsException: Configuration system failed to initialize ---> System.PlatformNotSupportedException: Operation is not supported on this platform.
  at System.Configuration.ClientConfigPaths..ctor (System.String exePath, System.Boolean includeUserConfig) [0x00050] in <5ae095f7408b4d5cb5cdbfc3d3c31d20>:0 
  at System.Configuration.ClientConfigPaths.GetPaths (System.String exePath, System.Boolean includeUserConfig) [0x00018] in <5ae095f7408b4d5cb5cdbfc3d3c31d20>:0 
  at System.Configuration.ClientConfigurationHost.get_ConfigPaths () [0x0000a] in <5ae095f7408b4d5cb5cdbfc3d3c31d20>:0 
  at System.Configuration.ClientConfigurationHost.GetStreamName (System.String configPath) [0x0006d] in <5ae095f7408b4d5cb5cdbfc3d3c31d20>:0 
  at System.Configuration.ClientConfigurationHost.get_IsAppConfigHttp () [0x00000] in <5ae095f7408b4d5cb5cdbfc3d3c31d20>:0 
  at System.Configuration.Internal.DelegatingConfigHost.get_IsAppConfigHttp () [0x00006] in <5ae095f7408b4d5cb5cdbfc3d3c31d20>:0 
  at System.Configuration.ClientConfigurationSystem..ctor () [0x00051] in <5ae095f7408b4d5cb5cdbfc3d3c31d20>:0 
  at System.Configuration.ConfigurationManager.EnsureConfigurationSystem () [0x00024] in <5ae095f7408b4d5cb5cdbfc3d3c31d20>:0 
   --- End of inner exception stack trace ---
  at System.Configuration.ConfigurationManager.PrepareConfigSystem () [0x0001a] in <5ae095f7408b4d5cb5cdbfc3d3c31d20>:0 
  at System.Configuration.ConfigurationManager.GetSection (System.String sectionName) [0x0000a] in <5ae095f7408b4d5cb5cdbfc3d3c31d20>:0 
  at System.Configuration.ConfigurationManager.get_AppSettings () [0x00000] in <5ae095f7408b4d5cb5cdbfc3d3c31d20>:0 
  at log4net.Util.SystemInfo.GetAppSetting (System.String key) [0x00000] in <00c34789746b40dda4cd7be2c85ba32f>:0 
log4net:ERROR Exception while reading ConfigurationSettings. Check your .config file is well formed XML.
System.Configuration.ConfigurationErrorsException: Configuration system failed to initialize ---> System.PlatformNotSupportedException: Operation is not supported on this platform.
  at System.Configuration.ClientConfigPaths..ctor (System.String exePath, System.Boolean includeUserConfig) [0x00050] in <5ae095f7408b4d5cb5cdbfc3d3c31d20>:0 
  at System.Configuration.ClientConfigPaths.GetPaths (System.String exePath, System.Boolean includeUserConfig) [0x00018] in <5ae095f7408b4d5cb5cdbfc3d3c31d20>:0 
  at System.Configuration.ClientConfigurationHost.get_ConfigPaths () [0x0000a] in <5ae095f7408b4d5cb5cdbfc3d3c31d20>:0 
  at System.Configuration.ClientConfigurationHost.GetStreamName (System.String configPath) [0x0006d] in <5ae095f7408b4d5cb5cdbfc3d3c31d20>:0 
  at System.Configuration.ClientConfigurationHost.get_IsAppConfigHttp () [0x00000] in <5ae095f7408b4d5cb5cdbfc3d3c31d20>:0 
  at System.Configuration.Internal.DelegatingConfigHost.get_IsAppConfigHttp () [0x00006] in <5ae095f7408b4d5cb5cdbfc3d3c31d20>:0 
  at System.Configuration.ClientConfigurationSystem..ctor () [0x00051] in <5ae095f7408b4d5cb5cdbfc3d3c31d20>:0 
  at System.Configuration.ConfigurationManager.EnsureConfigurationSystem () [0x00024] in <5ae095f7408b4d5cb5cdbfc3d3c31d20>:0 
   --- End of inner exception stack trace ---
  at System.Configuration.ConfigurationManager.PrepareConfigSystem () [0x0001a] in <5ae095f7408b4d5cb5cdbfc3d3c31d20>:0 
  at System.Configuration.ConfigurationManager.GetSection (System.String sectionName) [0x0000a] in <5ae095f7408b4d5cb5cdbfc3d3c31d20>:0 
  at System.Configuration.ConfigurationManager.get_AppSettings () [0x00000] in <5ae095f7408b4d5cb5cdbfc3d3c31d20>:0 
  at log4net.Util.SystemInfo.GetAppSetting (System.String key) [0x00000] in <00c34789746b40dda4cd7be2c85ba32f>:0 
log4net:ERROR Exception while reading ConfigurationSettings. Check your .config file is well formed XML.
System.Configuration.ConfigurationErrorsException: Configuration system failed to initialize ---> System.PlatformNotSupportedException: Operation is not supported on this platform.
  at System.Configuration.ClientConfigPaths..ctor (System.String exePath, System.Boolean includeUserConfig) [0x00050] in <5ae095f7408b4d5cb5cdbfc3d3c31d20>:0 
  at System.Configuration.ClientConfigPaths.GetPaths (System.String exePath, System.Boolean includeUserConfig) [0x00018] in <5ae095f7408b4d5cb5cdbfc3d3c31d20>:0 
  at System.Configuration.ClientConfigurationHost.get_ConfigPaths () [0x0000a] in <5ae095f7408b4d5cb5cdbfc3d3c31d20>:0 
  at System.Configuration.ClientConfigurationHost.GetStreamName (System.String configPath) [0x0006d] in <5ae095f7408b4d5cb5cdbfc3d3c31d20>:0 
  at System.Configuration.ClientConfigurationHost.get_IsAppConfigHttp () [0x00000] in <5ae095f7408b4d5cb5cdbfc3d3c31d20>:0 
  at System.Configuration.Internal.DelegatingConfigHost.get_IsAppConfigHttp () [0x00006] in <5ae095f7408b4d5cb5cdbfc3d3c31d20>:0 
  at System.Configuration.ClientConfigurationSystem..ctor () [0x00051] in <5ae095f7408b4d5cb5cdbfc3d3c31d20>:0 
  at System.Configuration.ConfigurationManager.EnsureConfigurationSystem () [0x00024] in <5ae095f7408b4d5cb5cdbfc3d3c31d20>:0 
   --- End of inner exception stack trace ---
  at System.Configuration.ConfigurationManager.PrepareConfigSystem () [0x0001a] in <5ae095f7408b4d5cb5cdbfc3d3c31d20>:0 
  at System.Configuration.ConfigurationManager.GetSection (System.String sectionName) [0x0000a] in <5ae095f7408b4d5cb5cdbfc3d3c31d20>:0 
  at System.Configuration.ConfigurationManager.get_AppSettings () [0x00000] in <5ae095f7408b4d5cb5cdbfc3d3c31d20>:0 
  at log4net.Util.SystemInfo.GetAppSetting (System.String key) [0x00000] in <00c34789746b40dda4cd7be2c85ba32f>:0 
Mono: successfully reloaded assembly
- Finished resetting the current domain, in  1.057 seconds
Domain Reload Profiling: 4068ms
	BeginReloadAssembly (476ms)
		ExecutionOrderSort (0ms)
		DisableScriptedObjects (23ms)
		BackupInstance (0ms)
		ReleaseScriptingObjects (0ms)
		CreateAndSetChildDomain (80ms)
	RebuildCommonClasses (114ms)
	RebuildNativeTypeToScriptingClass (16ms)
	initialDomainReloadingComplete (36ms)
	LoadAllAssembliesAndSetupDomain (2370ms)
		LoadAssemblies (2013ms)
		RebuildTransferFunctionScriptingTraits (0ms)
		AnalyzeDomain (672ms)
			TypeCache.Refresh (10ms)
				TypeCache.ScanAssembly (0ms)
			BuildScriptInfoCaches (641ms)
			ResolveRequiredComponents (16ms)
	FinalizeReload (1057ms)
		ReleaseScriptCaches (0ms)
		RebuildScriptCaches (0ms)
		SetupLoadedEditorAssemblies (790ms)
			LogAssemblyErrors (0ms)
			InitializePlatformSupportModulesInManaged (3ms)
			SetLoadedEditorAssemblies (7ms)
			BeforeProcessingInitializeOnLoad (172ms)
			ProcessInitializeOnLoadAttributes (529ms)
			ProcessInitializeOnLoadMethodAttributes (75ms)
			AfterProcessingInitializeOnLoad (2ms)
			EditorAssembliesLoaded (0ms)
		ExecutionOrderSort2 (0ms)
		AwakeInstancesAfterBackupRestoration (14ms)
Refreshing native plugins compatible for Editor in 2.68 ms, found 4 plugins.
Preloading 0 native plugins for Editor in 0.00 ms.
Unloading 13 Unused Serialized files (Serialized files now loaded: 0)
Unloading 6681 unused Assets / (4.4 MB). Loaded Objects now: 7375.
Memory consumption went from 152.1 MB to 147.7 MB.
Total: 9.104300 ms (FindLiveObjects: 0.895500 ms CreateObjectMapping: 0.629000 ms MarkObjects: 5.320800 ms  DeleteObjects: 2.257500 ms)

Prepare: number of updated asset objects reloaded= 0
========================================================================
Received Prepare
Begin MonoManager ReloadAssembly
Duplicate assembly 'log4net.dll' with different versions detected, using 'Assets/Packages/log4net.3.0.4/lib/netstandard2.0/log4net.dll, AssemblyName=log4net, Version=3.0.4.0, Culture=neutral, PublicKeyToken=669e0ddf0bb1aa2a' and ignoring 'Packages/com.unity.collab-proxy/Lib/Editor/log4netPlastic.dll, AssemblyName=log4net, Version=1.2.15.0, Culture=neutral, PublicKeyToken=669e0ddf0bb1aa2a'.Symbol file LoadedFromMemory is not a mono symbol file
- Loaded All Assemblies, in  0.935 seconds
Refreshing native plugins compatible for Editor in 2.09 ms, found 4 plugins.
Native extension for WindowsStandalone target not found
log4net:ERROR Exception while reading ConfigurationSettings. Check your .config file is well formed XML.
System.Configuration.ConfigurationErrorsException: Configuration system failed to initialize ---> System.PlatformNotSupportedException: Operation is not supported on this platform.
  at System.Configuration.ClientConfigPaths..ctor (System.String exePath, System.Boolean includeUserConfig) [0x00050] in <5ae095f7408b4d5cb5cdbfc3d3c31d20>:0 
  at System.Configuration.ClientConfigPaths.GetPaths (System.String exePath, System.Boolean includeUserConfig) [0x00018] in <5ae095f7408b4d5cb5cdbfc3d3c31d20>:0 
  at System.Configuration.ClientConfigurationHost.get_ConfigPaths () [0x0000a] in <5ae095f7408b4d5cb5cdbfc3d3c31d20>:0 
  at System.Configuration.ClientConfigurationHost.GetStreamName (System.String configPath) [0x0006d] in <5ae095f7408b4d5cb5cdbfc3d3c31d20>:0 
  at System.Configuration.ClientConfigurationHost.get_IsAppConfigHttp () [0x00000] in <5ae095f7408b4d5cb5cdbfc3d3c31d20>:0 
  at System.Configuration.Internal.DelegatingConfigHost.get_IsAppConfigHttp () [0x00006] in <5ae095f7408b4d5cb5cdbfc3d3c31d20>:0 
  at System.Configuration.ClientConfigurationSystem..ctor () [0x00051] in <5ae095f7408b4d5cb5cdbfc3d3c31d20>:0 
  at System.Configuration.ConfigurationManager.EnsureConfigurationSystem () [0x00024] in <5ae095f7408b4d5cb5cdbfc3d3c31d20>:0 
   --- End of inner exception stack trace ---
  at System.Configuration.ConfigurationManager.EnsureConfigurationSystem () [0x00060] in <5ae095f7408b4d5cb5cdbfc3d3c31d20>:0 
  at System.Configuration.ConfigurationManager.PrepareConfigSystem () [0x0000a] in <5ae095f7408b4d5cb5cdbfc3d3c31d20>:0 
  at System.Configuration.ConfigurationManager.GetSection (System.String sectionName) [0x0000a] in <5ae095f7408b4d5cb5cdbfc3d3c31d20>:0 
  at System.Configuration.ConfigurationManager.get_AppSettings () [0x00000] in <5ae095f7408b4d5cb5cdbfc3d3c31d20>:0 
  at log4net.Util.SystemInfo.GetAppSetting (System.String key) [0x00000] in <00c34789746b40dda4cd7be2c85ba32f>:0 
log4net:ERROR Exception while reading ConfigurationSettings. Check your .config file is well formed XML.
System.Configuration.ConfigurationErrorsException: Configuration system failed to initialize ---> System.PlatformNotSupportedException: Operation is not supported on this platform.
  at System.Configuration.ClientConfigPaths..ctor (System.String exePath, System.Boolean includeUserConfig) [0x00050] in <5ae095f7408b4d5cb5cdbfc3d3c31d20>:0 
  at System.Configuration.ClientConfigPaths.GetPaths (System.String exePath, System.Boolean includeUserConfig) [0x00018] in <5ae095f7408b4d5cb5cdbfc3d3c31d20>:0 
  at System.Configuration.ClientConfigurationHost.get_ConfigPaths () [0x0000a] in <5ae095f7408b4d5cb5cdbfc3d3c31d20>:0 
  at System.Configuration.ClientConfigurationHost.GetStreamName (System.String configPath) [0x0006d] in <5ae095f7408b4d5cb5cdbfc3d3c31d20>:0 
  at System.Configuration.ClientConfigurationHost.get_IsAppConfigHttp () [0x00000] in <5ae095f7408b4d5cb5cdbfc3d3c31d20>:0 
  at System.Configuration.Internal.DelegatingConfigHost.get_IsAppConfigHttp () [0x00006] in <5ae095f7408b4d5cb5cdbfc3d3c31d20>:0 
  at System.Configuration.ClientConfigurationSystem..ctor () [0x00051] in <5ae095f7408b4d5cb5cdbfc3d3c31d20>:0 
  at System.Configuration.ConfigurationManager.EnsureConfigurationSystem () [0x00024] in <5ae095f7408b4d5cb5cdbfc3d3c31d20>:0 
   --- End of inner exception stack trace ---
  at System.Configuration.ConfigurationManager.PrepareConfigSystem () [0x0001a] in <5ae095f7408b4d5cb5cdbfc3d3c31d20>:0 
  at System.Configuration.ConfigurationManager.GetSection (System.String sectionName) [0x0000a] in <5ae095f7408b4d5cb5cdbfc3d3c31d20>:0 
  at System.Configuration.ConfigurationManager.get_AppSettings () [0x00000] in <5ae095f7408b4d5cb5cdbfc3d3c31d20>:0 
  at log4net.Util.SystemInfo.GetAppSetting (System.String key) [0x00000] in <00c34789746b40dda4cd7be2c85ba32f>:0 
log4net:ERROR Exception while reading ConfigurationSettings. Check your .config file is well formed XML.
System.Configuration.ConfigurationErrorsException: Configuration system failed to initialize ---> System.PlatformNotSupportedException: Operation is not supported on this platform.
  at System.Configuration.ClientConfigPaths..ctor (System.String exePath, System.Boolean includeUserConfig) [0x00050] in <5ae095f7408b4d5cb5cdbfc3d3c31d20>:0 
  at System.Configuration.ClientConfigPaths.GetPaths (System.String exePath, System.Boolean includeUserConfig) [0x00018] in <5ae095f7408b4d5cb5cdbfc3d3c31d20>:0 
  at System.Configuration.ClientConfigurationHost.get_ConfigPaths () [0x0000a] in <5ae095f7408b4d5cb5cdbfc3d3c31d20>:0 
  at System.Configuration.ClientConfigurationHost.GetStreamName (System.String configPath) [0x0006d] in <5ae095f7408b4d5cb5cdbfc3d3c31d20>:0 
  at System.Configuration.ClientConfigurationHost.get_IsAppConfigHttp () [0x00000] in <5ae095f7408b4d5cb5cdbfc3d3c31d20>:0 
  at System.Configuration.Internal.DelegatingConfigHost.get_IsAppConfigHttp () [0x00006] in <5ae095f7408b4d5cb5cdbfc3d3c31d20>:0 
  at System.Configuration.ClientConfigurationSystem..ctor () [0x00051] in <5ae095f7408b4d5cb5cdbfc3d3c31d20>:0 
  at System.Configuration.ConfigurationManager.EnsureConfigurationSystem () [0x00024] in <5ae095f7408b4d5cb5cdbfc3d3c31d20>:0 
   --- End of inner exception stack trace ---
  at System.Configuration.ConfigurationManager.PrepareConfigSystem () [0x0001a] in <5ae095f7408b4d5cb5cdbfc3d3c31d20>:0 
  at System.Configuration.ConfigurationManager.GetSection (System.String sectionName) [0x0000a] in <5ae095f7408b4d5cb5cdbfc3d3c31d20>:0 
  at System.Configuration.ConfigurationManager.get_AppSettings () [0x00000] in <5ae095f7408b4d5cb5cdbfc3d3c31d20>:0 
  at log4net.Util.SystemInfo.GetAppSetting (System.String key) [0x00000] in <00c34789746b40dda4cd7be2c85ba32f>:0 
log4net:ERROR Exception while reading ConfigurationSettings. Check your .config file is well formed XML.
System.Configuration.ConfigurationErrorsException: Configuration system failed to initialize ---> System.PlatformNotSupportedException: Operation is not supported on this platform.
  at System.Configuration.ClientConfigPaths..ctor (System.String exePath, System.Boolean includeUserConfig) [0x00050] in <5ae095f7408b4d5cb5cdbfc3d3c31d20>:0 
  at System.Configuration.ClientConfigPaths.GetPaths (System.String exePath, System.Boolean includeUserConfig) [0x00018] in <5ae095f7408b4d5cb5cdbfc3d3c31d20>:0 
  at System.Configuration.ClientConfigurationHost.get_ConfigPaths () [0x0000a] in <5ae095f7408b4d5cb5cdbfc3d3c31d20>:0 
  at System.Configuration.ClientConfigurationHost.GetStreamName (System.String configPath) [0x0006d] in <5ae095f7408b4d5cb5cdbfc3d3c31d20>:0 
  at System.Configuration.ClientConfigurationHost.get_IsAppConfigHttp () [0x00000] in <5ae095f7408b4d5cb5cdbfc3d3c31d20>:0 
  at System.Configuration.Internal.DelegatingConfigHost.get_IsAppConfigHttp () [0x00006] in <5ae095f7408b4d5cb5cdbfc3d3c31d20>:0 
  at System.Configuration.ClientConfigurationSystem..ctor () [0x00051] in <5ae095f7408b4d5cb5cdbfc3d3c31d20>:0 
  at System.Configuration.ConfigurationManager.EnsureConfigurationSystem () [0x00024] in <5ae095f7408b4d5cb5cdbfc3d3c31d20>:0 
   --- End of inner exception stack trace ---
  at System.Configuration.ConfigurationManager.PrepareConfigSystem () [0x0001a] in <5ae095f7408b4d5cb5cdbfc3d3c31d20>:0 
  at System.Configuration.ConfigurationManager.GetSection (System.String sectionName) [0x0000a] in <5ae095f7408b4d5cb5cdbfc3d3c31d20>:0 
  at System.Configuration.ConfigurationManager.get_AppSettings () [0x00000] in <5ae095f7408b4d5cb5cdbfc3d3c31d20>:0 
  at log4net.Util.SystemInfo.GetAppSetting (System.String key) [0x00000] in <00c34789746b40dda4cd7be2c85ba32f>:0 
log4net:ERROR Exception while reading ConfigurationSettings. Check your .config file is well formed XML.
System.Configuration.ConfigurationErrorsException: Configuration system failed to initialize ---> System.PlatformNotSupportedException: Operation is not supported on this platform.
  at System.Configuration.ClientConfigPaths..ctor (System.String exePath, System.Boolean includeUserConfig) [0x00050] in <5ae095f7408b4d5cb5cdbfc3d3c31d20>:0 
  at System.Configuration.ClientConfigPaths.GetPaths (System.String exePath, System.Boolean includeUserConfig) [0x00018] in <5ae095f7408b4d5cb5cdbfc3d3c31d20>:0 
  at System.Configuration.ClientConfigurationHost.get_ConfigPaths () [0x0000a] in <5ae095f7408b4d5cb5cdbfc3d3c31d20>:0 
  at System.Configuration.ClientConfigurationHost.GetStreamName (System.String configPath) [0x0006d] in <5ae095f7408b4d5cb5cdbfc3d3c31d20>:0 
  at System.Configuration.ClientConfigurationHost.get_IsAppConfigHttp () [0x00000] in <5ae095f7408b4d5cb5cdbfc3d3c31d20>:0 
  at System.Configuration.Internal.DelegatingConfigHost.get_IsAppConfigHttp () [0x00006] in <5ae095f7408b4d5cb5cdbfc3d3c31d20>:0 
  at System.Configuration.ClientConfigurationSystem..ctor () [0x00051] in <5ae095f7408b4d5cb5cdbfc3d3c31d20>:0 
  at System.Configuration.ConfigurationManager.EnsureConfigurationSystem () [0x00024] in <5ae095f7408b4d5cb5cdbfc3d3c31d20>:0 
   --- End of inner exception stack trace ---
  at System.Configuration.ConfigurationManager.PrepareConfigSystem () [0x0001a] in <5ae095f7408b4d5cb5cdbfc3d3c31d20>:0 
  at System.Configuration.ConfigurationManager.GetSection (System.String sectionName) [0x0000a] in <5ae095f7408b4d5cb5cdbfc3d3c31d20>:0 
  at System.Configuration.ConfigurationManager.get_AppSettings () [0x00000] in <5ae095f7408b4d5cb5cdbfc3d3c31d20>:0 
  at log4net.Util.SystemInfo.GetAppSetting (System.String key) [0x00000] in <00c34789746b40dda4cd7be2c85ba32f>:0 
log4net:ERROR Exception while reading ConfigurationSettings. Check your .config file is well formed XML.
System.Configuration.ConfigurationErrorsException: Configuration system failed to initialize ---> System.PlatformNotSupportedException: Operation is not supported on this platform.
  at System.Configuration.ClientConfigPaths..ctor (System.String exePath, System.Boolean includeUserConfig) [0x00050] in <5ae095f7408b4d5cb5cdbfc3d3c31d20>:0 
  at System.Configuration.ClientConfigPaths.GetPaths (System.String exePath, System.Boolean includeUserConfig) [0x00018] in <5ae095f7408b4d5cb5cdbfc3d3c31d20>:0 
  at System.Configuration.ClientConfigurationHost.get_ConfigPaths () [0x0000a] in <5ae095f7408b4d5cb5cdbfc3d3c31d20>:0 
  at System.Configuration.ClientConfigurationHost.GetStreamName (System.String configPath) [0x0006d] in <5ae095f7408b4d5cb5cdbfc3d3c31d20>:0 
  at System.Configuration.ClientConfigurationHost.get_IsAppConfigHttp () [0x00000] in <5ae095f7408b4d5cb5cdbfc3d3c31d20>:0 
  at System.Configuration.Internal.DelegatingConfigHost.get_IsAppConfigHttp () [0x00006] in <5ae095f7408b4d5cb5cdbfc3d3c31d20>:0 
  at System.Configuration.ClientConfigurationSystem..ctor () [0x00051] in <5ae095f7408b4d5cb5cdbfc3d3c31d20>:0 
  at System.Configuration.ConfigurationManager.EnsureConfigurationSystem () [0x00024] in <5ae095f7408b4d5cb5cdbfc3d3c31d20>:0 
   --- End of inner exception stack trace ---
  at System.Configuration.ConfigurationManager.PrepareConfigSystem () [0x0001a] in <5ae095f7408b4d5cb5cdbfc3d3c31d20>:0 
  at System.Configuration.ConfigurationManager.GetSection (System.String sectionName) [0x0000a] in <5ae095f7408b4d5cb5cdbfc3d3c31d20>:0 
  at System.Configuration.ConfigurationManager.get_AppSettings () [0x00000] in <5ae095f7408b4d5cb5cdbfc3d3c31d20>:0 
  at log4net.Util.SystemInfo.GetAppSetting (System.String key) [0x00000] in <00c34789746b40dda4cd7be2c85ba32f>:0 
log4net:ERROR Exception while reading ConfigurationSettings. Check your .config file is well formed XML.
System.Configuration.ConfigurationErrorsException: Configuration system failed to initialize ---> System.PlatformNotSupportedException: Operation is not supported on this platform.
  at System.Configuration.ClientConfigPaths..ctor (System.String exePath, System.Boolean includeUserConfig) [0x00050] in <5ae095f7408b4d5cb5cdbfc3d3c31d20>:0 
  at System.Configuration.ClientConfigPaths.GetPaths (System.String exePath, System.Boolean includeUserConfig) [0x00018] in <5ae095f7408b4d5cb5cdbfc3d3c31d20>:0 
  at System.Configuration.ClientConfigurationHost.get_ConfigPaths () [0x0000a] in <5ae095f7408b4d5cb5cdbfc3d3c31d20>:0 
  at System.Configuration.ClientConfigurationHost.GetStreamName (System.String configPath) [0x0006d] in <5ae095f7408b4d5cb5cdbfc3d3c31d20>:0 
  at System.Configuration.ClientConfigurationHost.get_IsAppConfigHttp () [0x00000] in <5ae095f7408b4d5cb5cdbfc3d3c31d20>:0 
  at System.Configuration.Internal.DelegatingConfigHost.get_IsAppConfigHttp () [0x00006] in <5ae095f7408b4d5cb5cdbfc3d3c31d20>:0 
  at System.Configuration.ClientConfigurationSystem..ctor () [0x00051] in <5ae095f7408b4d5cb5cdbfc3d3c31d20>:0 
  at System.Configuration.ConfigurationManager.EnsureConfigurationSystem () [0x00024] in <5ae095f7408b4d5cb5cdbfc3d3c31d20>:0 
   --- End of inner exception stack trace ---
  at System.Configuration.ConfigurationManager.PrepareConfigSystem () [0x0001a] in <5ae095f7408b4d5cb5cdbfc3d3c31d20>:0 
  at System.Configuration.ConfigurationManager.GetSection (System.String sectionName) [0x0000a] in <5ae095f7408b4d5cb5cdbfc3d3c31d20>:0 
  at System.Configuration.ConfigurationManager.get_AppSettings () [0x00000] in <5ae095f7408b4d5cb5cdbfc3d3c31d20>:0 
  at log4net.Util.SystemInfo.GetAppSetting (System.String key) [0x00000] in <00c34789746b40dda4cd7be2c85ba32f>:0 
Mono: successfully reloaded assembly
- Finished resetting the current domain, in  0.936 seconds
Domain Reload Profiling: 1870ms
	BeginReloadAssembly (229ms)
		ExecutionOrderSort (0ms)
		DisableScriptedObjects (17ms)
		BackupInstance (0ms)
		ReleaseScriptingObjects (0ms)
		CreateAndSetChildDomain (53ms)
	RebuildCommonClasses (39ms)
	RebuildNativeTypeToScriptingClass (17ms)
	initialDomainReloadingComplete (35ms)
	LoadAllAssembliesAndSetupDomain (613ms)
		LoadAssemblies (435ms)
		RebuildTransferFunctionScriptingTraits (0ms)
		AnalyzeDomain (289ms)
			TypeCache.Refresh (9ms)
				TypeCache.ScanAssembly (0ms)
			BuildScriptInfoCaches (263ms)
			ResolveRequiredComponents (13ms)
	FinalizeReload (937ms)
		ReleaseScriptCaches (0ms)
		RebuildScriptCaches (0ms)
		SetupLoadedEditorAssemblies (709ms)
			LogAssemblyErrors (0ms)
			InitializePlatformSupportModulesInManaged (3ms)
			SetLoadedEditorAssemblies (5ms)
			BeforeProcessingInitializeOnLoad (124ms)
			ProcessInitializeOnLoadAttributes (499ms)
			ProcessInitializeOnLoadMethodAttributes (75ms)
			AfterProcessingInitializeOnLoad (2ms)
			EditorAssembliesLoaded (0ms)
		ExecutionOrderSort2 (0ms)
		AwakeInstancesAfterBackupRestoration (15ms)
Refreshing native plugins compatible for Editor in 2.32 ms, found 4 plugins.
Preloading 0 native plugins for Editor in 0.00 ms.
Unloading 13 Unused Serialized files (Serialized files now loaded: 0)
Unloading 6681 unused Assets / (4.5 MB). Loaded Objects now: 7377.
Memory consumption went from 152.1 MB to 147.7 MB.
Total: 9.152800 ms (FindLiveObjects: 0.866100 ms CreateObjectMapping: 0.573900 ms MarkObjects: 5.398600 ms  DeleteObjects: 2.312300 ms)

Prepare: number of updated asset objects reloaded= 0
========================================================================
Received Prepare
Begin MonoManager ReloadAssembly
Duplicate assembly 'log4net.dll' with different versions detected, using 'Assets/Packages/log4net.3.0.4/lib/netstandard2.0/log4net.dll, AssemblyName=log4net, Version=3.0.4.0, Culture=neutral, PublicKeyToken=669e0ddf0bb1aa2a' and ignoring 'Packages/com.unity.collab-proxy/Lib/Editor/log4netPlastic.dll, AssemblyName=log4net, Version=1.2.15.0, Culture=neutral, PublicKeyToken=669e0ddf0bb1aa2a'.Symbol file LoadedFromMemory is not a mono symbol file
- Loaded All Assemblies, in  0.901 seconds
Refreshing native plugins compatible for Editor in 2.29 ms, found 4 plugins.
Native extension for WindowsStandalone target not found
log4net:ERROR Exception while reading ConfigurationSettings. Check your .config file is well formed XML.
System.Configuration.ConfigurationErrorsException: Configuration system failed to initialize ---> System.PlatformNotSupportedException: Operation is not supported on this platform.
  at System.Configuration.ClientConfigPaths..ctor (System.String exePath, System.Boolean includeUserConfig) [0x00050] in <5ae095f7408b4d5cb5cdbfc3d3c31d20>:0 
  at System.Configuration.ClientConfigPaths.GetPaths (System.String exePath, System.Boolean includeUserConfig) [0x00018] in <5ae095f7408b4d5cb5cdbfc3d3c31d20>:0 
  at System.Configuration.ClientConfigurationHost.get_ConfigPaths () [0x0000a] in <5ae095f7408b4d5cb5cdbfc3d3c31d20>:0 
  at System.Configuration.ClientConfigurationHost.GetStreamName (System.String configPath) [0x0006d] in <5ae095f7408b4d5cb5cdbfc3d3c31d20>:0 
  at System.Configuration.ClientConfigurationHost.get_IsAppConfigHttp () [0x00000] in <5ae095f7408b4d5cb5cdbfc3d3c31d20>:0 
  at System.Configuration.Internal.DelegatingConfigHost.get_IsAppConfigHttp () [0x00006] in <5ae095f7408b4d5cb5cdbfc3d3c31d20>:0 
  at System.Configuration.ClientConfigurationSystem..ctor () [0x00051] in <5ae095f7408b4d5cb5cdbfc3d3c31d20>:0 
  at System.Configuration.ConfigurationManager.EnsureConfigurationSystem () [0x00024] in <5ae095f7408b4d5cb5cdbfc3d3c31d20>:0 
   --- End of inner exception stack trace ---
  at System.Configuration.ConfigurationManager.EnsureConfigurationSystem () [0x00060] in <5ae095f7408b4d5cb5cdbfc3d3c31d20>:0 
  at System.Configuration.ConfigurationManager.PrepareConfigSystem () [0x0000a] in <5ae095f7408b4d5cb5cdbfc3d3c31d20>:0 
  at System.Configuration.ConfigurationManager.GetSection (System.String sectionName) [0x0000a] in <5ae095f7408b4d5cb5cdbfc3d3c31d20>:0 
  at System.Configuration.ConfigurationManager.get_AppSettings () [0x00000] in <5ae095f7408b4d5cb5cdbfc3d3c31d20>:0 
  at log4net.Util.SystemInfo.GetAppSetting (System.String key) [0x00000] in <00c34789746b40dda4cd7be2c85ba32f>:0 
log4net:ERROR Exception while reading ConfigurationSettings. Check your .config file is well formed XML.
System.Configuration.ConfigurationErrorsException: Configuration system failed to initialize ---> System.PlatformNotSupportedException: Operation is not supported on this platform.
  at System.Configuration.ClientConfigPaths..ctor (System.String exePath, System.Boolean includeUserConfig) [0x00050] in <5ae095f7408b4d5cb5cdbfc3d3c31d20>:0 
  at System.Configuration.ClientConfigPaths.GetPaths (System.String exePath, System.Boolean includeUserConfig) [0x00018] in <5ae095f7408b4d5cb5cdbfc3d3c31d20>:0 
  at System.Configuration.ClientConfigurationHost.get_ConfigPaths () [0x0000a] in <5ae095f7408b4d5cb5cdbfc3d3c31d20>:0 
  at System.Configuration.ClientConfigurationHost.GetStreamName (System.String configPath) [0x0006d] in <5ae095f7408b4d5cb5cdbfc3d3c31d20>:0 
  at System.Configuration.ClientConfigurationHost.get_IsAppConfigHttp () [0x00000] in <5ae095f7408b4d5cb5cdbfc3d3c31d20>:0 
  at System.Configuration.Internal.DelegatingConfigHost.get_IsAppConfigHttp () [0x00006] in <5ae095f7408b4d5cb5cdbfc3d3c31d20>:0 
  at System.Configuration.ClientConfigurationSystem..ctor () [0x00051] in <5ae095f7408b4d5cb5cdbfc3d3c31d20>:0 
  at System.Configuration.ConfigurationManager.EnsureConfigurationSystem () [0x00024] in <5ae095f7408b4d5cb5cdbfc3d3c31d20>:0 
   --- End of inner exception stack trace ---
  at System.Configuration.ConfigurationManager.PrepareConfigSystem () [0x0001a] in <5ae095f7408b4d5cb5cdbfc3d3c31d20>:0 
  at System.Configuration.ConfigurationManager.GetSection (System.String sectionName) [0x0000a] in <5ae095f7408b4d5cb5cdbfc3d3c31d20>:0 
  at System.Configuration.ConfigurationManager.get_AppSettings () [0x00000] in <5ae095f7408b4d5cb5cdbfc3d3c31d20>:0 
  at log4net.Util.SystemInfo.GetAppSetting (System.String key) [0x00000] in <00c34789746b40dda4cd7be2c85ba32f>:0 
log4net:ERROR Exception while reading ConfigurationSettings. Check your .config file is well formed XML.
System.Configuration.ConfigurationErrorsException: Configuration system failed to initialize ---> System.PlatformNotSupportedException: Operation is not supported on this platform.
  at System.Configuration.ClientConfigPaths..ctor (System.String exePath, System.Boolean includeUserConfig) [0x00050] in <5ae095f7408b4d5cb5cdbfc3d3c31d20>:0 
  at System.Configuration.ClientConfigPaths.GetPaths (System.String exePath, System.Boolean includeUserConfig) [0x00018] in <5ae095f7408b4d5cb5cdbfc3d3c31d20>:0 
  at System.Configuration.ClientConfigurationHost.get_ConfigPaths () [0x0000a] in <5ae095f7408b4d5cb5cdbfc3d3c31d20>:0 
  at System.Configuration.ClientConfigurationHost.GetStreamName (System.String configPath) [0x0006d] in <5ae095f7408b4d5cb5cdbfc3d3c31d20>:0 
  at System.Configuration.ClientConfigurationHost.get_IsAppConfigHttp () [0x00000] in <5ae095f7408b4d5cb5cdbfc3d3c31d20>:0 
  at System.Configuration.Internal.DelegatingConfigHost.get_IsAppConfigHttp () [0x00006] in <5ae095f7408b4d5cb5cdbfc3d3c31d20>:0 
  at System.Configuration.ClientConfigurationSystem..ctor () [0x00051] in <5ae095f7408b4d5cb5cdbfc3d3c31d20>:0 
  at System.Configuration.ConfigurationManager.EnsureConfigurationSystem () [0x00024] in <5ae095f7408b4d5cb5cdbfc3d3c31d20>:0 
   --- End of inner exception stack trace ---
  at System.Configuration.ConfigurationManager.PrepareConfigSystem () [0x0001a] in <5ae095f7408b4d5cb5cdbfc3d3c31d20>:0 
  at System.Configuration.ConfigurationManager.GetSection (System.String sectionName) [0x0000a] in <5ae095f7408b4d5cb5cdbfc3d3c31d20>:0 
  at System.Configuration.ConfigurationManager.get_AppSettings () [0x00000] in <5ae095f7408b4d5cb5cdbfc3d3c31d20>:0 
  at log4net.Util.SystemInfo.GetAppSetting (System.String key) [0x00000] in <00c34789746b40dda4cd7be2c85ba32f>:0 
log4net:ERROR Exception while reading ConfigurationSettings. Check your .config file is well formed XML.
System.Configuration.ConfigurationErrorsException: Configuration system failed to initialize ---> System.PlatformNotSupportedException: Operation is not supported on this platform.
  at System.Configuration.ClientConfigPaths..ctor (System.String exePath, System.Boolean includeUserConfig) [0x00050] in <5ae095f7408b4d5cb5cdbfc3d3c31d20>:0 
  at System.Configuration.ClientConfigPaths.GetPaths (System.String exePath, System.Boolean includeUserConfig) [0x00018] in <5ae095f7408b4d5cb5cdbfc3d3c31d20>:0 
  at System.Configuration.ClientConfigurationHost.get_ConfigPaths () [0x0000a] in <5ae095f7408b4d5cb5cdbfc3d3c31d20>:0 
  at System.Configuration.ClientConfigurationHost.GetStreamName (System.String configPath) [0x0006d] in <5ae095f7408b4d5cb5cdbfc3d3c31d20>:0 
  at System.Configuration.ClientConfigurationHost.get_IsAppConfigHttp () [0x00000] in <5ae095f7408b4d5cb5cdbfc3d3c31d20>:0 
  at System.Configuration.Internal.DelegatingConfigHost.get_IsAppConfigHttp () [0x00006] in <5ae095f7408b4d5cb5cdbfc3d3c31d20>:0 
  at System.Configuration.ClientConfigurationSystem..ctor () [0x00051] in <5ae095f7408b4d5cb5cdbfc3d3c31d20>:0 
  at System.Configuration.ConfigurationManager.EnsureConfigurationSystem () [0x00024] in <5ae095f7408b4d5cb5cdbfc3d3c31d20>:0 
   --- End of inner exception stack trace ---
  at System.Configuration.ConfigurationManager.PrepareConfigSystem () [0x0001a] in <5ae095f7408b4d5cb5cdbfc3d3c31d20>:0 
  at System.Configuration.ConfigurationManager.GetSection (System.String sectionName) [0x0000a] in <5ae095f7408b4d5cb5cdbfc3d3c31d20>:0 
  at System.Configuration.ConfigurationManager.get_AppSettings () [0x00000] in <5ae095f7408b4d5cb5cdbfc3d3c31d20>:0 
  at log4net.Util.SystemInfo.GetAppSetting (System.String key) [0x00000] in <00c34789746b40dda4cd7be2c85ba32f>:0 
log4net:ERROR Exception while reading ConfigurationSettings. Check your .config file is well formed XML.
System.Configuration.ConfigurationErrorsException: Configuration system failed to initialize ---> System.PlatformNotSupportedException: Operation is not supported on this platform.
  at System.Configuration.ClientConfigPaths..ctor (System.String exePath, System.Boolean includeUserConfig) [0x00050] in <5ae095f7408b4d5cb5cdbfc3d3c31d20>:0 
  at System.Configuration.ClientConfigPaths.GetPaths (System.String exePath, System.Boolean includeUserConfig) [0x00018] in <5ae095f7408b4d5cb5cdbfc3d3c31d20>:0 
  at System.Configuration.ClientConfigurationHost.get_ConfigPaths () [0x0000a] in <5ae095f7408b4d5cb5cdbfc3d3c31d20>:0 
  at System.Configuration.ClientConfigurationHost.GetStreamName (System.String configPath) [0x0006d] in <5ae095f7408b4d5cb5cdbfc3d3c31d20>:0 
  at System.Configuration.ClientConfigurationHost.get_IsAppConfigHttp () [0x00000] in <5ae095f7408b4d5cb5cdbfc3d3c31d20>:0 
  at System.Configuration.Internal.DelegatingConfigHost.get_IsAppConfigHttp () [0x00006] in <5ae095f7408b4d5cb5cdbfc3d3c31d20>:0 
  at System.Configuration.ClientConfigurationSystem..ctor () [0x00051] in <5ae095f7408b4d5cb5cdbfc3d3c31d20>:0 
  at System.Configuration.ConfigurationManager.EnsureConfigurationSystem () [0x00024] in <5ae095f7408b4d5cb5cdbfc3d3c31d20>:0 
   --- End of inner exception stack trace ---
  at System.Configuration.ConfigurationManager.PrepareConfigSystem () [0x0001a] in <5ae095f7408b4d5cb5cdbfc3d3c31d20>:0 
  at System.Configuration.ConfigurationManager.GetSection (System.String sectionName) [0x0000a] in <5ae095f7408b4d5cb5cdbfc3d3c31d20>:0 
  at System.Configuration.ConfigurationManager.get_AppSettings () [0x00000] in <5ae095f7408b4d5cb5cdbfc3d3c31d20>:0 
  at log4net.Util.SystemInfo.GetAppSetting (System.String key) [0x00000] in <00c34789746b40dda4cd7be2c85ba32f>:0 
log4net:ERROR Exception while reading ConfigurationSettings. Check your .config file is well formed XML.
System.Configuration.ConfigurationErrorsException: Configuration system failed to initialize ---> System.PlatformNotSupportedException: Operation is not supported on this platform.
  at System.Configuration.ClientConfigPaths..ctor (System.String exePath, System.Boolean includeUserConfig) [0x00050] in <5ae095f7408b4d5cb5cdbfc3d3c31d20>:0 
  at System.Configuration.ClientConfigPaths.GetPaths (System.String exePath, System.Boolean includeUserConfig) [0x00018] in <5ae095f7408b4d5cb5cdbfc3d3c31d20>:0 
  at System.Configuration.ClientConfigurationHost.get_ConfigPaths () [0x0000a] in <5ae095f7408b4d5cb5cdbfc3d3c31d20>:0 
  at System.Configuration.ClientConfigurationHost.GetStreamName (System.String configPath) [0x0006d] in <5ae095f7408b4d5cb5cdbfc3d3c31d20>:0 
  at System.Configuration.ClientConfigurationHost.get_IsAppConfigHttp () [0x00000] in <5ae095f7408b4d5cb5cdbfc3d3c31d20>:0 
  at System.Configuration.Internal.DelegatingConfigHost.get_IsAppConfigHttp () [0x00006] in <5ae095f7408b4d5cb5cdbfc3d3c31d20>:0 
  at System.Configuration.ClientConfigurationSystem..ctor () [0x00051] in <5ae095f7408b4d5cb5cdbfc3d3c31d20>:0 
  at System.Configuration.ConfigurationManager.EnsureConfigurationSystem () [0x00024] in <5ae095f7408b4d5cb5cdbfc3d3c31d20>:0 
   --- End of inner exception stack trace ---
  at System.Configuration.ConfigurationManager.PrepareConfigSystem () [0x0001a] in <5ae095f7408b4d5cb5cdbfc3d3c31d20>:0 
  at System.Configuration.ConfigurationManager.GetSection (System.String sectionName) [0x0000a] in <5ae095f7408b4d5cb5cdbfc3d3c31d20>:0 
  at System.Configuration.ConfigurationManager.get_AppSettings () [0x00000] in <5ae095f7408b4d5cb5cdbfc3d3c31d20>:0 
  at log4net.Util.SystemInfo.GetAppSetting (System.String key) [0x00000] in <00c34789746b40dda4cd7be2c85ba32f>:0 
log4net:ERROR Exception while reading ConfigurationSettings. Check your .config file is well formed XML.
System.Configuration.ConfigurationErrorsException: Configuration system failed to initialize ---> System.PlatformNotSupportedException: Operation is not supported on this platform.
  at System.Configuration.ClientConfigPaths..ctor (System.String exePath, System.Boolean includeUserConfig) [0x00050] in <5ae095f7408b4d5cb5cdbfc3d3c31d20>:0 
  at System.Configuration.ClientConfigPaths.GetPaths (System.String exePath, System.Boolean includeUserConfig) [0x00018] in <5ae095f7408b4d5cb5cdbfc3d3c31d20>:0 
  at System.Configuration.ClientConfigurationHost.get_ConfigPaths () [0x0000a] in <5ae095f7408b4d5cb5cdbfc3d3c31d20>:0 
  at System.Configuration.ClientConfigurationHost.GetStreamName (System.String configPath) [0x0006d] in <5ae095f7408b4d5cb5cdbfc3d3c31d20>:0 
  at System.Configuration.ClientConfigurationHost.get_IsAppConfigHttp () [0x00000] in <5ae095f7408b4d5cb5cdbfc3d3c31d20>:0 
  at System.Configuration.Internal.DelegatingConfigHost.get_IsAppConfigHttp () [0x00006] in <5ae095f7408b4d5cb5cdbfc3d3c31d20>:0 
  at System.Configuration.ClientConfigurationSystem..ctor () [0x00051] in <5ae095f7408b4d5cb5cdbfc3d3c31d20>:0 
  at System.Configuration.ConfigurationManager.EnsureConfigurationSystem () [0x00024] in <5ae095f7408b4d5cb5cdbfc3d3c31d20>:0 
   --- End of inner exception stack trace ---
  at System.Configuration.ConfigurationManager.PrepareConfigSystem () [0x0001a] in <5ae095f7408b4d5cb5cdbfc3d3c31d20>:0 
  at System.Configuration.ConfigurationManager.GetSection (System.String sectionName) [0x0000a] in <5ae095f7408b4d5cb5cdbfc3d3c31d20>:0 
  at System.Configuration.ConfigurationManager.get_AppSettings () [0x00000] in <5ae095f7408b4d5cb5cdbfc3d3c31d20>:0 
  at log4net.Util.SystemInfo.GetAppSetting (System.String key) [0x00000] in <00c34789746b40dda4cd7be2c85ba32f>:0 
Mono: successfully reloaded assembly
- Finished resetting the current domain, in  0.916 seconds
Domain Reload Profiling: 1816ms
	BeginReloadAssembly (212ms)
		ExecutionOrderSort (0ms)
		DisableScriptedObjects (17ms)
		BackupInstance (0ms)
		ReleaseScriptingObjects (0ms)
		CreateAndSetChildDomain (48ms)
	RebuildCommonClasses (38ms)
	RebuildNativeTypeToScriptingClass (16ms)
	initialDomainReloadingComplete (36ms)
	LoadAllAssembliesAndSetupDomain (599ms)
		LoadAssemblies (424ms)
		RebuildTransferFunctionScriptingTraits (0ms)
		AnalyzeDomain (284ms)
			TypeCache.Refresh (9ms)
				TypeCache.ScanAssembly (0ms)
			BuildScriptInfoCaches (258ms)
			ResolveRequiredComponents (13ms)
	FinalizeReload (916ms)
		ReleaseScriptCaches (0ms)
		RebuildScriptCaches (0ms)
		SetupLoadedEditorAssemblies (698ms)
			LogAssemblyErrors (0ms)
			InitializePlatformSupportModulesInManaged (2ms)
			SetLoadedEditorAssemblies (6ms)
			BeforeProcessingInitializeOnLoad (128ms)
			ProcessInitializeOnLoadAttributes (477ms)
			ProcessInitializeOnLoadMethodAttributes (83ms)
			AfterProcessingInitializeOnLoad (2ms)
			EditorAssembliesLoaded (0ms)
		ExecutionOrderSort2 (0ms)
		AwakeInstancesAfterBackupRestoration (13ms)
Refreshing native plugins compatible for Editor in 2.20 ms, found 4 plugins.
Preloading 0 native plugins for Editor in 0.00 ms.
Unloading 13 Unused Serialized files (Serialized files now loaded: 0)
Unloading 6681 unused Assets / (4.3 MB). Loaded Objects now: 7379.
Memory consumption went from 152.1 MB to 147.9 MB.
Total: 7.770600 ms (FindLiveObjects: 0.828000 ms CreateObjectMapping: 0.421600 ms MarkObjects: 4.649400 ms  DeleteObjects: 1.870500 ms)

Prepare: number of updated asset objects reloaded= 0
========================================================================
Received Import Request.
  Time since last request: 16080.032164 seconds.
  path: Assets/Resources/MainMenu/GIF_Background/GIF_Background.controller
  artifactKey: Guid(0b730827e9c01f84e910762589cf36cf) Importer(815301076,1909f56bfc062723c751e8b465ee728b)
Start importing Assets/Resources/MainMenu/GIF_Background/GIF_Background.controller using Guid(0b730827e9c01f84e910762589cf36cf) Importer(815301076,1909f56bfc062723c751e8b465ee728b) (PreviewImporter) -> (artifact id: '2b4a1698cc8a086b70fce11844212940') in 0.0833624 seconds
Number of updated asset objects reloaded before import = 0Number of asset objects unloaded after import = 6

========================================================================
Received Prepare
Begin MonoManager ReloadAssembly
Duplicate assembly 'log4net.dll' with different versions detected, using 'Assets/Packages/log4net.3.0.4/lib/netstandard2.0/log4net.dll, AssemblyName=log4net, Version=3.0.4.0, Culture=neutral, PublicKeyToken=669e0ddf0bb1aa2a' and ignoring 'Packages/com.unity.collab-proxy/Lib/Editor/log4netPlastic.dll, AssemblyName=log4net, Version=1.2.15.0, Culture=neutral, PublicKeyToken=669e0ddf0bb1aa2a'.Symbol file LoadedFromMemory is not a mono symbol file
- Loaded All Assemblies, in  0.947 seconds
Refreshing native plugins compatible for Editor in 2.42 ms, found 4 plugins.
Native extension for WindowsStandalone target not found
log4net:ERROR Exception while reading ConfigurationSettings. Check your .config file is well formed XML.
System.Configuration.ConfigurationErrorsException: Configuration system failed to initialize ---> System.PlatformNotSupportedException: Operation is not supported on this platform.
  at System.Configuration.ClientConfigPaths..ctor (System.String exePath, System.Boolean includeUserConfig) [0x00050] in <5ae095f7408b4d5cb5cdbfc3d3c31d20>:0 
  at System.Configuration.ClientConfigPaths.GetPaths (System.String exePath, System.Boolean includeUserConfig) [0x00018] in <5ae095f7408b4d5cb5cdbfc3d3c31d20>:0 
  at System.Configuration.ClientConfigurationHost.get_ConfigPaths () [0x0000a] in <5ae095f7408b4d5cb5cdbfc3d3c31d20>:0 
  at System.Configuration.ClientConfigurationHost.GetStreamName (System.String configPath) [0x0006d] in <5ae095f7408b4d5cb5cdbfc3d3c31d20>:0 
  at System.Configuration.ClientConfigurationHost.get_IsAppConfigHttp () [0x00000] in <5ae095f7408b4d5cb5cdbfc3d3c31d20>:0 
  at System.Configuration.Internal.DelegatingConfigHost.get_IsAppConfigHttp () [0x00006] in <5ae095f7408b4d5cb5cdbfc3d3c31d20>:0 
  at System.Configuration.ClientConfigurationSystem..ctor () [0x00051] in <5ae095f7408b4d5cb5cdbfc3d3c31d20>:0 
  at System.Configuration.ConfigurationManager.EnsureConfigurationSystem () [0x00024] in <5ae095f7408b4d5cb5cdbfc3d3c31d20>:0 
   --- End of inner exception stack trace ---
  at System.Configuration.ConfigurationManager.EnsureConfigurationSystem () [0x00060] in <5ae095f7408b4d5cb5cdbfc3d3c31d20>:0 
  at System.Configuration.ConfigurationManager.PrepareConfigSystem () [0x0000a] in <5ae095f7408b4d5cb5cdbfc3d3c31d20>:0 
  at System.Configuration.ConfigurationManager.GetSection (System.String sectionName) [0x0000a] in <5ae095f7408b4d5cb5cdbfc3d3c31d20>:0 
  at System.Configuration.ConfigurationManager.get_AppSettings () [0x00000] in <5ae095f7408b4d5cb5cdbfc3d3c31d20>:0 
  at log4net.Util.SystemInfo.GetAppSetting (System.String key) [0x00000] in <00c34789746b40dda4cd7be2c85ba32f>:0 
log4net:ERROR Exception while reading ConfigurationSettings. Check your .config file is well formed XML.
System.Configuration.ConfigurationErrorsException: Configuration system failed to initialize ---> System.PlatformNotSupportedException: Operation is not supported on this platform.
  at System.Configuration.ClientConfigPaths..ctor (System.String exePath, System.Boolean includeUserConfig) [0x00050] in <5ae095f7408b4d5cb5cdbfc3d3c31d20>:0 
  at System.Configuration.ClientConfigPaths.GetPaths (System.String exePath, System.Boolean includeUserConfig) [0x00018] in <5ae095f7408b4d5cb5cdbfc3d3c31d20>:0 
  at System.Configuration.ClientConfigurationHost.get_ConfigPaths () [0x0000a] in <5ae095f7408b4d5cb5cdbfc3d3c31d20>:0 
  at System.Configuration.ClientConfigurationHost.GetStreamName (System.String configPath) [0x0006d] in <5ae095f7408b4d5cb5cdbfc3d3c31d20>:0 
  at System.Configuration.ClientConfigurationHost.get_IsAppConfigHttp () [0x00000] in <5ae095f7408b4d5cb5cdbfc3d3c31d20>:0 
  at System.Configuration.Internal.DelegatingConfigHost.get_IsAppConfigHttp () [0x00006] in <5ae095f7408b4d5cb5cdbfc3d3c31d20>:0 
  at System.Configuration.ClientConfigurationSystem..ctor () [0x00051] in <5ae095f7408b4d5cb5cdbfc3d3c31d20>:0 
  at System.Configuration.ConfigurationManager.EnsureConfigurationSystem () [0x00024] in <5ae095f7408b4d5cb5cdbfc3d3c31d20>:0 
   --- End of inner exception stack trace ---
  at System.Configuration.ConfigurationManager.PrepareConfigSystem () [0x0001a] in <5ae095f7408b4d5cb5cdbfc3d3c31d20>:0 
  at System.Configuration.ConfigurationManager.GetSection (System.String sectionName) [0x0000a] in <5ae095f7408b4d5cb5cdbfc3d3c31d20>:0 
  at System.Configuration.ConfigurationManager.get_AppSettings () [0x00000] in <5ae095f7408b4d5cb5cdbfc3d3c31d20>:0 
  at log4net.Util.SystemInfo.GetAppSetting (System.String key) [0x00000] in <00c34789746b40dda4cd7be2c85ba32f>:0 
log4net:ERROR Exception while reading ConfigurationSettings. Check your .config file is well formed XML.
System.Configuration.ConfigurationErrorsException: Configuration system failed to initialize ---> System.PlatformNotSupportedException: Operation is not supported on this platform.
  at System.Configuration.ClientConfigPaths..ctor (System.String exePath, System.Boolean includeUserConfig) [0x00050] in <5ae095f7408b4d5cb5cdbfc3d3c31d20>:0 
  at System.Configuration.ClientConfigPaths.GetPaths (System.String exePath, System.Boolean includeUserConfig) [0x00018] in <5ae095f7408b4d5cb5cdbfc3d3c31d20>:0 
  at System.Configuration.ClientConfigurationHost.get_ConfigPaths () [0x0000a] in <5ae095f7408b4d5cb5cdbfc3d3c31d20>:0 
  at System.Configuration.ClientConfigurationHost.GetStreamName (System.String configPath) [0x0006d] in <5ae095f7408b4d5cb5cdbfc3d3c31d20>:0 
  at System.Configuration.ClientConfigurationHost.get_IsAppConfigHttp () [0x00000] in <5ae095f7408b4d5cb5cdbfc3d3c31d20>:0 
  at System.Configuration.Internal.DelegatingConfigHost.get_IsAppConfigHttp () [0x00006] in <5ae095f7408b4d5cb5cdbfc3d3c31d20>:0 
  at System.Configuration.ClientConfigurationSystem..ctor () [0x00051] in <5ae095f7408b4d5cb5cdbfc3d3c31d20>:0 
  at System.Configuration.ConfigurationManager.EnsureConfigurationSystem () [0x00024] in <5ae095f7408b4d5cb5cdbfc3d3c31d20>:0 
   --- End of inner exception stack trace ---
  at System.Configuration.ConfigurationManager.PrepareConfigSystem () [0x0001a] in <5ae095f7408b4d5cb5cdbfc3d3c31d20>:0 
  at System.Configuration.ConfigurationManager.GetSection (System.String sectionName) [0x0000a] in <5ae095f7408b4d5cb5cdbfc3d3c31d20>:0 
  at System.Configuration.ConfigurationManager.get_AppSettings () [0x00000] in <5ae095f7408b4d5cb5cdbfc3d3c31d20>:0 
  at log4net.Util.SystemInfo.GetAppSetting (System.String key) [0x00000] in <00c34789746b40dda4cd7be2c85ba32f>:0 
log4net:ERROR Exception while reading ConfigurationSettings. Check your .config file is well formed XML.
System.Configuration.ConfigurationErrorsException: Configuration system failed to initialize ---> System.PlatformNotSupportedException: Operation is not supported on this platform.
  at System.Configuration.ClientConfigPaths..ctor (System.String exePath, System.Boolean includeUserConfig) [0x00050] in <5ae095f7408b4d5cb5cdbfc3d3c31d20>:0 
  at System.Configuration.ClientConfigPaths.GetPaths (System.String exePath, System.Boolean includeUserConfig) [0x00018] in <5ae095f7408b4d5cb5cdbfc3d3c31d20>:0 
  at System.Configuration.ClientConfigurationHost.get_ConfigPaths () [0x0000a] in <5ae095f7408b4d5cb5cdbfc3d3c31d20>:0 
  at System.Configuration.ClientConfigurationHost.GetStreamName (System.String configPath) [0x0006d] in <5ae095f7408b4d5cb5cdbfc3d3c31d20>:0 
  at System.Configuration.ClientConfigurationHost.get_IsAppConfigHttp () [0x00000] in <5ae095f7408b4d5cb5cdbfc3d3c31d20>:0 
  at System.Configuration.Internal.DelegatingConfigHost.get_IsAppConfigHttp () [0x00006] in <5ae095f7408b4d5cb5cdbfc3d3c31d20>:0 
  at System.Configuration.ClientConfigurationSystem..ctor () [0x00051] in <5ae095f7408b4d5cb5cdbfc3d3c31d20>:0 
  at System.Configuration.ConfigurationManager.EnsureConfigurationSystem () [0x00024] in <5ae095f7408b4d5cb5cdbfc3d3c31d20>:0 
   --- End of inner exception stack trace ---
  at System.Configuration.ConfigurationManager.PrepareConfigSystem () [0x0001a] in <5ae095f7408b4d5cb5cdbfc3d3c31d20>:0 
  at System.Configuration.ConfigurationManager.GetSection (System.String sectionName) [0x0000a] in <5ae095f7408b4d5cb5cdbfc3d3c31d20>:0 
  at System.Configuration.ConfigurationManager.get_AppSettings () [0x00000] in <5ae095f7408b4d5cb5cdbfc3d3c31d20>:0 
  at log4net.Util.SystemInfo.GetAppSetting (System.String key) [0x00000] in <00c34789746b40dda4cd7be2c85ba32f>:0 
log4net:ERROR Exception while reading ConfigurationSettings. Check your .config file is well formed XML.
System.Configuration.ConfigurationErrorsException: Configuration system failed to initialize ---> System.PlatformNotSupportedException: Operation is not supported on this platform.
  at System.Configuration.ClientConfigPaths..ctor (System.String exePath, System.Boolean includeUserConfig) [0x00050] in <5ae095f7408b4d5cb5cdbfc3d3c31d20>:0 
  at System.Configuration.ClientConfigPaths.GetPaths (System.String exePath, System.Boolean includeUserConfig) [0x00018] in <5ae095f7408b4d5cb5cdbfc3d3c31d20>:0 
  at System.Configuration.ClientConfigurationHost.get_ConfigPaths () [0x0000a] in <5ae095f7408b4d5cb5cdbfc3d3c31d20>:0 
  at System.Configuration.ClientConfigurationHost.GetStreamName (System.String configPath) [0x0006d] in <5ae095f7408b4d5cb5cdbfc3d3c31d20>:0 
  at System.Configuration.ClientConfigurationHost.get_IsAppConfigHttp () [0x00000] in <5ae095f7408b4d5cb5cdbfc3d3c31d20>:0 
  at System.Configuration.Internal.DelegatingConfigHost.get_IsAppConfigHttp () [0x00006] in <5ae095f7408b4d5cb5cdbfc3d3c31d20>:0 
  at System.Configuration.ClientConfigurationSystem..ctor () [0x00051] in <5ae095f7408b4d5cb5cdbfc3d3c31d20>:0 
  at System.Configuration.ConfigurationManager.EnsureConfigurationSystem () [0x00024] in <5ae095f7408b4d5cb5cdbfc3d3c31d20>:0 
   --- End of inner exception stack trace ---
  at System.Configuration.ConfigurationManager.PrepareConfigSystem () [0x0001a] in <5ae095f7408b4d5cb5cdbfc3d3c31d20>:0 
  at System.Configuration.ConfigurationManager.GetSection (System.String sectionName) [0x0000a] in <5ae095f7408b4d5cb5cdbfc3d3c31d20>:0 
  at System.Configuration.ConfigurationManager.get_AppSettings () [0x00000] in <5ae095f7408b4d5cb5cdbfc3d3c31d20>:0 
  at log4net.Util.SystemInfo.GetAppSetting (System.String key) [0x00000] in <00c34789746b40dda4cd7be2c85ba32f>:0 
log4net:ERROR Exception while reading ConfigurationSettings. Check your .config file is well formed XML.
System.Configuration.ConfigurationErrorsException: Configuration system failed to initialize ---> System.PlatformNotSupportedException: Operation is not supported on this platform.
  at System.Configuration.ClientConfigPaths..ctor (System.String exePath, System.Boolean includeUserConfig) [0x00050] in <5ae095f7408b4d5cb5cdbfc3d3c31d20>:0 
  at System.Configuration.ClientConfigPaths.GetPaths (System.String exePath, System.Boolean includeUserConfig) [0x00018] in <5ae095f7408b4d5cb5cdbfc3d3c31d20>:0 
  at System.Configuration.ClientConfigurationHost.get_ConfigPaths () [0x0000a] in <5ae095f7408b4d5cb5cdbfc3d3c31d20>:0 
  at System.Configuration.ClientConfigurationHost.GetStreamName (System.String configPath) [0x0006d] in <5ae095f7408b4d5cb5cdbfc3d3c31d20>:0 
  at System.Configuration.ClientConfigurationHost.get_IsAppConfigHttp () [0x00000] in <5ae095f7408b4d5cb5cdbfc3d3c31d20>:0 
  at System.Configuration.Internal.DelegatingConfigHost.get_IsAppConfigHttp () [0x00006] in <5ae095f7408b4d5cb5cdbfc3d3c31d20>:0 
  at System.Configuration.ClientConfigurationSystem..ctor () [0x00051] in <5ae095f7408b4d5cb5cdbfc3d3c31d20>:0 
  at System.Configuration.ConfigurationManager.EnsureConfigurationSystem () [0x00024] in <5ae095f7408b4d5cb5cdbfc3d3c31d20>:0 
   --- End of inner exception stack trace ---
  at System.Configuration.ConfigurationManager.PrepareConfigSystem () [0x0001a] in <5ae095f7408b4d5cb5cdbfc3d3c31d20>:0 
  at System.Configuration.ConfigurationManager.GetSection (System.String sectionName) [0x0000a] in <5ae095f7408b4d5cb5cdbfc3d3c31d20>:0 
  at System.Configuration.ConfigurationManager.get_AppSettings () [0x00000] in <5ae095f7408b4d5cb5cdbfc3d3c31d20>:0 
  at log4net.Util.SystemInfo.GetAppSetting (System.String key) [0x00000] in <00c34789746b40dda4cd7be2c85ba32f>:0 
log4net:ERROR Exception while reading ConfigurationSettings. Check your .config file is well formed XML.
System.Configuration.ConfigurationErrorsException: Configuration system failed to initialize ---> System.PlatformNotSupportedException: Operation is not supported on this platform.
  at System.Configuration.ClientConfigPaths..ctor (System.String exePath, System.Boolean includeUserConfig) [0x00050] in <5ae095f7408b4d5cb5cdbfc3d3c31d20>:0 
  at System.Configuration.ClientConfigPaths.GetPaths (System.String exePath, System.Boolean includeUserConfig) [0x00018] in <5ae095f7408b4d5cb5cdbfc3d3c31d20>:0 
  at System.Configuration.ClientConfigurationHost.get_ConfigPaths () [0x0000a] in <5ae095f7408b4d5cb5cdbfc3d3c31d20>:0 
  at System.Configuration.ClientConfigurationHost.GetStreamName (System.String configPath) [0x0006d] in <5ae095f7408b4d5cb5cdbfc3d3c31d20>:0 
  at System.Configuration.ClientConfigurationHost.get_IsAppConfigHttp () [0x00000] in <5ae095f7408b4d5cb5cdbfc3d3c31d20>:0 
  at System.Configuration.Internal.DelegatingConfigHost.get_IsAppConfigHttp () [0x00006] in <5ae095f7408b4d5cb5cdbfc3d3c31d20>:0 
  at System.Configuration.ClientConfigurationSystem..ctor () [0x00051] in <5ae095f7408b4d5cb5cdbfc3d3c31d20>:0 
  at System.Configuration.ConfigurationManager.EnsureConfigurationSystem () [0x00024] in <5ae095f7408b4d5cb5cdbfc3d3c31d20>:0 
   --- End of inner exception stack trace ---
  at System.Configuration.ConfigurationManager.PrepareConfigSystem () [0x0001a] in <5ae095f7408b4d5cb5cdbfc3d3c31d20>:0 
  at System.Configuration.ConfigurationManager.GetSection (System.String sectionName) [0x0000a] in <5ae095f7408b4d5cb5cdbfc3d3c31d20>:0 
  at System.Configuration.ConfigurationManager.get_AppSettings () [0x00000] in <5ae095f7408b4d5cb5cdbfc3d3c31d20>:0 
  at log4net.Util.SystemInfo.GetAppSetting (System.String key) [0x00000] in <00c34789746b40dda4cd7be2c85ba32f>:0 
Mono: successfully reloaded assembly
- Finished resetting the current domain, in  0.934 seconds
Domain Reload Profiling: 1881ms
	BeginReloadAssembly (229ms)
		ExecutionOrderSort (0ms)
		DisableScriptedObjects (17ms)
		BackupInstance (0ms)
		ReleaseScriptingObjects (0ms)
		CreateAndSetChildDomain (55ms)
	RebuildCommonClasses (40ms)
	RebuildNativeTypeToScriptingClass (16ms)
	initialDomainReloadingComplete (34ms)
	LoadAllAssembliesAndSetupDomain (628ms)
		LoadAssemblies (439ms)
		RebuildTransferFunctionScriptingTraits (0ms)
		AnalyzeDomain (300ms)
			TypeCache.Refresh (9ms)
				TypeCache.ScanAssembly (0ms)
			BuildScriptInfoCaches (273ms)
			ResolveRequiredComponents (14ms)
	FinalizeReload (935ms)
		ReleaseScriptCaches (0ms)
		RebuildScriptCaches (0ms)
		SetupLoadedEditorAssemblies (710ms)
			LogAssemblyErrors (0ms)
			InitializePlatformSupportModulesInManaged (3ms)
			SetLoadedEditorAssemblies (5ms)
			BeforeProcessingInitializeOnLoad (120ms)
			ProcessInitializeOnLoadAttributes (494ms)
			ProcessInitializeOnLoadMethodAttributes (85ms)
			AfterProcessingInitializeOnLoad (2ms)
			EditorAssembliesLoaded (0ms)
		ExecutionOrderSort2 (0ms)
		AwakeInstancesAfterBackupRestoration (15ms)
Refreshing native plugins compatible for Editor in 2.31 ms, found 4 plugins.
Preloading 0 native plugins for Editor in 0.00 ms.
Unloading 13 Unused Serialized files (Serialized files now loaded: 0)
Unloading 6681 unused Assets / (4.2 MB). Loaded Objects now: 7381.
Memory consumption went from 152.1 MB to 147.8 MB.
Total: 8.476400 ms (FindLiveObjects: 0.930300 ms CreateObjectMapping: 0.495400 ms MarkObjects: 4.925700 ms  DeleteObjects: 2.123300 ms)

Prepare: number of updated asset objects reloaded= 0
========================================================================
Received Prepare
Begin MonoManager ReloadAssembly
Duplicate assembly 'log4net.dll' with different versions detected, using 'Assets/Packages/log4net.3.0.4/lib/netstandard2.0/log4net.dll, AssemblyName=log4net, Version=3.0.4.0, Culture=neutral, PublicKeyToken=669e0ddf0bb1aa2a' and ignoring 'Packages/com.unity.collab-proxy/Lib/Editor/log4netPlastic.dll, AssemblyName=log4net, Version=1.2.15.0, Culture=neutral, PublicKeyToken=669e0ddf0bb1aa2a'.Symbol file LoadedFromMemory is not a mono symbol file
- Loaded All Assemblies, in  0.895 seconds
Refreshing native plugins compatible for Editor in 1.88 ms, found 4 plugins.
Native extension for WindowsStandalone target not found
log4net:ERROR Exception while reading ConfigurationSettings. Check your .config file is well formed XML.
System.Configuration.ConfigurationErrorsException: Configuration system failed to initialize ---> System.PlatformNotSupportedException: Operation is not supported on this platform.
  at System.Configuration.ClientConfigPaths..ctor (System.String exePath, System.Boolean includeUserConfig) [0x00050] in <5ae095f7408b4d5cb5cdbfc3d3c31d20>:0 
  at System.Configuration.ClientConfigPaths.GetPaths (System.String exePath, System.Boolean includeUserConfig) [0x00018] in <5ae095f7408b4d5cb5cdbfc3d3c31d20>:0 
  at System.Configuration.ClientConfigurationHost.get_ConfigPaths () [0x0000a] in <5ae095f7408b4d5cb5cdbfc3d3c31d20>:0 
  at System.Configuration.ClientConfigurationHost.GetStreamName (System.String configPath) [0x0006d] in <5ae095f7408b4d5cb5cdbfc3d3c31d20>:0 
  at System.Configuration.ClientConfigurationHost.get_IsAppConfigHttp () [0x00000] in <5ae095f7408b4d5cb5cdbfc3d3c31d20>:0 
  at System.Configuration.Internal.DelegatingConfigHost.get_IsAppConfigHttp () [0x00006] in <5ae095f7408b4d5cb5cdbfc3d3c31d20>:0 
  at System.Configuration.ClientConfigurationSystem..ctor () [0x00051] in <5ae095f7408b4d5cb5cdbfc3d3c31d20>:0 
  at System.Configuration.ConfigurationManager.EnsureConfigurationSystem () [0x00024] in <5ae095f7408b4d5cb5cdbfc3d3c31d20>:0 
   --- End of inner exception stack trace ---
  at System.Configuration.ConfigurationManager.EnsureConfigurationSystem () [0x00060] in <5ae095f7408b4d5cb5cdbfc3d3c31d20>:0 
  at System.Configuration.ConfigurationManager.PrepareConfigSystem () [0x0000a] in <5ae095f7408b4d5cb5cdbfc3d3c31d20>:0 
  at System.Configuration.ConfigurationManager.GetSection (System.String sectionName) [0x0000a] in <5ae095f7408b4d5cb5cdbfc3d3c31d20>:0 
  at System.Configuration.ConfigurationManager.get_AppSettings () [0x00000] in <5ae095f7408b4d5cb5cdbfc3d3c31d20>:0 
  at log4net.Util.SystemInfo.GetAppSetting (System.String key) [0x00000] in <00c34789746b40dda4cd7be2c85ba32f>:0 
log4net:ERROR Exception while reading ConfigurationSettings. Check your .config file is well formed XML.
System.Configuration.ConfigurationErrorsException: Configuration system failed to initialize ---> System.PlatformNotSupportedException: Operation is not supported on this platform.
  at System.Configuration.ClientConfigPaths..ctor (System.String exePath, System.Boolean includeUserConfig) [0x00050] in <5ae095f7408b4d5cb5cdbfc3d3c31d20>:0 
  at System.Configuration.ClientConfigPaths.GetPaths (System.String exePath, System.Boolean includeUserConfig) [0x00018] in <5ae095f7408b4d5cb5cdbfc3d3c31d20>:0 
  at System.Configuration.ClientConfigurationHost.get_ConfigPaths () [0x0000a] in <5ae095f7408b4d5cb5cdbfc3d3c31d20>:0 
  at System.Configuration.ClientConfigurationHost.GetStreamName (System.String configPath) [0x0006d] in <5ae095f7408b4d5cb5cdbfc3d3c31d20>:0 
  at System.Configuration.ClientConfigurationHost.get_IsAppConfigHttp () [0x00000] in <5ae095f7408b4d5cb5cdbfc3d3c31d20>:0 
  at System.Configuration.Internal.DelegatingConfigHost.get_IsAppConfigHttp () [0x00006] in <5ae095f7408b4d5cb5cdbfc3d3c31d20>:0 
  at System.Configuration.ClientConfigurationSystem..ctor () [0x00051] in <5ae095f7408b4d5cb5cdbfc3d3c31d20>:0 
  at System.Configuration.ConfigurationManager.EnsureConfigurationSystem () [0x00024] in <5ae095f7408b4d5cb5cdbfc3d3c31d20>:0 
   --- End of inner exception stack trace ---
  at System.Configuration.ConfigurationManager.PrepareConfigSystem () [0x0001a] in <5ae095f7408b4d5cb5cdbfc3d3c31d20>:0 
  at System.Configuration.ConfigurationManager.GetSection (System.String sectionName) [0x0000a] in <5ae095f7408b4d5cb5cdbfc3d3c31d20>:0 
  at System.Configuration.ConfigurationManager.get_AppSettings () [0x00000] in <5ae095f7408b4d5cb5cdbfc3d3c31d20>:0 
  at log4net.Util.SystemInfo.GetAppSetting (System.String key) [0x00000] in <00c34789746b40dda4cd7be2c85ba32f>:0 
log4net:ERROR Exception while reading ConfigurationSettings. Check your .config file is well formed XML.
System.Configuration.ConfigurationErrorsException: Configuration system failed to initialize ---> System.PlatformNotSupportedException: Operation is not supported on this platform.
  at System.Configuration.ClientConfigPaths..ctor (System.String exePath, System.Boolean includeUserConfig) [0x00050] in <5ae095f7408b4d5cb5cdbfc3d3c31d20>:0 
  at System.Configuration.ClientConfigPaths.GetPaths (System.String exePath, System.Boolean includeUserConfig) [0x00018] in <5ae095f7408b4d5cb5cdbfc3d3c31d20>:0 
  at System.Configuration.ClientConfigurationHost.get_ConfigPaths () [0x0000a] in <5ae095f7408b4d5cb5cdbfc3d3c31d20>:0 
  at System.Configuration.ClientConfigurationHost.GetStreamName (System.String configPath) [0x0006d] in <5ae095f7408b4d5cb5cdbfc3d3c31d20>:0 
  at System.Configuration.ClientConfigurationHost.get_IsAppConfigHttp () [0x00000] in <5ae095f7408b4d5cb5cdbfc3d3c31d20>:0 
  at System.Configuration.Internal.DelegatingConfigHost.get_IsAppConfigHttp () [0x00006] in <5ae095f7408b4d5cb5cdbfc3d3c31d20>:0 
  at System.Configuration.ClientConfigurationSystem..ctor () [0x00051] in <5ae095f7408b4d5cb5cdbfc3d3c31d20>:0 
  at System.Configuration.ConfigurationManager.EnsureConfigurationSystem () [0x00024] in <5ae095f7408b4d5cb5cdbfc3d3c31d20>:0 
   --- End of inner exception stack trace ---
  at System.Configuration.ConfigurationManager.PrepareConfigSystem () [0x0001a] in <5ae095f7408b4d5cb5cdbfc3d3c31d20>:0 
  at System.Configuration.ConfigurationManager.GetSection (System.String sectionName) [0x0000a] in <5ae095f7408b4d5cb5cdbfc3d3c31d20>:0 
  at System.Configuration.ConfigurationManager.get_AppSettings () [0x00000] in <5ae095f7408b4d5cb5cdbfc3d3c31d20>:0 
  at log4net.Util.SystemInfo.GetAppSetting (System.String key) [0x00000] in <00c34789746b40dda4cd7be2c85ba32f>:0 
log4net:ERROR Exception while reading ConfigurationSettings. Check your .config file is well formed XML.
System.Configuration.ConfigurationErrorsException: Configuration system failed to initialize ---> System.PlatformNotSupportedException: Operation is not supported on this platform.
  at System.Configuration.ClientConfigPaths..ctor (System.String exePath, System.Boolean includeUserConfig) [0x00050] in <5ae095f7408b4d5cb5cdbfc3d3c31d20>:0 
  at System.Configuration.ClientConfigPaths.GetPaths (System.String exePath, System.Boolean includeUserConfig) [0x00018] in <5ae095f7408b4d5cb5cdbfc3d3c31d20>:0 
  at System.Configuration.ClientConfigurationHost.get_ConfigPaths () [0x0000a] in <5ae095f7408b4d5cb5cdbfc3d3c31d20>:0 
  at System.Configuration.ClientConfigurationHost.GetStreamName (System.String configPath) [0x0006d] in <5ae095f7408b4d5cb5cdbfc3d3c31d20>:0 
  at System.Configuration.ClientConfigurationHost.get_IsAppConfigHttp () [0x00000] in <5ae095f7408b4d5cb5cdbfc3d3c31d20>:0 
  at System.Configuration.Internal.DelegatingConfigHost.get_IsAppConfigHttp () [0x00006] in <5ae095f7408b4d5cb5cdbfc3d3c31d20>:0 
  at System.Configuration.ClientConfigurationSystem..ctor () [0x00051] in <5ae095f7408b4d5cb5cdbfc3d3c31d20>:0 
  at System.Configuration.ConfigurationManager.EnsureConfigurationSystem () [0x00024] in <5ae095f7408b4d5cb5cdbfc3d3c31d20>:0 
   --- End of inner exception stack trace ---
  at System.Configuration.ConfigurationManager.PrepareConfigSystem () [0x0001a] in <5ae095f7408b4d5cb5cdbfc3d3c31d20>:0 
  at System.Configuration.ConfigurationManager.GetSection (System.String sectionName) [0x0000a] in <5ae095f7408b4d5cb5cdbfc3d3c31d20>:0 
  at System.Configuration.ConfigurationManager.get_AppSettings () [0x00000] in <5ae095f7408b4d5cb5cdbfc3d3c31d20>:0 
  at log4net.Util.SystemInfo.GetAppSetting (System.String key) [0x00000] in <00c34789746b40dda4cd7be2c85ba32f>:0 
log4net:ERROR Exception while reading ConfigurationSettings. Check your .config file is well formed XML.
System.Configuration.ConfigurationErrorsException: Configuration system failed to initialize ---> System.PlatformNotSupportedException: Operation is not supported on this platform.
  at System.Configuration.ClientConfigPaths..ctor (System.String exePath, System.Boolean includeUserConfig) [0x00050] in <5ae095f7408b4d5cb5cdbfc3d3c31d20>:0 
  at System.Configuration.ClientConfigPaths.GetPaths (System.String exePath, System.Boolean includeUserConfig) [0x00018] in <5ae095f7408b4d5cb5cdbfc3d3c31d20>:0 
  at System.Configuration.ClientConfigurationHost.get_ConfigPaths () [0x0000a] in <5ae095f7408b4d5cb5cdbfc3d3c31d20>:0 
  at System.Configuration.ClientConfigurationHost.GetStreamName (System.String configPath) [0x0006d] in <5ae095f7408b4d5cb5cdbfc3d3c31d20>:0 
  at System.Configuration.ClientConfigurationHost.get_IsAppConfigHttp () [0x00000] in <5ae095f7408b4d5cb5cdbfc3d3c31d20>:0 
  at System.Configuration.Internal.DelegatingConfigHost.get_IsAppConfigHttp () [0x00006] in <5ae095f7408b4d5cb5cdbfc3d3c31d20>:0 
  at System.Configuration.ClientConfigurationSystem..ctor () [0x00051] in <5ae095f7408b4d5cb5cdbfc3d3c31d20>:0 
  at System.Configuration.ConfigurationManager.EnsureConfigurationSystem () [0x00024] in <5ae095f7408b4d5cb5cdbfc3d3c31d20>:0 
   --- End of inner exception stack trace ---
  at System.Configuration.ConfigurationManager.PrepareConfigSystem () [0x0001a] in <5ae095f7408b4d5cb5cdbfc3d3c31d20>:0 
  at System.Configuration.ConfigurationManager.GetSection (System.String sectionName) [0x0000a] in <5ae095f7408b4d5cb5cdbfc3d3c31d20>:0 
  at System.Configuration.ConfigurationManager.get_AppSettings () [0x00000] in <5ae095f7408b4d5cb5cdbfc3d3c31d20>:0 
  at log4net.Util.SystemInfo.GetAppSetting (System.String key) [0x00000] in <00c34789746b40dda4cd7be2c85ba32f>:0 
log4net:ERROR Exception while reading ConfigurationSettings. Check your .config file is well formed XML.
System.Configuration.ConfigurationErrorsException: Configuration system failed to initialize ---> System.PlatformNotSupportedException: Operation is not supported on this platform.
  at System.Configuration.ClientConfigPaths..ctor (System.String exePath, System.Boolean includeUserConfig) [0x00050] in <5ae095f7408b4d5cb5cdbfc3d3c31d20>:0 
  at System.Configuration.ClientConfigPaths.GetPaths (System.String exePath, System.Boolean includeUserConfig) [0x00018] in <5ae095f7408b4d5cb5cdbfc3d3c31d20>:0 
  at System.Configuration.ClientConfigurationHost.get_ConfigPaths () [0x0000a] in <5ae095f7408b4d5cb5cdbfc3d3c31d20>:0 
  at System.Configuration.ClientConfigurationHost.GetStreamName (System.String configPath) [0x0006d] in <5ae095f7408b4d5cb5cdbfc3d3c31d20>:0 
  at System.Configuration.ClientConfigurationHost.get_IsAppConfigHttp () [0x00000] in <5ae095f7408b4d5cb5cdbfc3d3c31d20>:0 
  at System.Configuration.Internal.DelegatingConfigHost.get_IsAppConfigHttp () [0x00006] in <5ae095f7408b4d5cb5cdbfc3d3c31d20>:0 
  at System.Configuration.ClientConfigurationSystem..ctor () [0x00051] in <5ae095f7408b4d5cb5cdbfc3d3c31d20>:0 
  at System.Configuration.ConfigurationManager.EnsureConfigurationSystem () [0x00024] in <5ae095f7408b4d5cb5cdbfc3d3c31d20>:0 
   --- End of inner exception stack trace ---
  at System.Configuration.ConfigurationManager.PrepareConfigSystem () [0x0001a] in <5ae095f7408b4d5cb5cdbfc3d3c31d20>:0 
  at System.Configuration.ConfigurationManager.GetSection (System.String sectionName) [0x0000a] in <5ae095f7408b4d5cb5cdbfc3d3c31d20>:0 
  at System.Configuration.ConfigurationManager.get_AppSettings () [0x00000] in <5ae095f7408b4d5cb5cdbfc3d3c31d20>:0 
  at log4net.Util.SystemInfo.GetAppSetting (System.String key) [0x00000] in <00c34789746b40dda4cd7be2c85ba32f>:0 
log4net:ERROR Exception while reading ConfigurationSettings. Check your .config file is well formed XML.
System.Configuration.ConfigurationErrorsException: Configuration system failed to initialize ---> System.PlatformNotSupportedException: Operation is not supported on this platform.
  at System.Configuration.ClientConfigPaths..ctor (System.String exePath, System.Boolean includeUserConfig) [0x00050] in <5ae095f7408b4d5cb5cdbfc3d3c31d20>:0 
  at System.Configuration.ClientConfigPaths.GetPaths (System.String exePath, System.Boolean includeUserConfig) [0x00018] in <5ae095f7408b4d5cb5cdbfc3d3c31d20>:0 
  at System.Configuration.ClientConfigurationHost.get_ConfigPaths () [0x0000a] in <5ae095f7408b4d5cb5cdbfc3d3c31d20>:0 
  at System.Configuration.ClientConfigurationHost.GetStreamName (System.String configPath) [0x0006d] in <5ae095f7408b4d5cb5cdbfc3d3c31d20>:0 
  at System.Configuration.ClientConfigurationHost.get_IsAppConfigHttp () [0x00000] in <5ae095f7408b4d5cb5cdbfc3d3c31d20>:0 
  at System.Configuration.Internal.DelegatingConfigHost.get_IsAppConfigHttp () [0x00006] in <5ae095f7408b4d5cb5cdbfc3d3c31d20>:0 
  at System.Configuration.ClientConfigurationSystem..ctor () [0x00051] in <5ae095f7408b4d5cb5cdbfc3d3c31d20>:0 
  at System.Configuration.ConfigurationManager.EnsureConfigurationSystem () [0x00024] in <5ae095f7408b4d5cb5cdbfc3d3c31d20>:0 
   --- End of inner exception stack trace ---
  at System.Configuration.ConfigurationManager.PrepareConfigSystem () [0x0001a] in <5ae095f7408b4d5cb5cdbfc3d3c31d20>:0 
  at System.Configuration.ConfigurationManager.GetSection (System.String sectionName) [0x0000a] in <5ae095f7408b4d5cb5cdbfc3d3c31d20>:0 
  at System.Configuration.ConfigurationManager.get_AppSettings () [0x00000] in <5ae095f7408b4d5cb5cdbfc3d3c31d20>:0 
  at log4net.Util.SystemInfo.GetAppSetting (System.String key) [0x00000] in <00c34789746b40dda4cd7be2c85ba32f>:0 
Mono: successfully reloaded assembly
- Finished resetting the current domain, in  0.932 seconds
Domain Reload Profiling: 1828ms
	BeginReloadAssembly (214ms)
		ExecutionOrderSort (0ms)
		DisableScriptedObjects (16ms)
		BackupInstance (0ms)
		ReleaseScriptingObjects (0ms)
		CreateAndSetChildDomain (49ms)
	RebuildCommonClasses (40ms)
	RebuildNativeTypeToScriptingClass (16ms)
	initialDomainReloadingComplete (33ms)
	LoadAllAssembliesAndSetupDomain (592ms)
		LoadAssemblies (421ms)
		RebuildTransferFunctionScriptingTraits (0ms)
		AnalyzeDomain (282ms)
			TypeCache.Refresh (9ms)
				TypeCache.ScanAssembly (0ms)
			BuildScriptInfoCaches (257ms)
			ResolveRequiredComponents (14ms)
	FinalizeReload (933ms)
		ReleaseScriptCaches (0ms)
		RebuildScriptCaches (0ms)
		SetupLoadedEditorAssemblies (713ms)
			LogAssemblyErrors (0ms)
			InitializePlatformSupportModulesInManaged (3ms)
			SetLoadedEditorAssemblies (6ms)
			BeforeProcessingInitializeOnLoad (128ms)
			ProcessInitializeOnLoadAttributes (492ms)
			ProcessInitializeOnLoadMethodAttributes (81ms)
			AfterProcessingInitializeOnLoad (3ms)
			EditorAssembliesLoaded (0ms)
		ExecutionOrderSort2 (0ms)
		AwakeInstancesAfterBackupRestoration (15ms)
Refreshing native plugins compatible for Editor in 2.39 ms, found 4 plugins.
Preloading 0 native plugins for Editor in 0.00 ms.
Unloading 13 Unused Serialized files (Serialized files now loaded: 0)
Unloading 6681 unused Assets / (4.3 MB). Loaded Objects now: 7383.
Memory consumption went from 152.1 MB to 147.8 MB.
Total: 9.157700 ms (FindLiveObjects: 0.938600 ms CreateObjectMapping: 0.496300 ms MarkObjects: 5.452800 ms  DeleteObjects: 2.268600 ms)

Prepare: number of updated asset objects reloaded= 0
========================================================================
Received Import Request.
  Time since last request: 71.638323 seconds.
  path: Assets/Resources/MainMenu/GIF_Background_1
  artifactKey: Guid(0bb555e6bd6f96f4a96e1bad4bcf255f) Importer(815301076,1909f56bfc062723c751e8b465ee728b)
Start importing Assets/Resources/MainMenu/GIF_Background_1 using Guid(0bb555e6bd6f96f4a96e1bad4bcf255f) Importer(815301076,1909f56bfc062723c751e8b465ee728b) (PreviewImporter) -> (artifact id: '9ca06be90a4758bfb2149fe1ddf32a81') in 0.0102973 seconds
Number of updated asset objects reloaded before import = 0Number of asset objects unloaded after import = 0

========================================================================
Received Import Request.
  Time since last request: 6.082302 seconds.
  path: Assets/Resources/MainMenu/New Folder
  artifactKey: Guid(915df2227bc932b44906164afec2a5da) Importer(815301076,1909f56bfc062723c751e8b465ee728b)
Start importing Assets/Resources/MainMenu/New Folder using Guid(915df2227bc932b44906164afec2a5da) Importer(815301076,1909f56bfc062723c751e8b465ee728b) (PreviewImporter) -> (artifact id: '67db2c4b4250c94b6254c7f0eba910c2') in 0.0006669 seconds
Number of updated asset objects reloaded before import = 0Number of asset objects unloaded after import = 0

========================================================================
Received Import Request.
  Time since last request: 3.106578 seconds.
  path: Assets/Resources/MainMenu/GIF_Background_1 1
  artifactKey: Guid(2d22224d8c5454d42b990a0c8bdc262f) Importer(815301076,1909f56bfc062723c751e8b465ee728b)
Start importing Assets/Resources/MainMenu/GIF_Background_1 1 using Guid(2d22224d8c5454d42b990a0c8bdc262f) Importer(815301076,1909f56bfc062723c751e8b465ee728b) (PreviewImporter) -> (artifact id: '7f8fdcdadea3255a62720a32201cc34d') in 0.0005779 seconds
Number of updated asset objects reloaded before import = 0Number of asset objects unloaded after import = 0

========================================================================
Received Import Request.
  Time since last request: 5.330014 seconds.
  path: Assets/Resources/MainMenu/GIF_Background_2
  artifactKey: Guid(2d22224d8c5454d42b990a0c8bdc262f) Importer(815301076,1909f56bfc062723c751e8b465ee728b)
Start importing Assets/Resources/MainMenu/GIF_Background_2 using Guid(2d22224d8c5454d42b990a0c8bdc262f) Importer(815301076,1909f56bfc062723c751e8b465ee728b) (PreviewImporter) -> (artifact id: '228906f858dc02a1eccf82455b5513c0') in 0.0006086 seconds
Number of updated asset objects reloaded before import = 0Number of asset objects unloaded after import = 0

========================================================================
Received Import Request.
  Time since last request: 1.015411 seconds.
  path: Assets/Resources/MainMenu/GIF_Background_2/title00.png
  artifactKey: Guid(f246fcd0dafab7d4eaa0dfa57b5df44c) Importer(815301076,1909f56bfc062723c751e8b465ee728b)
Start importing Assets/Resources/MainMenu/GIF_Background_2/title00.png using Guid(f246fcd0dafab7d4eaa0dfa57b5df44c) Importer(815301076,1909f56bfc062723c751e8b465ee728b) (PreviewImporter) -> (artifact id: '9f7dd888210740708a52fbeca446cfc9') in 0.117256 seconds
Number of updated asset objects reloaded before import = 0Number of asset objects unloaded after import = 3

========================================================================
Received Import Request.
  Time since last request: 0.000024 seconds.
  path: Assets/Resources/MainMenu/GIF_Background_2/title05.png
  artifactKey: Guid(bd36d3166c9d5b84da2a4187c1151983) Importer(815301076,1909f56bfc062723c751e8b465ee728b)
Start importing Assets/Resources/MainMenu/GIF_Background_2/title05.png using Guid(bd36d3166c9d5b84da2a4187c1151983) Importer(815301076,1909f56bfc062723c751e8b465ee728b) (PreviewImporter) -> (artifact id: '6738e306ceb2c01ef0f90c5d0b186776') in 0.0214555 seconds
Number of updated asset objects reloaded before import = 0Number of asset objects unloaded after import = 3

========================================================================
Received Import Request.
  Time since last request: 0.000026 seconds.
  path: Assets/Resources/MainMenu/GIF_Background_2/title10.png
  artifactKey: Guid(b2202cdd20b91904ca1d63d244c65d33) Importer(815301076,1909f56bfc062723c751e8b465ee728b)
Start importing Assets/Resources/MainMenu/GIF_Background_2/title10.png using Guid(b2202cdd20b91904ca1d63d244c65d33) Importer(815301076,1909f56bfc062723c751e8b465ee728b) (PreviewImporter) -> (artifact id: 'f052ca78b3763c6eff5b6c8e943fd8ad') in 0.0481011 seconds
Number of updated asset objects reloaded before import = 0Number of asset objects unloaded after import = 3

========================================================================
Received Import Request.
  Time since last request: 0.000015 seconds.
  path: Assets/Resources/MainMenu/GIF_Background_2/title16.png
  artifactKey: Guid(01af751e3faef9c479fae2781962be16) Importer(815301076,1909f56bfc062723c751e8b465ee728b)
Start importing Assets/Resources/MainMenu/GIF_Background_2/title16.png using Guid(01af751e3faef9c479fae2781962be16) Importer(815301076,1909f56bfc062723c751e8b465ee728b) (PreviewImporter) -> (artifact id: 'bd8c649d4a02839e1634d2b64bc5f5f2') in 0.0375764 seconds
Number of updated asset objects reloaded before import = 0Number of asset objects unloaded after import = 3

========================================================================
Received Import Request.
  Time since last request: 0.000016 seconds.
  path: Assets/Resources/MainMenu/GIF_Background_2/title18.png
  artifactKey: Guid(e783f55679819404c86f86c1a1bcc539) Importer(815301076,1909f56bfc062723c751e8b465ee728b)
Start importing Assets/Resources/MainMenu/GIF_Background_2/title18.png using Guid(e783f55679819404c86f86c1a1bcc539) Importer(815301076,1909f56bfc062723c751e8b465ee728b) (PreviewImporter) -> (artifact id: '46db856f6d7a7e4a2992ea14316199ea') in 0.0137202 seconds
Number of updated asset objects reloaded before import = 0Number of asset objects unloaded after import = 3

========================================================================
Received Import Request.
  Time since last request: 0.000021 seconds.
  path: Assets/Resources/MainMenu/GIF_Background_2/title29.png
  artifactKey: Guid(7de6a4bd59a0ede40841c657374ae6e1) Importer(815301076,1909f56bfc062723c751e8b465ee728b)
Start importing Assets/Resources/MainMenu/GIF_Background_2/title29.png using Guid(7de6a4bd59a0ede40841c657374ae6e1) Importer(815301076,1909f56bfc062723c751e8b465ee728b) (PreviewImporter) -> (artifact id: 'a06a68a5a42576f0fdabf10884a17cce') in 0.0148002 seconds
Number of updated asset objects reloaded before import = 0Number of asset objects unloaded after import = 3

========================================================================
Received Import Request.
  Time since last request: 0.000019 seconds.
  path: Assets/Resources/MainMenu/GIF_Background_2/title27.png
  artifactKey: Guid(5e23176544509f34ebc7e3049477dd2e) Importer(815301076,1909f56bfc062723c751e8b465ee728b)
Start importing Assets/Resources/MainMenu/GIF_Background_2/title27.png using Guid(5e23176544509f34ebc7e3049477dd2e) Importer(815301076,1909f56bfc062723c751e8b465ee728b) (PreviewImporter) -> (artifact id: 'ebe1192828b04a4f90fd2892834f2a56') in 0.0139866 seconds
Number of updated asset objects reloaded before import = 0Number of asset objects unloaded after import = 3

========================================================================
Received Import Request.
  Time since last request: 0.000026 seconds.
  path: Assets/Resources/MainMenu/GIF_Background_2/title26.png
  artifactKey: Guid(975f4651e1480cd47b4b084b8ca6d63a) Importer(815301076,1909f56bfc062723c751e8b465ee728b)
Start importing Assets/Resources/MainMenu/GIF_Background_2/title26.png using Guid(975f4651e1480cd47b4b084b8ca6d63a) Importer(815301076,1909f56bfc062723c751e8b465ee728b) (PreviewImporter) -> (artifact id: '8ef6b8ba2a8215ca4f8cf04873eb83d4') in 0.0135564 seconds
Number of updated asset objects reloaded before import = 0Number of asset objects unloaded after import = 3

========================================================================
Received Import Request.
  Time since last request: 0.000022 seconds.
  path: Assets/Resources/MainMenu/GIF_Background_2/title20.png
  artifactKey: Guid(7fc1b77e09ff7904abde0d179f353f2b) Importer(815301076,1909f56bfc062723c751e8b465ee728b)
Start importing Assets/Resources/MainMenu/GIF_Background_2/title20.png using Guid(7fc1b77e09ff7904abde0d179f353f2b) Importer(815301076,1909f56bfc062723c751e8b465ee728b) (PreviewImporter) -> (artifact id: 'ca54c0433f52ac9403f4bb25eea2dcc2') in 0.0149289 seconds
Number of updated asset objects reloaded before import = 0Number of asset objects unloaded after import = 3

========================================================================
Received Import Request.
  Time since last request: 0.000016 seconds.
  path: Assets/Resources/MainMenu/GIF_Background_2/title17.png
  artifactKey: Guid(7943c7ce58c0ef74689213a5c0a2dce2) Importer(815301076,1909f56bfc062723c751e8b465ee728b)
Start importing Assets/Resources/MainMenu/GIF_Background_2/title17.png using Guid(7943c7ce58c0ef74689213a5c0a2dce2) Importer(815301076,1909f56bfc062723c751e8b465ee728b) (PreviewImporter) -> (artifact id: 'ccfffede0826f95b092c15ad8688ad91') in 0.0134733 seconds
Number of updated asset objects reloaded before import = 0Number of asset objects unloaded after import = 3

========================================================================
Received Import Request.
  Time since last request: 0.000013 seconds.
  path: Assets/Resources/MainMenu/GIF_Background_2/title19.png
  artifactKey: Guid(111f2a74d9049764d8ec216efafd312a) Importer(815301076,1909f56bfc062723c751e8b465ee728b)
Start importing Assets/Resources/MainMenu/GIF_Background_2/title19.png using Guid(111f2a74d9049764d8ec216efafd312a) Importer(815301076,1909f56bfc062723c751e8b465ee728b) (PreviewImporter) -> (artifact id: 'cae8dc687059f7e2b0ab6feeb578cb1f') in 0.0132294 seconds
Number of updated asset objects reloaded before import = 0Number of asset objects unloaded after import = 3

========================================================================
Received Import Request.
  Time since last request: 0.000015 seconds.
  path: Assets/Resources/MainMenu/GIF_Background_2/title04.png
  artifactKey: Guid(cf350d12f6bb1044cbde622213a9860a) Importer(815301076,1909f56bfc062723c751e8b465ee728b)
Start importing Assets/Resources/MainMenu/GIF_Background_2/title04.png using Guid(cf350d12f6bb1044cbde622213a9860a) Importer(815301076,1909f56bfc062723c751e8b465ee728b) (PreviewImporter) -> (artifact id: 'c10c597ed2fab92dadcd9a6fd0a673fe') in 0.0134369 seconds
Number of updated asset objects reloaded before import = 0Number of asset objects unloaded after import = 3

========================================================================
Received Import Request.
  Time since last request: 0.000018 seconds.
  path: Assets/Resources/MainMenu/GIF_Background_2/title32.png
  artifactKey: Guid(2015cba11c789d14aae7541fd947ff9f) Importer(815301076,1909f56bfc062723c751e8b465ee728b)
Start importing Assets/Resources/MainMenu/GIF_Background_2/title32.png using Guid(2015cba11c789d14aae7541fd947ff9f) Importer(815301076,1909f56bfc062723c751e8b465ee728b) (PreviewImporter) -> (artifact id: '14699ac026c3ccafeba5e39eaa53e44d') in 0.0136305 seconds
Number of updated asset objects reloaded before import = 0Number of asset objects unloaded after import = 3

========================================================================
Received Import Request.
  Time since last request: 0.000025 seconds.
  path: Assets/Resources/MainMenu/GIF_Background_2/title06.png
  artifactKey: Guid(9291d264ec8ae9f43841284deb7b4e66) Importer(815301076,1909f56bfc062723c751e8b465ee728b)
Start importing Assets/Resources/MainMenu/GIF_Background_2/title06.png using Guid(9291d264ec8ae9f43841284deb7b4e66) Importer(815301076,1909f56bfc062723c751e8b465ee728b) (PreviewImporter) -> (artifact id: '93638204a83fe17188305c0f12fd11b1') in 0.0136393 seconds
Number of updated asset objects reloaded before import = 0Number of asset objects unloaded after import = 3

========================================================================
Received Import Request.
  Time since last request: 0.000014 seconds.
  path: Assets/Resources/MainMenu/GIF_Background_2/title24.png
  artifactKey: Guid(5c5945d5a1010fc4981a827c36c7bbfc) Importer(815301076,1909f56bfc062723c751e8b465ee728b)
Start importing Assets/Resources/MainMenu/GIF_Background_2/title24.png using Guid(5c5945d5a1010fc4981a827c36c7bbfc) Importer(815301076,1909f56bfc062723c751e8b465ee728b) (PreviewImporter) -> (artifact id: 'a9187cb9e283eff15f7f0fa34bbf2e90') in 0.0132525 seconds
Number of updated asset objects reloaded before import = 0Number of asset objects unloaded after import = 3

========================================================================
Received Import Request.
  Time since last request: 0.000014 seconds.
  path: Assets/Resources/MainMenu/GIF_Background_2/title22.png
  artifactKey: Guid(dcce6372c7e1de64d96283a8b09fbf2c) Importer(815301076,1909f56bfc062723c751e8b465ee728b)
Start importing Assets/Resources/MainMenu/GIF_Background_2/title22.png using Guid(dcce6372c7e1de64d96283a8b09fbf2c) Importer(815301076,1909f56bfc062723c751e8b465ee728b) (PreviewImporter) -> (artifact id: '8e3fb175638c83140c379c246d5b74c2') in 0.0136007 seconds
Number of updated asset objects reloaded before import = 0Number of asset objects unloaded after import = 3

========================================================================
Received Import Request.
  Time since last request: 0.000015 seconds.
  path: Assets/Resources/MainMenu/GIF_Background_2/title31.png
  artifactKey: Guid(7ce3a2ed353882640906568c872427c3) Importer(815301076,1909f56bfc062723c751e8b465ee728b)
Start importing Assets/Resources/MainMenu/GIF_Background_2/title31.png using Guid(7ce3a2ed353882640906568c872427c3) Importer(815301076,1909f56bfc062723c751e8b465ee728b) (PreviewImporter) -> (artifact id: 'eabd24b5b25ca4c2f79f257d44047c80') in 0.013603 seconds
Number of updated asset objects reloaded before import = 0Number of asset objects unloaded after import = 3

========================================================================
Received Import Request.
  Time since last request: 0.000021 seconds.
  path: Assets/Resources/MainMenu/GIF_Background_2/title25.png
  artifactKey: Guid(1f54f8b59c1b3f54fb26a4723f0d8ad5) Importer(815301076,1909f56bfc062723c751e8b465ee728b)
Start importing Assets/Resources/MainMenu/GIF_Background_2/title25.png using Guid(1f54f8b59c1b3f54fb26a4723f0d8ad5) Importer(815301076,1909f56bfc062723c751e8b465ee728b) (PreviewImporter) -> (artifact id: 'afe8bb6ba26562244f6f4993ddad9b25') in 0.0126461 seconds
Number of updated asset objects reloaded before import = 0Number of asset objects unloaded after import = 3

Editor requested this worker to shutdown with reason: Scaling down because of idle timeout
AssetImportWorker is now disconnected from the server
Process exiting
Exiting without the bug reporter. Application will terminate with return code 0