Using pre-set license
Built from '6000.0/staging' branch; Version is '6000.0.32f1 (b2e806cf271c) revision 11724806'; Using compiler version '193933523'; Build Type 'Release'
OS: 'Windows 10  (10.0.19045) 64bit CoreSingleLanguage' Language: 'ru' Physical Memory: 32509 MB
BatchMode: 1, IsHumanControllingUs: 0, StartBugReporterOnCrash: 0, Is64bit: 1, IsPro: 1

COMMAND LINE ARGUMENTS:
D:\Unity\6000.0.32f1\Editor\Unity.exe
-adb2
-batchMode
-noUpm
-name
AssetImportWorker14
-projectPath
C:/Users/user/Documents/Mindmap/RougeLight/Rouge Light Project
-logFile
Logs/AssetImportWorker14.log
-srvPort
53924
-job-worker-count
9
-background-job-worker-count
8
-gc-helper-count
1
Successfully changed project path to: C:/Users/user/Documents/Mindmap/RougeLight/Rouge Light Project
C:/Users/user/Documents/Mindmap/RougeLight/Rouge Light Project
[UnityMemory] Configuration Parameters - Can be set up in boot.config
    "memorysetup-bucket-allocator-granularity=16"
    "memorysetup-bucket-allocator-bucket-count=8"
    "memorysetup-bucket-allocator-block-size=33554432"
    "memorysetup-bucket-allocator-block-count=8"
    "memorysetup-main-allocator-block-size=16777216"
    "memorysetup-thread-allocator-block-size=16777216"
    "memorysetup-gfx-main-allocator-block-size=16777216"
    "memorysetup-gfx-thread-allocator-block-size=16777216"
    "memorysetup-cache-allocator-block-size=4194304"
    "memorysetup-typetree-allocator-block-size=2097152"
    "memorysetup-profiler-bucket-allocator-granularity=16"
    "memorysetup-profiler-bucket-allocator-bucket-count=8"
    "memorysetup-profiler-bucket-allocator-block-size=33554432"
    "memorysetup-profiler-bucket-allocator-block-count=8"
    "memorysetup-profiler-allocator-block-size=16777216"
    "memorysetup-profiler-editor-allocator-block-size=1048576"
    "memorysetup-temp-allocator-size-main=16777216"
    "memorysetup-job-temp-allocator-block-size=2097152"
    "memorysetup-job-temp-allocator-block-size-background=1048576"
    "memorysetup-job-temp-allocator-reduction-small-platforms=262144"
    "memorysetup-allocator-temp-initial-block-size-main=262144"
    "memorysetup-allocator-temp-initial-block-size-worker=262144"
    "memorysetup-temp-allocator-size-background-worker=32768"
    "memorysetup-temp-allocator-size-job-worker=262144"
    "memorysetup-temp-allocator-size-preload-manager=33554432"
    "memorysetup-temp-allocator-size-nav-mesh-worker=65536"
    "memorysetup-temp-allocator-size-audio-worker=65536"
    "memorysetup-temp-allocator-size-cloud-worker=32768"
    "memorysetup-temp-allocator-size-gi-baking-worker=262144"
    "memorysetup-temp-allocator-size-gi-baking-worker=262144"
    "memorysetup-temp-allocator-size-gi-baking-worker=262144"
    "memorysetup-temp-allocator-size-gi-baking-worker=262144"
    "memorysetup-temp-allocator-size-gi-baking-worker=262144"
    "memorysetup-temp-allocator-size-gfx=262144"
Player connection [24608]  Target information:

Player connection [24608]  * "[IP] 192.168.1.105 [Port] 0 [Flags] 2 [Guid] 2348434790 [EditorId] 2348434790 [Version] 1048832 [Id] WindowsEditor(7,GreenDesc) [Debug] 1 [PackageName] WindowsEditor [ProjectName] Editor" 

Player connection [24608] Host joined multi-casting on [225.0.0.222:54997]...
Player connection [24608] Host joined alternative multi-casting on [225.0.0.222:34997]...
JobSystem: Creating JobQueue using job-worker-count value 9
[Physics::Module] Initialized fallback backend.
[Physics::Module] Id: 0xdecafbad
Library Redirect Path: Library/
[Physics::Module] Selected backend.
[Physics::Module] Name: PhysX
[Physics::Module] Id: 0xf2b8ea05
[Physics::Module] SDK Version: 4.1.2
[Physics::Module] Integration Version: 1.0.0
[Physics::Module] Threading Mode: Multi-Threaded
Refreshing native plugins compatible for Editor in 118.84 ms, found 4 plugins.
Preloading 0 native plugins for Editor in 0.00 ms.
Initialize engine version: 6000.0.32f1 (b2e806cf271c)
[Subsystems] Discovering subsystems at path D:/Unity/6000.0.32f1/Editor/Data/Resources/UnitySubsystems
[Subsystems] Discovering subsystems at path C:/Users/user/Documents/Mindmap/RougeLight/Rouge Light Project/Assets
GfxDevice: creating device client; kGfxThreadingModeNonThreaded
Direct3D:
    Version:  Direct3D 11.0 [level 11.1]
    Renderer: NVIDIA GeForce RTX 3070 Ti (ID=0x2482)
    Vendor:   NVIDIA
    VRAM:     8017 MB
    Driver:   32.0.15.6636
Initialize mono
Mono path[0] = 'D:/Unity/6000.0.32f1/Editor/Data/Managed'
Mono path[1] = 'D:/Unity/6000.0.32f1/Editor/Data/MonoBleedingEdge/lib/mono/unityjit-win32'
Mono config path = 'D:/Unity/6000.0.32f1/Editor/Data/MonoBleedingEdge/etc'
Using monoOptions --debugger-agent=transport=dt_socket,embedding=1,server=y,suspend=n,address=127.0.0.1:56316
Begin MonoManager ReloadAssembly
Registering precompiled unity dll's ...
Register platform support module: D:/Unity/6000.0.32f1/Editor/Data/PlaybackEngines/WindowsStandaloneSupport/UnityEditor.WindowsStandalone.Extensions.dll
Registered in 0.002697 seconds.
- Loaded All Assemblies, in  0.912 seconds
Native extension for WindowsStandalone target not found
Mono: successfully reloaded assembly
- Finished resetting the current domain, in  0.376 seconds
Domain Reload Profiling: 1287ms
	BeginReloadAssembly (144ms)
		ExecutionOrderSort (0ms)
		DisableScriptedObjects (0ms)
		BackupInstance (0ms)
		ReleaseScriptingObjects (0ms)
		CreateAndSetChildDomain (1ms)
	RebuildCommonClasses (146ms)
	RebuildNativeTypeToScriptingClass (14ms)
	initialDomainReloadingComplete (52ms)
	LoadAllAssembliesAndSetupDomain (556ms)
		LoadAssemblies (142ms)
		RebuildTransferFunctionScriptingTraits (0ms)
		AnalyzeDomain (553ms)
			TypeCache.Refresh (551ms)
				TypeCache.ScanAssembly (483ms)
			BuildScriptInfoCaches (0ms)
			ResolveRequiredComponents (0ms)
	FinalizeReload (376ms)
		ReleaseScriptCaches (0ms)
		RebuildScriptCaches (0ms)
		SetupLoadedEditorAssemblies (327ms)
			LogAssemblyErrors (0ms)
			InitializePlatformSupportModulesInManaged (26ms)
			SetLoadedEditorAssemblies (4ms)
			BeforeProcessingInitializeOnLoad (63ms)
			ProcessInitializeOnLoadAttributes (163ms)
			ProcessInitializeOnLoadMethodAttributes (70ms)
			AfterProcessingInitializeOnLoad (0ms)
			EditorAssembliesLoaded (0ms)
		ExecutionOrderSort2 (0ms)
		AwakeInstancesAfterBackupRestoration (0ms)
========================================================================
Worker process is ready to serve import requests
Import Worker Mode flag is 0x00
Begin MonoManager ReloadAssembly
Duplicate assembly 'log4net.dll' with different versions detected, using 'Assets/Packages/log4net.3.0.4/lib/netstandard2.0/log4net.dll, AssemblyName=log4net, Version=3.0.4.0, Culture=neutral, PublicKeyToken=669e0ddf0bb1aa2a' and ignoring 'Packages/com.unity.collab-proxy/Lib/Editor/log4netPlastic.dll, AssemblyName=log4net, Version=1.2.15.0, Culture=neutral, PublicKeyToken=669e0ddf0bb1aa2a'.Symbol file LoadedFromMemory is not a mono symbol file
- Loaded All Assemblies, in  1.051 seconds
Refreshing native plugins compatible for Editor in 2.02 ms, found 4 plugins.
Native extension for WindowsStandalone target not found
log4net:ERROR Exception while reading ConfigurationSettings. Check your .config file is well formed XML.
System.Configuration.ConfigurationErrorsException: Configuration system failed to initialize ---> System.PlatformNotSupportedException: Operation is not supported on this platform.
  at System.Configuration.ClientConfigPaths..ctor (System.String exePath, System.Boolean includeUserConfig) [0x00050] in <5ae095f7408b4d5cb5cdbfc3d3c31d20>:0 
  at System.Configuration.ClientConfigPaths.GetPaths (System.String exePath, System.Boolean includeUserConfig) [0x00018] in <5ae095f7408b4d5cb5cdbfc3d3c31d20>:0 
  at System.Configuration.ClientConfigurationHost.get_ConfigPaths () [0x0000a] in <5ae095f7408b4d5cb5cdbfc3d3c31d20>:0 
  at System.Configuration.ClientConfigurationHost.GetStreamName (System.String configPath) [0x0006d] in <5ae095f7408b4d5cb5cdbfc3d3c31d20>:0 
  at System.Configuration.ClientConfigurationHost.get_IsAppConfigHttp () [0x00000] in <5ae095f7408b4d5cb5cdbfc3d3c31d20>:0 
  at System.Configuration.Internal.DelegatingConfigHost.get_IsAppConfigHttp () [0x00006] in <5ae095f7408b4d5cb5cdbfc3d3c31d20>:0 
  at System.Configuration.ClientConfigurationSystem..ctor () [0x00051] in <5ae095f7408b4d5cb5cdbfc3d3c31d20>:0 
  at System.Configuration.ConfigurationManager.EnsureConfigurationSystem () [0x00024] in <5ae095f7408b4d5cb5cdbfc3d3c31d20>:0 
   --- End of inner exception stack trace ---
  at System.Configuration.ConfigurationManager.EnsureConfigurationSystem () [0x00060] in <5ae095f7408b4d5cb5cdbfc3d3c31d20>:0 
  at System.Configuration.ConfigurationManager.PrepareConfigSystem () [0x0000a] in <5ae095f7408b4d5cb5cdbfc3d3c31d20>:0 
  at System.Configuration.ConfigurationManager.GetSection (System.String sectionName) [0x0000a] in <5ae095f7408b4d5cb5cdbfc3d3c31d20>:0 
  at System.Configuration.ConfigurationManager.get_AppSettings () [0x00000] in <5ae095f7408b4d5cb5cdbfc3d3c31d20>:0 
  at log4net.Util.SystemInfo.GetAppSetting (System.String key) [0x00000] in <00c34789746b40dda4cd7be2c85ba32f>:0 
log4net:ERROR Exception while reading ConfigurationSettings. Check your .config file is well formed XML.
System.Configuration.ConfigurationErrorsException: Configuration system failed to initialize ---> System.PlatformNotSupportedException: Operation is not supported on this platform.
  at System.Configuration.ClientConfigPaths..ctor (System.String exePath, System.Boolean includeUserConfig) [0x00050] in <5ae095f7408b4d5cb5cdbfc3d3c31d20>:0 
  at System.Configuration.ClientConfigPaths.GetPaths (System.String exePath, System.Boolean includeUserConfig) [0x00018] in <5ae095f7408b4d5cb5cdbfc3d3c31d20>:0 
  at System.Configuration.ClientConfigurationHost.get_ConfigPaths () [0x0000a] in <5ae095f7408b4d5cb5cdbfc3d3c31d20>:0 
  at System.Configuration.ClientConfigurationHost.GetStreamName (System.String configPath) [0x0006d] in <5ae095f7408b4d5cb5cdbfc3d3c31d20>:0 
  at System.Configuration.ClientConfigurationHost.get_IsAppConfigHttp () [0x00000] in <5ae095f7408b4d5cb5cdbfc3d3c31d20>:0 
  at System.Configuration.Internal.DelegatingConfigHost.get_IsAppConfigHttp () [0x00006] in <5ae095f7408b4d5cb5cdbfc3d3c31d20>:0 
  at System.Configuration.ClientConfigurationSystem..ctor () [0x00051] in <5ae095f7408b4d5cb5cdbfc3d3c31d20>:0 
  at System.Configuration.ConfigurationManager.EnsureConfigurationSystem () [0x00024] in <5ae095f7408b4d5cb5cdbfc3d3c31d20>:0 
   --- End of inner exception stack trace ---
  at System.Configuration.ConfigurationManager.PrepareConfigSystem () [0x0001a] in <5ae095f7408b4d5cb5cdbfc3d3c31d20>:0 
  at System.Configuration.ConfigurationManager.GetSection (System.String sectionName) [0x0000a] in <5ae095f7408b4d5cb5cdbfc3d3c31d20>:0 
  at System.Configuration.ConfigurationManager.get_AppSettings () [0x00000] in <5ae095f7408b4d5cb5cdbfc3d3c31d20>:0 
  at log4net.Util.SystemInfo.GetAppSetting (System.String key) [0x00000] in <00c34789746b40dda4cd7be2c85ba32f>:0 
log4net:ERROR Exception while reading ConfigurationSettings. Check your .config file is well formed XML.
System.Configuration.ConfigurationErrorsException: Configuration system failed to initialize ---> System.PlatformNotSupportedException: Operation is not supported on this platform.
  at System.Configuration.ClientConfigPaths..ctor (System.String exePath, System.Boolean includeUserConfig) [0x00050] in <5ae095f7408b4d5cb5cdbfc3d3c31d20>:0 
  at System.Configuration.ClientConfigPaths.GetPaths (System.String exePath, System.Boolean includeUserConfig) [0x00018] in <5ae095f7408b4d5cb5cdbfc3d3c31d20>:0 
  at System.Configuration.ClientConfigurationHost.get_ConfigPaths () [0x0000a] in <5ae095f7408b4d5cb5cdbfc3d3c31d20>:0 
  at System.Configuration.ClientConfigurationHost.GetStreamName (System.String configPath) [0x0006d] in <5ae095f7408b4d5cb5cdbfc3d3c31d20>:0 
  at System.Configuration.ClientConfigurationHost.get_IsAppConfigHttp () [0x00000] in <5ae095f7408b4d5cb5cdbfc3d3c31d20>:0 
  at System.Configuration.Internal.DelegatingConfigHost.get_IsAppConfigHttp () [0x00006] in <5ae095f7408b4d5cb5cdbfc3d3c31d20>:0 
  at System.Configuration.ClientConfigurationSystem..ctor () [0x00051] in <5ae095f7408b4d5cb5cdbfc3d3c31d20>:0 
  at System.Configuration.ConfigurationManager.EnsureConfigurationSystem () [0x00024] in <5ae095f7408b4d5cb5cdbfc3d3c31d20>:0 
   --- End of inner exception stack trace ---
  at System.Configuration.ConfigurationManager.PrepareConfigSystem () [0x0001a] in <5ae095f7408b4d5cb5cdbfc3d3c31d20>:0 
  at System.Configuration.ConfigurationManager.GetSection (System.String sectionName) [0x0000a] in <5ae095f7408b4d5cb5cdbfc3d3c31d20>:0 
  at System.Configuration.ConfigurationManager.get_AppSettings () [0x00000] in <5ae095f7408b4d5cb5cdbfc3d3c31d20>:0 
  at log4net.Util.SystemInfo.GetAppSetting (System.String key) [0x00000] in <00c34789746b40dda4cd7be2c85ba32f>:0 
log4net:ERROR Exception while reading ConfigurationSettings. Check your .config file is well formed XML.
System.Configuration.ConfigurationErrorsException: Configuration system failed to initialize ---> System.PlatformNotSupportedException: Operation is not supported on this platform.
  at System.Configuration.ClientConfigPaths..ctor (System.String exePath, System.Boolean includeUserConfig) [0x00050] in <5ae095f7408b4d5cb5cdbfc3d3c31d20>:0 
  at System.Configuration.ClientConfigPaths.GetPaths (System.String exePath, System.Boolean includeUserConfig) [0x00018] in <5ae095f7408b4d5cb5cdbfc3d3c31d20>:0 
  at System.Configuration.ClientConfigurationHost.get_ConfigPaths () [0x0000a] in <5ae095f7408b4d5cb5cdbfc3d3c31d20>:0 
  at System.Configuration.ClientConfigurationHost.GetStreamName (System.String configPath) [0x0006d] in <5ae095f7408b4d5cb5cdbfc3d3c31d20>:0 
  at System.Configuration.ClientConfigurationHost.get_IsAppConfigHttp () [0x00000] in <5ae095f7408b4d5cb5cdbfc3d3c31d20>:0 
  at System.Configuration.Internal.DelegatingConfigHost.get_IsAppConfigHttp () [0x00006] in <5ae095f7408b4d5cb5cdbfc3d3c31d20>:0 
  at System.Configuration.ClientConfigurationSystem..ctor () [0x00051] in <5ae095f7408b4d5cb5cdbfc3d3c31d20>:0 
  at System.Configuration.ConfigurationManager.EnsureConfigurationSystem () [0x00024] in <5ae095f7408b4d5cb5cdbfc3d3c31d20>:0 
   --- End of inner exception stack trace ---
  at System.Configuration.ConfigurationManager.PrepareConfigSystem () [0x0001a] in <5ae095f7408b4d5cb5cdbfc3d3c31d20>:0 
  at System.Configuration.ConfigurationManager.GetSection (System.String sectionName) [0x0000a] in <5ae095f7408b4d5cb5cdbfc3d3c31d20>:0 
  at System.Configuration.ConfigurationManager.get_AppSettings () [0x00000] in <5ae095f7408b4d5cb5cdbfc3d3c31d20>:0 
  at log4net.Util.SystemInfo.GetAppSetting (System.String key) [0x00000] in <00c34789746b40dda4cd7be2c85ba32f>:0 
log4net:ERROR Exception while reading ConfigurationSettings. Check your .config file is well formed XML.
System.Configuration.ConfigurationErrorsException: Configuration system failed to initialize ---> System.PlatformNotSupportedException: Operation is not supported on this platform.
  at System.Configuration.ClientConfigPaths..ctor (System.String exePath, System.Boolean includeUserConfig) [0x00050] in <5ae095f7408b4d5cb5cdbfc3d3c31d20>:0 
  at System.Configuration.ClientConfigPaths.GetPaths (System.String exePath, System.Boolean includeUserConfig) [0x00018] in <5ae095f7408b4d5cb5cdbfc3d3c31d20>:0 
  at System.Configuration.ClientConfigurationHost.get_ConfigPaths () [0x0000a] in <5ae095f7408b4d5cb5cdbfc3d3c31d20>:0 
  at System.Configuration.ClientConfigurationHost.GetStreamName (System.String configPath) [0x0006d] in <5ae095f7408b4d5cb5cdbfc3d3c31d20>:0 
  at System.Configuration.ClientConfigurationHost.get_IsAppConfigHttp () [0x00000] in <5ae095f7408b4d5cb5cdbfc3d3c31d20>:0 
  at System.Configuration.Internal.DelegatingConfigHost.get_IsAppConfigHttp () [0x00006] in <5ae095f7408b4d5cb5cdbfc3d3c31d20>:0 
  at System.Configuration.ClientConfigurationSystem..ctor () [0x00051] in <5ae095f7408b4d5cb5cdbfc3d3c31d20>:0 
  at System.Configuration.ConfigurationManager.EnsureConfigurationSystem () [0x00024] in <5ae095f7408b4d5cb5cdbfc3d3c31d20>:0 
   --- End of inner exception stack trace ---
  at System.Configuration.ConfigurationManager.PrepareConfigSystem () [0x0001a] in <5ae095f7408b4d5cb5cdbfc3d3c31d20>:0 
  at System.Configuration.ConfigurationManager.GetSection (System.String sectionName) [0x0000a] in <5ae095f7408b4d5cb5cdbfc3d3c31d20>:0 
  at System.Configuration.ConfigurationManager.get_AppSettings () [0x00000] in <5ae095f7408b4d5cb5cdbfc3d3c31d20>:0 
  at log4net.Util.SystemInfo.GetAppSetting (System.String key) [0x00000] in <00c34789746b40dda4cd7be2c85ba32f>:0 
log4net:ERROR Exception while reading ConfigurationSettings. Check your .config file is well formed XML.
System.Configuration.ConfigurationErrorsException: Configuration system failed to initialize ---> System.PlatformNotSupportedException: Operation is not supported on this platform.
  at System.Configuration.ClientConfigPaths..ctor (System.String exePath, System.Boolean includeUserConfig) [0x00050] in <5ae095f7408b4d5cb5cdbfc3d3c31d20>:0 
  at System.Configuration.ClientConfigPaths.GetPaths (System.String exePath, System.Boolean includeUserConfig) [0x00018] in <5ae095f7408b4d5cb5cdbfc3d3c31d20>:0 
  at System.Configuration.ClientConfigurationHost.get_ConfigPaths () [0x0000a] in <5ae095f7408b4d5cb5cdbfc3d3c31d20>:0 
  at System.Configuration.ClientConfigurationHost.GetStreamName (System.String configPath) [0x0006d] in <5ae095f7408b4d5cb5cdbfc3d3c31d20>:0 
  at System.Configuration.ClientConfigurationHost.get_IsAppConfigHttp () [0x00000] in <5ae095f7408b4d5cb5cdbfc3d3c31d20>:0 
  at System.Configuration.Internal.DelegatingConfigHost.get_IsAppConfigHttp () [0x00006] in <5ae095f7408b4d5cb5cdbfc3d3c31d20>:0 
  at System.Configuration.ClientConfigurationSystem..ctor () [0x00051] in <5ae095f7408b4d5cb5cdbfc3d3c31d20>:0 
  at System.Configuration.ConfigurationManager.EnsureConfigurationSystem () [0x00024] in <5ae095f7408b4d5cb5cdbfc3d3c31d20>:0 
   --- End of inner exception stack trace ---
  at System.Configuration.ConfigurationManager.PrepareConfigSystem () [0x0001a] in <5ae095f7408b4d5cb5cdbfc3d3c31d20>:0 
  at System.Configuration.ConfigurationManager.GetSection (System.String sectionName) [0x0000a] in <5ae095f7408b4d5cb5cdbfc3d3c31d20>:0 
  at System.Configuration.ConfigurationManager.get_AppSettings () [0x00000] in <5ae095f7408b4d5cb5cdbfc3d3c31d20>:0 
  at log4net.Util.SystemInfo.GetAppSetting (System.String key) [0x00000] in <00c34789746b40dda4cd7be2c85ba32f>:0 
log4net:ERROR Exception while reading ConfigurationSettings. Check your .config file is well formed XML.
System.Configuration.ConfigurationErrorsException: Configuration system failed to initialize ---> System.PlatformNotSupportedException: Operation is not supported on this platform.
  at System.Configuration.ClientConfigPaths..ctor (System.String exePath, System.Boolean includeUserConfig) [0x00050] in <5ae095f7408b4d5cb5cdbfc3d3c31d20>:0 
  at System.Configuration.ClientConfigPaths.GetPaths (System.String exePath, System.Boolean includeUserConfig) [0x00018] in <5ae095f7408b4d5cb5cdbfc3d3c31d20>:0 
  at System.Configuration.ClientConfigurationHost.get_ConfigPaths () [0x0000a] in <5ae095f7408b4d5cb5cdbfc3d3c31d20>:0 
  at System.Configuration.ClientConfigurationHost.GetStreamName (System.String configPath) [0x0006d] in <5ae095f7408b4d5cb5cdbfc3d3c31d20>:0 
  at System.Configuration.ClientConfigurationHost.get_IsAppConfigHttp () [0x00000] in <5ae095f7408b4d5cb5cdbfc3d3c31d20>:0 
  at System.Configuration.Internal.DelegatingConfigHost.get_IsAppConfigHttp () [0x00006] in <5ae095f7408b4d5cb5cdbfc3d3c31d20>:0 
  at System.Configuration.ClientConfigurationSystem..ctor () [0x00051] in <5ae095f7408b4d5cb5cdbfc3d3c31d20>:0 
  at System.Configuration.ConfigurationManager.EnsureConfigurationSystem () [0x00024] in <5ae095f7408b4d5cb5cdbfc3d3c31d20>:0 
   --- End of inner exception stack trace ---
  at System.Configuration.ConfigurationManager.PrepareConfigSystem () [0x0001a] in <5ae095f7408b4d5cb5cdbfc3d3c31d20>:0 
  at System.Configuration.ConfigurationManager.GetSection (System.String sectionName) [0x0000a] in <5ae095f7408b4d5cb5cdbfc3d3c31d20>:0 
  at System.Configuration.ConfigurationManager.get_AppSettings () [0x00000] in <5ae095f7408b4d5cb5cdbfc3d3c31d20>:0 
  at log4net.Util.SystemInfo.GetAppSetting (System.String key) [0x00000] in <00c34789746b40dda4cd7be2c85ba32f>:0 
Mono: successfully reloaded assembly
- Finished resetting the current domain, in  1.252 seconds
Domain Reload Profiling: 2300ms
	BeginReloadAssembly (170ms)
		ExecutionOrderSort (0ms)
		DisableScriptedObjects (7ms)
		BackupInstance (0ms)
		ReleaseScriptingObjects (0ms)
		CreateAndSetChildDomain (27ms)
	RebuildCommonClasses (38ms)
	RebuildNativeTypeToScriptingClass (14ms)
	initialDomainReloadingComplete (46ms)
	LoadAllAssembliesAndSetupDomain (779ms)
		LoadAssemblies (446ms)
		RebuildTransferFunctionScriptingTraits (0ms)
		AnalyzeDomain (434ms)
			TypeCache.Refresh (306ms)
				TypeCache.ScanAssembly (238ms)
			BuildScriptInfoCaches (110ms)
			ResolveRequiredComponents (14ms)
	FinalizeReload (1253ms)
		ReleaseScriptCaches (0ms)
		RebuildScriptCaches (0ms)
		SetupLoadedEditorAssemblies (949ms)
			LogAssemblyErrors (0ms)
			InitializePlatformSupportModulesInManaged (3ms)
			SetLoadedEditorAssemblies (5ms)
			BeforeProcessingInitializeOnLoad (125ms)
			ProcessInitializeOnLoadAttributes (676ms)
			ProcessInitializeOnLoadMethodAttributes (138ms)
			AfterProcessingInitializeOnLoad (2ms)
			EditorAssembliesLoaded (0ms)
		ExecutionOrderSort2 (0ms)
		AwakeInstancesAfterBackupRestoration (7ms)
Launched and connected shader compiler UnityShaderCompiler.exe after 0.06 seconds
Refreshing native plugins compatible for Editor in 2.22 ms, found 4 plugins.
Preloading 0 native plugins for Editor in 0.00 ms.
Unloading 219 Unused Serialized files (Serialized files now loaded: 0)
Unloading 6683 unused Assets / (4.1 MB). Loaded Objects now: 7351.
Memory consumption went from 187.5 MB to 183.4 MB.
Total: 9.094600 ms (FindLiveObjects: 0.844400 ms CreateObjectMapping: 0.399200 ms MarkObjects: 5.465600 ms  DeleteObjects: 2.383700 ms)

========================================================================
Received Import Request.
  Time since last request: 693611.833058 seconds.
  path: Assets/Resources/MainMenu/GIF_Background_2/tile01.png
  artifactKey: Guid(418178f6aab69ed4da5e05d284b09996) Importer(815301076,1909f56bfc062723c751e8b465ee728b)
Start importing Assets/Resources/MainMenu/GIF_Background_2/tile01.png using Guid(418178f6aab69ed4da5e05d284b09996) Importer(815301076,1909f56bfc062723c751e8b465ee728b) (PreviewImporter) -> (artifact id: '96e37f8bfca8e5a7b3f25a8a86b10b12') in 0.1561081 seconds
Number of updated asset objects reloaded before import = 0Number of asset objects unloaded after import = 3

========================================================================
Received Import Request.
  Time since last request: 0.000022 seconds.
  path: Assets/Resources/MainMenu/GIF_Background_2/tile61.png
  artifactKey: Guid(da244950fe3ccf947945ce2752183da2) Importer(815301076,1909f56bfc062723c751e8b465ee728b)
Start importing Assets/Resources/MainMenu/GIF_Background_2/tile61.png using Guid(da244950fe3ccf947945ce2752183da2) Importer(815301076,1909f56bfc062723c751e8b465ee728b) (PreviewImporter) -> (artifact id: 'b4cb17ce719f6ddcd4bf8c4d1fa64ec3') in 0.0251875 seconds
Number of updated asset objects reloaded before import = 0Number of asset objects unloaded after import = 3

========================================================================
Received Import Request.
  Time since last request: 0.000026 seconds.
  path: Assets/Resources/MainMenu/GIF_Background_2/tile10.png
  artifactKey: Guid(f668983f9cb14614aab60bfc43b1053d) Importer(815301076,1909f56bfc062723c751e8b465ee728b)
Start importing Assets/Resources/MainMenu/GIF_Background_2/tile10.png using Guid(f668983f9cb14614aab60bfc43b1053d) Importer(815301076,1909f56bfc062723c751e8b465ee728b) (PreviewImporter) -> (artifact id: '3b60fff22dd88eabd5cd9f5f311cc469') in 0.0163507 seconds
Number of updated asset objects reloaded before import = 0Number of asset objects unloaded after import = 3

========================================================================
Received Import Request.
  Time since last request: 0.000016 seconds.
  path: Assets/Resources/MainMenu/GIF_Background_2/tile66.png
  artifactKey: Guid(47654e3828f6c174090eb4cf2e5f4351) Importer(815301076,1909f56bfc062723c751e8b465ee728b)
Start importing Assets/Resources/MainMenu/GIF_Background_2/tile66.png using Guid(47654e3828f6c174090eb4cf2e5f4351) Importer(815301076,1909f56bfc062723c751e8b465ee728b) (PreviewImporter) -> (artifact id: 'a06839b1b3da2fa5fd7056fdda8e187e') in 0.0168092 seconds
Number of updated asset objects reloaded before import = 0Number of asset objects unloaded after import = 3

========================================================================
Received Import Request.
  Time since last request: 0.000017 seconds.
  path: Assets/Resources/MainMenu/GIF_Background_2/tile54.png
  artifactKey: Guid(b149ab4da7d271e47b08e239a2516790) Importer(815301076,1909f56bfc062723c751e8b465ee728b)
Start importing Assets/Resources/MainMenu/GIF_Background_2/tile54.png using Guid(b149ab4da7d271e47b08e239a2516790) Importer(815301076,1909f56bfc062723c751e8b465ee728b) (PreviewImporter) -> (artifact id: '64d2e39857c88dc0fffccda5cf5e7533') in 0.0150444 seconds
Number of updated asset objects reloaded before import = 0Number of asset objects unloaded after import = 3

========================================================================
Received Import Request.
  Time since last request: 0.000014 seconds.
  path: Assets/Resources/MainMenu/GIF_Background_2/tile06.png
  artifactKey: Guid(fd8ba75f754d46a458bd2bb7da9a361a) Importer(815301076,1909f56bfc062723c751e8b465ee728b)
Start importing Assets/Resources/MainMenu/GIF_Background_2/tile06.png using Guid(fd8ba75f754d46a458bd2bb7da9a361a) Importer(815301076,1909f56bfc062723c751e8b465ee728b) (PreviewImporter) -> (artifact id: '726d500f1fdc9b3de9e50fff22d7ba1a') in 0.0153477 seconds
Number of updated asset objects reloaded before import = 0Number of asset objects unloaded after import = 3

========================================================================
Received Import Request.
  Time since last request: 0.000016 seconds.
  path: Assets/Resources/MainMenu/GIF_Background_2/tile65.png
  artifactKey: Guid(0a38a67474f375c40847ab468270fd52) Importer(815301076,1909f56bfc062723c751e8b465ee728b)
Start importing Assets/Resources/MainMenu/GIF_Background_2/tile65.png using Guid(0a38a67474f375c40847ab468270fd52) Importer(815301076,1909f56bfc062723c751e8b465ee728b) (PreviewImporter) -> (artifact id: '0659843a02497d04487292b5b605deaf') in 0.0164671 seconds
Number of updated asset objects reloaded before import = 0Number of asset objects unloaded after import = 3

========================================================================
Received Import Request.
  Time since last request: 0.000023 seconds.
  path: Assets/Resources/MainMenu/GIF_Background_2/tile05.png
  artifactKey: Guid(49c7a02131e351249abd228de194617a) Importer(815301076,1909f56bfc062723c751e8b465ee728b)
Start importing Assets/Resources/MainMenu/GIF_Background_2/tile05.png using Guid(49c7a02131e351249abd228de194617a) Importer(815301076,1909f56bfc062723c751e8b465ee728b) (PreviewImporter) -> (artifact id: 'c938af1e3d8393cc42e140a6d49c3c00') in 0.0162759 seconds
Number of updated asset objects reloaded before import = 0Number of asset objects unloaded after import = 3

========================================================================
Received Import Request.
  Time since last request: 0.000026 seconds.
  path: Assets/Resources/MainMenu/GIF_Background_2/tile14.png
  artifactKey: Guid(d46238b1c28d7f04f8262a17944ae130) Importer(815301076,1909f56bfc062723c751e8b465ee728b)
Start importing Assets/Resources/MainMenu/GIF_Background_2/tile14.png using Guid(d46238b1c28d7f04f8262a17944ae130) Importer(815301076,1909f56bfc062723c751e8b465ee728b) (PreviewImporter) -> (artifact id: 'e906d9e41ac11065a4dc44322be235ad') in 0.0162067 seconds
Number of updated asset objects reloaded before import = 0Number of asset objects unloaded after import = 3

========================================================================
Received Import Request.
  Time since last request: 0.000016 seconds.
  path: Assets/Resources/MainMenu/GIF_Background_2/tile43.png
  artifactKey: Guid(dda907e4f9ec3a040907a39127736a4b) Importer(815301076,1909f56bfc062723c751e8b465ee728b)
Start importing Assets/Resources/MainMenu/GIF_Background_2/tile43.png using Guid(dda907e4f9ec3a040907a39127736a4b) Importer(815301076,1909f56bfc062723c751e8b465ee728b) (PreviewImporter) -> (artifact id: 'e242d85778c82ddf21bc975086b22862') in 0.0159113 seconds
Number of updated asset objects reloaded before import = 0Number of asset objects unloaded after import = 3

========================================================================
Received Import Request.
  Time since last request: 0.000015 seconds.
  path: Assets/Resources/MainMenu/GIF_Background_2/tile75.png
  artifactKey: Guid(1757788e507fd064aa80fce891c0b96c) Importer(815301076,1909f56bfc062723c751e8b465ee728b)
Start importing Assets/Resources/MainMenu/GIF_Background_2/tile75.png using Guid(1757788e507fd064aa80fce891c0b96c) Importer(815301076,1909f56bfc062723c751e8b465ee728b) (PreviewImporter) -> (artifact id: 'db2bf6244d6bbedf6091c3052eea32c5') in 0.0167869 seconds
Number of updated asset objects reloaded before import = 0Number of asset objects unloaded after import = 3

========================================================================
Received Import Request.
  Time since last request: 0.000017 seconds.
  path: Assets/Resources/MainMenu/GIF_Background_2/tile85.png
  artifactKey: Guid(42b8610c333d2644e911e9f2f6328165) Importer(815301076,1909f56bfc062723c751e8b465ee728b)
Start importing Assets/Resources/MainMenu/GIF_Background_2/tile85.png using Guid(42b8610c333d2644e911e9f2f6328165) Importer(815301076,1909f56bfc062723c751e8b465ee728b) (PreviewImporter) -> (artifact id: 'ad9486409b621f802d100a549f5b19ff') in 0.015752 seconds
Number of updated asset objects reloaded before import = 0Number of asset objects unloaded after import = 3

========================================================================
Received Import Request.
  Time since last request: 0.000016 seconds.
  path: Assets/Resources/MainMenu/GIF_Background_2/tile25.png
  artifactKey: Guid(0965ef12b5cf6f5498c9b6c3264541d0) Importer(815301076,1909f56bfc062723c751e8b465ee728b)
Start importing Assets/Resources/MainMenu/GIF_Background_2/tile25.png using Guid(0965ef12b5cf6f5498c9b6c3264541d0) Importer(815301076,1909f56bfc062723c751e8b465ee728b) (PreviewImporter) -> (artifact id: 'd8fed073d6799fc4cf438e824ae077f1') in 0.0165025 seconds
Number of updated asset objects reloaded before import = 0Number of asset objects unloaded after import = 3

========================================================================
Received Import Request.
  Time since last request: 0.000021 seconds.
  path: Assets/Resources/MainMenu/GIF_Background_2/tile18.png
  artifactKey: Guid(9c8f4d2e6d27837479a9e1f680de766c) Importer(815301076,1909f56bfc062723c751e8b465ee728b)
Start importing Assets/Resources/MainMenu/GIF_Background_2/tile18.png using Guid(9c8f4d2e6d27837479a9e1f680de766c) Importer(815301076,1909f56bfc062723c751e8b465ee728b) (PreviewImporter) -> (artifact id: '81a1a15a6e9dbefe7d6a1c8521c25407') in 0.018405 seconds
Number of updated asset objects reloaded before import = 0Number of asset objects unloaded after import = 3

========================================================================
Received Import Request.
  Time since last request: 0.000033 seconds.
  path: Assets/Resources/MainMenu/GIF_Background_2/tile60.png
  artifactKey: Guid(aa288a84dde44c34896b1d850bd29671) Importer(815301076,1909f56bfc062723c751e8b465ee728b)
Start importing Assets/Resources/MainMenu/GIF_Background_2/tile60.png using Guid(aa288a84dde44c34896b1d850bd29671) Importer(815301076,1909f56bfc062723c751e8b465ee728b) (PreviewImporter) -> (artifact id: '06bc7394feb3dd048ce57252a9f9d672') in 0.0162041 seconds
Number of updated asset objects reloaded before import = 0Number of asset objects unloaded after import = 3

========================================================================
Received Import Request.
  Time since last request: 0.000021 seconds.
  path: Assets/Resources/MainMenu/GIF_Background_2/tile59.png
  artifactKey: Guid(390e784d6ff73884e9bb86480bed251a) Importer(815301076,1909f56bfc062723c751e8b465ee728b)
Start importing Assets/Resources/MainMenu/GIF_Background_2/tile59.png using Guid(390e784d6ff73884e9bb86480bed251a) Importer(815301076,1909f56bfc062723c751e8b465ee728b) (PreviewImporter) -> (artifact id: 'b3bc6dc5f9a89f471fedab912c4d54be') in 0.0167384 seconds
Number of updated asset objects reloaded before import = 0Number of asset objects unloaded after import = 3

========================================================================
Received Import Request.
  Time since last request: 0.000020 seconds.
  path: Assets/Resources/MainMenu/GIF_Background_2/tile41.png
  artifactKey: Guid(7fc0409e4b9370042ae6a7e2121753bc) Importer(815301076,1909f56bfc062723c751e8b465ee728b)
Start importing Assets/Resources/MainMenu/GIF_Background_2/tile41.png using Guid(7fc0409e4b9370042ae6a7e2121753bc) Importer(815301076,1909f56bfc062723c751e8b465ee728b) (PreviewImporter) -> (artifact id: '0b3ca9beec25978fbac9064086162525') in 0.0166588 seconds
Number of updated asset objects reloaded before import = 0Number of asset objects unloaded after import = 3

========================================================================
Received Import Request.
  Time since last request: 0.000022 seconds.
  path: Assets/Resources/MainMenu/GIF_Background_2/tile40.png
  artifactKey: Guid(c6db243c5bfdb5745b83b081071dfa7a) Importer(815301076,1909f56bfc062723c751e8b465ee728b)
Start importing Assets/Resources/MainMenu/GIF_Background_2/tile40.png using Guid(c6db243c5bfdb5745b83b081071dfa7a) Importer(815301076,1909f56bfc062723c751e8b465ee728b) (PreviewImporter) -> (artifact id: '480dee61cb21116997ab682528b389cf') in 0.015794 seconds
Number of updated asset objects reloaded before import = 0Number of asset objects unloaded after import = 3

========================================================================
Received Import Request.
  Time since last request: 0.000018 seconds.
  path: Assets/Resources/MainMenu/GIF_Background_2/tile62.png
  artifactKey: Guid(81de8156a283d68449ccdfd5eba8ce63) Importer(815301076,1909f56bfc062723c751e8b465ee728b)
Start importing Assets/Resources/MainMenu/GIF_Background_2/tile62.png using Guid(81de8156a283d68449ccdfd5eba8ce63) Importer(815301076,1909f56bfc062723c751e8b465ee728b) (PreviewImporter) -> (artifact id: 'c353dc744d59289f094cad8337c5af77') in 0.0168571 seconds
Number of updated asset objects reloaded before import = 0Number of asset objects unloaded after import = 3

========================================================================
Received Import Request.
  Time since last request: 0.000019 seconds.
  path: Assets/Resources/MainMenu/GIF_Background_2/tile74.png
  artifactKey: Guid(a4e20587df95bd3458ef9beb5f126a56) Importer(815301076,1909f56bfc062723c751e8b465ee728b)
Start importing Assets/Resources/MainMenu/GIF_Background_2/tile74.png using Guid(a4e20587df95bd3458ef9beb5f126a56) Importer(815301076,1909f56bfc062723c751e8b465ee728b) (PreviewImporter) -> (artifact id: '8adac20fd33264d5e6c94feff39042fb') in 0.01725 seconds
Number of updated asset objects reloaded before import = 0Number of asset objects unloaded after import = 3

========================================================================
Received Import Request.
  Time since last request: 0.000027 seconds.
  path: Assets/Resources/MainMenu/GIF_Background_2/tile07.png
  artifactKey: Guid(2a99e0bbc0b697644a0e9700dc64beca) Importer(815301076,1909f56bfc062723c751e8b465ee728b)
Start importing Assets/Resources/MainMenu/GIF_Background_2/tile07.png using Guid(2a99e0bbc0b697644a0e9700dc64beca) Importer(815301076,1909f56bfc062723c751e8b465ee728b) (PreviewImporter) -> (artifact id: '01970c549eb3cf9be910c43df32ae274') in 0.0165724 seconds
Number of updated asset objects reloaded before import = 0Number of asset objects unloaded after import = 3

========================================================================
Received Import Request.
  Time since last request: 0.000023 seconds.
  path: Assets/Resources/MainMenu/GIF_Background_2/tile15.png
  artifactKey: Guid(1d527bbf4fbeee345851d46503f28992) Importer(815301076,1909f56bfc062723c751e8b465ee728b)
Start importing Assets/Resources/MainMenu/GIF_Background_2/tile15.png using Guid(1d527bbf4fbeee345851d46503f28992) Importer(815301076,1909f56bfc062723c751e8b465ee728b) (PreviewImporter) -> (artifact id: '4407d8b619b257ba45b688204adde7b6') in 0.0173361 seconds
Number of updated asset objects reloaded before import = 0Number of asset objects unloaded after import = 3

========================================================================
Received Import Request.
  Time since last request: 0.000017 seconds.
  path: Assets/Resources/MainMenu/GIF_Background_2/tile27.png
  artifactKey: Guid(330968b78db069c48916f2aae4766ee9) Importer(815301076,1909f56bfc062723c751e8b465ee728b)
Start importing Assets/Resources/MainMenu/GIF_Background_2/tile27.png using Guid(330968b78db069c48916f2aae4766ee9) Importer(815301076,1909f56bfc062723c751e8b465ee728b) (PreviewImporter) -> (artifact id: 'c96df6d4d1312882074a1b8b43208065') in 0.0184026 seconds
Number of updated asset objects reloaded before import = 0Number of asset objects unloaded after import = 3

========================================================================
Received Import Request.
  Time since last request: 0.000016 seconds.
  path: Assets/Resources/MainMenu/GIF_Background_2/tile68.png
  artifactKey: Guid(b1d3baff05ecc034abd36287deb5d272) Importer(815301076,1909f56bfc062723c751e8b465ee728b)
Start importing Assets/Resources/MainMenu/GIF_Background_2/tile68.png using Guid(b1d3baff05ecc034abd36287deb5d272) Importer(815301076,1909f56bfc062723c751e8b465ee728b) (PreviewImporter) -> (artifact id: '38c8f8251f8712b1201be52ed8f2b778') in 0.0201383 seconds
Number of updated asset objects reloaded before import = 0Number of asset objects unloaded after import = 3

========================================================================
Received Import Request.
  Time since last request: 0.000016 seconds.
  path: Assets/Resources/MainMenu/GIF_Background_2/tile44.png
  artifactKey: Guid(9968df68e0d9ec24ca32f38c3b1cd19d) Importer(815301076,1909f56bfc062723c751e8b465ee728b)
Start importing Assets/Resources/MainMenu/GIF_Background_2/tile44.png using Guid(9968df68e0d9ec24ca32f38c3b1cd19d) Importer(815301076,1909f56bfc062723c751e8b465ee728b) (PreviewImporter) -> (artifact id: 'c17bb849f7b32005cd46594c91eee524') in 0.0195449 seconds
Number of updated asset objects reloaded before import = 0Number of asset objects unloaded after import = 3

========================================================================
Received Import Request.
  Time since last request: 0.000022 seconds.
  path: Assets/Resources/MainMenu/GIF_Background_2/tile73.png
  artifactKey: Guid(2b535d5c60e5eaa468083ab7fbdb1247) Importer(815301076,1909f56bfc062723c751e8b465ee728b)
Start importing Assets/Resources/MainMenu/GIF_Background_2/tile73.png using Guid(2b535d5c60e5eaa468083ab7fbdb1247) Importer(815301076,1909f56bfc062723c751e8b465ee728b) (PreviewImporter) -> (artifact id: 'd39f063af588eeeac9ac9632e9f281ef') in 0.0188964 seconds
Number of updated asset objects reloaded before import = 0Number of asset objects unloaded after import = 3

========================================================================
Received Import Request.
  Time since last request: 0.000027 seconds.
  path: Assets/Resources/MainMenu/GIF_Background_2/tile45.png
  artifactKey: Guid(6ca4c139fef87554482b5351e55fad16) Importer(815301076,1909f56bfc062723c751e8b465ee728b)
Start importing Assets/Resources/MainMenu/GIF_Background_2/tile45.png using Guid(6ca4c139fef87554482b5351e55fad16) Importer(815301076,1909f56bfc062723c751e8b465ee728b) (PreviewImporter) -> (artifact id: '22120b034ed86afac47c9796bff3643e') in 0.0184797 seconds
Number of updated asset objects reloaded before import = 0Number of asset objects unloaded after import = 3

========================================================================
Received Import Request.
  Time since last request: 0.000018 seconds.
  path: Assets/Resources/MainMenu/GIF_Background_2/tile02.png
  artifactKey: Guid(bd7f348440880e74899ae42201b66214) Importer(815301076,1909f56bfc062723c751e8b465ee728b)
Start importing Assets/Resources/MainMenu/GIF_Background_2/tile02.png using Guid(bd7f348440880e74899ae42201b66214) Importer(815301076,1909f56bfc062723c751e8b465ee728b) (PreviewImporter) -> (artifact id: 'fadc344be44e0d7ddf3161de3933d0fb') in 0.0251282 seconds
Number of updated asset objects reloaded before import = 0Number of asset objects unloaded after import = 3

========================================================================
Received Import Request.
  Time since last request: 0.000017 seconds.
  path: Assets/Resources/MainMenu/GIF_Background_2/tile37.png
  artifactKey: Guid(bba86b1f4fe0f114b955576a75247a9b) Importer(815301076,1909f56bfc062723c751e8b465ee728b)
Start importing Assets/Resources/MainMenu/GIF_Background_2/tile37.png using Guid(bba86b1f4fe0f114b955576a75247a9b) Importer(815301076,1909f56bfc062723c751e8b465ee728b) (PreviewImporter) -> (artifact id: '4f07f5f5a200cac88ffdc10e62423cca') in 0.0182229 seconds
Number of updated asset objects reloaded before import = 0Number of asset objects unloaded after import = 3

========================================================================
Received Import Request.
  Time since last request: 0.000021 seconds.
  path: Assets/Resources/MainMenu/GIF_Background_2/tile28.png
  artifactKey: Guid(2a3feb7fa38bc214a97a08fd02d6689b) Importer(815301076,1909f56bfc062723c751e8b465ee728b)
Start importing Assets/Resources/MainMenu/GIF_Background_2/tile28.png using Guid(2a3feb7fa38bc214a97a08fd02d6689b) Importer(815301076,1909f56bfc062723c751e8b465ee728b) (PreviewImporter) -> (artifact id: '3c950b853fafab53d3c746719992eb00') in 0.0167881 seconds
Number of updated asset objects reloaded before import = 0Number of asset objects unloaded after import = 3

========================================================================
Received Import Request.
  Time since last request: 0.000019 seconds.
  path: Assets/Resources/MainMenu/GIF_Background_2/tile63.png
  artifactKey: Guid(b20b4e1d15ef1d04196ef84494839ccc) Importer(815301076,1909f56bfc062723c751e8b465ee728b)
Start importing Assets/Resources/MainMenu/GIF_Background_2/tile63.png using Guid(b20b4e1d15ef1d04196ef84494839ccc) Importer(815301076,1909f56bfc062723c751e8b465ee728b) (PreviewImporter) -> (artifact id: '58c47233f2882883ebf0b57d5ef5a29a') in 0.0166051 seconds
Number of updated asset objects reloaded before import = 0Number of asset objects unloaded after import = 3

========================================================================
Received Import Request.
  Time since last request: 0.000022 seconds.
  path: Assets/Resources/MainMenu/GIF_Background_2/tile34.png
  artifactKey: Guid(72702cd407375ed4399d8f335284e5b5) Importer(815301076,1909f56bfc062723c751e8b465ee728b)
Start importing Assets/Resources/MainMenu/GIF_Background_2/tile34.png using Guid(72702cd407375ed4399d8f335284e5b5) Importer(815301076,1909f56bfc062723c751e8b465ee728b) (PreviewImporter) -> (artifact id: '086e1c7b3ecf9a2eadcbb474e33d4907') in 0.0154286 seconds
Number of updated asset objects reloaded before import = 0Number of asset objects unloaded after import = 3

========================================================================
Received Import Request.
  Time since last request: 0.000015 seconds.
  path: Assets/Resources/MainMenu/GIF_Background_2/tile78.png
  artifactKey: Guid(a08ccdfddac14374f928d84b4dc886bb) Importer(815301076,1909f56bfc062723c751e8b465ee728b)
Start importing Assets/Resources/MainMenu/GIF_Background_2/tile78.png using Guid(a08ccdfddac14374f928d84b4dc886bb) Importer(815301076,1909f56bfc062723c751e8b465ee728b) (PreviewImporter) -> (artifact id: '928df5e767ad084a02067e3d0cabb938') in 0.0154025 seconds
Number of updated asset objects reloaded before import = 0Number of asset objects unloaded after import = 3

========================================================================
Received Import Request.
  Time since last request: 0.000015 seconds.
  path: Assets/Resources/MainMenu/GIF_Background_2/tile39.png
  artifactKey: Guid(6bfcef072f52e7f45b7070c73119ad8e) Importer(815301076,1909f56bfc062723c751e8b465ee728b)
Start importing Assets/Resources/MainMenu/GIF_Background_2/tile39.png using Guid(6bfcef072f52e7f45b7070c73119ad8e) Importer(815301076,1909f56bfc062723c751e8b465ee728b) (PreviewImporter) -> (artifact id: '01413d3f4470828397ca4f33b1050714') in 0.0168057 seconds
Number of updated asset objects reloaded before import = 0Number of asset objects unloaded after import = 3

========================================================================
Received Import Request.
  Time since last request: 0.000035 seconds.
  path: Assets/Resources/MainMenu/GIF_Background_2/tile33.png
  artifactKey: Guid(1a3f34ac41d5ada4d8c2572138fb5f7b) Importer(815301076,1909f56bfc062723c751e8b465ee728b)
Start importing Assets/Resources/MainMenu/GIF_Background_2/tile33.png using Guid(1a3f34ac41d5ada4d8c2572138fb5f7b) Importer(815301076,1909f56bfc062723c751e8b465ee728b) (PreviewImporter) -> (artifact id: '0719ff398214a36f938cfc6fa9270583') in 0.0160395 seconds
Number of updated asset objects reloaded before import = 0Number of asset objects unloaded after import = 3

========================================================================
Received Import Request.
  Time since last request: 0.000016 seconds.
  path: Assets/Resources/MainMenu/GIF_Background_2/tile72.png
  artifactKey: Guid(11cfd08cb327bbc4e83ec8368148373a) Importer(815301076,1909f56bfc062723c751e8b465ee728b)
Start importing Assets/Resources/MainMenu/GIF_Background_2/tile72.png using Guid(11cfd08cb327bbc4e83ec8368148373a) Importer(815301076,1909f56bfc062723c751e8b465ee728b) (PreviewImporter) -> (artifact id: '24bb291307bab2bf91720365a74fe411') in 0.016212 seconds
Number of updated asset objects reloaded before import = 0Number of asset objects unloaded after import = 3

========================================================================
Received Import Request.
  Time since last request: 0.000017 seconds.
  path: Assets/Resources/MainMenu/GIF_Background_2/tile09.png
  artifactKey: Guid(b7d5514d17b4cf84ea3f0c07199bd648) Importer(815301076,1909f56bfc062723c751e8b465ee728b)
Start importing Assets/Resources/MainMenu/GIF_Background_2/tile09.png using Guid(b7d5514d17b4cf84ea3f0c07199bd648) Importer(815301076,1909f56bfc062723c751e8b465ee728b) (PreviewImporter) -> (artifact id: '62296769fa4dbac59879e0e6fa43df04') in 0.0160079 seconds
Number of updated asset objects reloaded before import = 0Number of asset objects unloaded after import = 3

========================================================================
Received Import Request.
  Time since last request: 0.000028 seconds.
  path: Assets/Resources/MainMenu/GIF_Background_2/tile22.png
  artifactKey: Guid(e9b6c6565ce0b494fab5c8271fe7753e) Importer(815301076,1909f56bfc062723c751e8b465ee728b)
Start importing Assets/Resources/MainMenu/GIF_Background_2/tile22.png using Guid(e9b6c6565ce0b494fab5c8271fe7753e) Importer(815301076,1909f56bfc062723c751e8b465ee728b) (PreviewImporter) -> (artifact id: '95a281107663076d0469f11e9cfc27d9') in 0.0172567 seconds
Number of updated asset objects reloaded before import = 0Number of asset objects unloaded after import = 3

========================================================================
Received Import Request.
  Time since last request: 0.000016 seconds.
  path: Assets/Resources/MainMenu/GIF_Background_2/tile20.png
  artifactKey: Guid(bc2e62eafbe5ad04a9d8be8d52efe3a0) Importer(815301076,1909f56bfc062723c751e8b465ee728b)
Start importing Assets/Resources/MainMenu/GIF_Background_2/tile20.png using Guid(bc2e62eafbe5ad04a9d8be8d52efe3a0) Importer(815301076,1909f56bfc062723c751e8b465ee728b) (PreviewImporter) -> (artifact id: '28d3888eedc43b329f5938971e4e4ae3') in 0.0156239 seconds
Number of updated asset objects reloaded before import = 0Number of asset objects unloaded after import = 3

========================================================================
Received Import Request.
  Time since last request: 0.000021 seconds.
  path: Assets/Resources/MainMenu/GIF_Background_2/tile50.png
  artifactKey: Guid(8d00f3658a663dc43a30195b6411348f) Importer(815301076,1909f56bfc062723c751e8b465ee728b)
Start importing Assets/Resources/MainMenu/GIF_Background_2/tile50.png using Guid(8d00f3658a663dc43a30195b6411348f) Importer(815301076,1909f56bfc062723c751e8b465ee728b) (PreviewImporter) -> (artifact id: '14150ae61481b701483cc5d949d18293') in 0.0154651 seconds
Number of updated asset objects reloaded before import = 0Number of asset objects unloaded after import = 3

========================================================================
Received Import Request.
  Time since last request: 0.000015 seconds.
  path: Assets/Resources/MainMenu/GIF_Background_2/tile31.png
  artifactKey: Guid(c4dc5a2f3632a184fac5c3887c12c65d) Importer(815301076,1909f56bfc062723c751e8b465ee728b)
Start importing Assets/Resources/MainMenu/GIF_Background_2/tile31.png using Guid(c4dc5a2f3632a184fac5c3887c12c65d) Importer(815301076,1909f56bfc062723c751e8b465ee728b) (PreviewImporter) -> (artifact id: 'af2d20cfb59585c047f727c19e2e950f') in 0.0162962 seconds
Number of updated asset objects reloaded before import = 0Number of asset objects unloaded after import = 3

========================================================================
Received Import Request.
  Time since last request: 0.000021 seconds.
  path: Assets/Resources/MainMenu/GIF_Background_2/tile82.png
  artifactKey: Guid(f3a888d543aa0594e82f1b193a7bd369) Importer(815301076,1909f56bfc062723c751e8b465ee728b)
Start importing Assets/Resources/MainMenu/GIF_Background_2/tile82.png using Guid(f3a888d543aa0594e82f1b193a7bd369) Importer(815301076,1909f56bfc062723c751e8b465ee728b) (PreviewImporter) -> (artifact id: '61b348ea530bde4655b8693a40d4ea94') in 0.0174311 seconds
Number of updated asset objects reloaded before import = 0Number of asset objects unloaded after import = 3

========================================================================
Received Import Request.
  Time since last request: 0.000025 seconds.
  path: Assets/Resources/MainMenu/GIF_Background_2/tile04.png
  artifactKey: Guid(874c0f8816a04254bbc553c9715d862a) Importer(815301076,1909f56bfc062723c751e8b465ee728b)
Start importing Assets/Resources/MainMenu/GIF_Background_2/tile04.png using Guid(874c0f8816a04254bbc553c9715d862a) Importer(815301076,1909f56bfc062723c751e8b465ee728b) (PreviewImporter) -> (artifact id: '5de599d5d8b2d1a024efb48db5aeefd1') in 0.0168196 seconds
Number of updated asset objects reloaded before import = 0Number of asset objects unloaded after import = 3

========================================================================
Received Import Request.
  Time since last request: 429.693504 seconds.
  path: Assets/Resources/MainMenu/GIF_Background_2/tile87.png
  artifactKey: Guid(230fb1116cfe33748b33c03eecb3ab89) Importer(815301076,1909f56bfc062723c751e8b465ee728b)
Start importing Assets/Resources/MainMenu/GIF_Background_2/tile87.png using Guid(230fb1116cfe33748b33c03eecb3ab89) Importer(815301076,1909f56bfc062723c751e8b465ee728b) (PreviewImporter) -> (artifact id: '252bd5ec6d402e62722e9f8b7774bef9') in 0.0334872 seconds
Number of updated asset objects reloaded before import = 0Number of asset objects unloaded after import = 3

========================================================================
Received Import Request.
  Time since last request: 0.000021 seconds.
  path: Assets/Resources/MainMenu/GIF_Background_2/tile93.png
  artifactKey: Guid(7b8f60fd4fbba384e907315124d286ef) Importer(815301076,1909f56bfc062723c751e8b465ee728b)
Start importing Assets/Resources/MainMenu/GIF_Background_2/tile93.png using Guid(7b8f60fd4fbba384e907315124d286ef) Importer(815301076,1909f56bfc062723c751e8b465ee728b) (PreviewImporter) -> (artifact id: '90f17fe6a30ea76b26230a9a4f838f60') in 0.0187419 seconds
Number of updated asset objects reloaded before import = 0Number of asset objects unloaded after import = 3

========================================================================
Received Import Request.
  Time since last request: 0.000027 seconds.
  path: Assets/Resources/MainMenu/GIF_Background_2/tile96.png
  artifactKey: Guid(999eb505b0c91494daab7dd7c702d296) Importer(815301076,1909f56bfc062723c751e8b465ee728b)
Start importing Assets/Resources/MainMenu/GIF_Background_2/tile96.png using Guid(999eb505b0c91494daab7dd7c702d296) Importer(815301076,1909f56bfc062723c751e8b465ee728b) (PreviewImporter) -> (artifact id: '6f96cdd9a067eed8cd985d2705fd009c') in 0.0224335 seconds
Number of updated asset objects reloaded before import = 0Number of asset objects unloaded after import = 3

========================================================================
Received Import Request.
  Time since last request: 0.000026 seconds.
  path: Assets/Resources/MainMenu/GIF_Background_2/tile122.png
  artifactKey: Guid(35c5ba8d1d0980b44b7538c5fe886365) Importer(815301076,1909f56bfc062723c751e8b465ee728b)
Start importing Assets/Resources/MainMenu/GIF_Background_2/tile122.png using Guid(35c5ba8d1d0980b44b7538c5fe886365) Importer(815301076,1909f56bfc062723c751e8b465ee728b) (PreviewImporter) -> (artifact id: '2b437ea3f68b810697eaf6622102eaeb') in 0.0209247 seconds
Number of updated asset objects reloaded before import = 0Number of asset objects unloaded after import = 3

========================================================================
Received Import Request.
  Time since last request: 0.000021 seconds.
  path: Assets/Resources/MainMenu/GIF_Background_2/tile121.png
  artifactKey: Guid(a0a13259ff728874a87a4ff2e212989b) Importer(815301076,1909f56bfc062723c751e8b465ee728b)
Start importing Assets/Resources/MainMenu/GIF_Background_2/tile121.png using Guid(a0a13259ff728874a87a4ff2e212989b) Importer(815301076,1909f56bfc062723c751e8b465ee728b) (PreviewImporter) -> (artifact id: 'b46a028fe624fd931b5fba4059b6aab4') in 0.0683359 seconds
Number of updated asset objects reloaded before import = 0Number of asset objects unloaded after import = 3

========================================================================
Received Import Request.
  Time since last request: 0.000019 seconds.
  path: Assets/Resources/MainMenu/GIF_Background_2/tile111.png
  artifactKey: Guid(48f62c5784fceb44db162a4149e96778) Importer(815301076,1909f56bfc062723c751e8b465ee728b)
Start importing Assets/Resources/MainMenu/GIF_Background_2/tile111.png using Guid(48f62c5784fceb44db162a4149e96778) Importer(815301076,1909f56bfc062723c751e8b465ee728b) (PreviewImporter) -> (artifact id: 'c6cfe7fc9814544956118261fb853d96') in 0.0232469 seconds
Number of updated asset objects reloaded before import = 0Number of asset objects unloaded after import = 3

========================================================================
Received Import Request.
  Time since last request: 0.000018 seconds.
  path: Assets/Resources/MainMenu/GIF_Background_2/tile137.png
  artifactKey: Guid(f152369867cf3bd46a9cb7c8a2b9f20a) Importer(815301076,1909f56bfc062723c751e8b465ee728b)
Start importing Assets/Resources/MainMenu/GIF_Background_2/tile137.png using Guid(f152369867cf3bd46a9cb7c8a2b9f20a) Importer(815301076,1909f56bfc062723c751e8b465ee728b) (PreviewImporter) -> (artifact id: 'd34a615248b549a0bf1e0fea308f862f') in 0.0200212 seconds
Number of updated asset objects reloaded before import = 0Number of asset objects unloaded after import = 3

========================================================================
Received Import Request.
  Time since last request: 0.000023 seconds.
  path: Assets/Resources/MainMenu/GIF_Background_2/tile133.png
  artifactKey: Guid(68f229a5e0585684195de010d84f7255) Importer(815301076,1909f56bfc062723c751e8b465ee728b)
Start importing Assets/Resources/MainMenu/GIF_Background_2/tile133.png using Guid(68f229a5e0585684195de010d84f7255) Importer(815301076,1909f56bfc062723c751e8b465ee728b) (PreviewImporter) -> (artifact id: '598ff40ceea327cf0cab457b4d98d74d') in 0.0246697 seconds
Number of updated asset objects reloaded before import = 0Number of asset objects unloaded after import = 3

========================================================================
Received Import Request.
  Time since last request: 0.000033 seconds.
  path: Assets/Resources/MainMenu/GIF_Background_2/tile159.png
  artifactKey: Guid(d76dc179837f8a44483f6b510754cdb3) Importer(815301076,1909f56bfc062723c751e8b465ee728b)
Start importing Assets/Resources/MainMenu/GIF_Background_2/tile159.png using Guid(d76dc179837f8a44483f6b510754cdb3) Importer(815301076,1909f56bfc062723c751e8b465ee728b) (PreviewImporter) -> (artifact id: '2a9e6cc162a003fcb9a9d143d2d65380') in 0.0171015 seconds
Number of updated asset objects reloaded before import = 0Number of asset objects unloaded after import = 3

========================================================================
Received Import Request.
  Time since last request: 0.000023 seconds.
  path: Assets/Resources/MainMenu/GIF_Background_2/tile94.png
  artifactKey: Guid(fa0fc7a6751cf9644b460c849f473dab) Importer(815301076,1909f56bfc062723c751e8b465ee728b)
Start importing Assets/Resources/MainMenu/GIF_Background_2/tile94.png using Guid(fa0fc7a6751cf9644b460c849f473dab) Importer(815301076,1909f56bfc062723c751e8b465ee728b) (PreviewImporter) -> (artifact id: '8dc4268e1d8dc573dbf63e0a193cec0b') in 0.0153389 seconds
Number of updated asset objects reloaded before import = 0Number of asset objects unloaded after import = 3

========================================================================
Received Import Request.
  Time since last request: 0.000017 seconds.
  path: Assets/Resources/MainMenu/GIF_Background_2/tile147.png
  artifactKey: Guid(a7da38f4648cd5140a4045b3138a0297) Importer(815301076,1909f56bfc062723c751e8b465ee728b)
Start importing Assets/Resources/MainMenu/GIF_Background_2/tile147.png using Guid(a7da38f4648cd5140a4045b3138a0297) Importer(815301076,1909f56bfc062723c751e8b465ee728b) (PreviewImporter) -> (artifact id: '7c8d969fcb0b1ac3b509092bc6da1085') in 0.0169527 seconds
Number of updated asset objects reloaded before import = 0Number of asset objects unloaded after import = 3

========================================================================
Received Import Request.
  Time since last request: 0.000021 seconds.
  path: Assets/Resources/MainMenu/GIF_Background_2/tile184.png
  artifactKey: Guid(4c2f9dcaf1b572543b7f32c847a2f070) Importer(815301076,1909f56bfc062723c751e8b465ee728b)
Start importing Assets/Resources/MainMenu/GIF_Background_2/tile184.png using Guid(4c2f9dcaf1b572543b7f32c847a2f070) Importer(815301076,1909f56bfc062723c751e8b465ee728b) (PreviewImporter) -> (artifact id: '6632e0fe30e0dcac68dfa8836eeb38b4') in 0.0191703 seconds
Number of updated asset objects reloaded before import = 0Number of asset objects unloaded after import = 3

========================================================================
Received Import Request.
  Time since last request: 0.000020 seconds.
  path: Assets/Resources/MainMenu/GIF_Background_2/tile161.png
  artifactKey: Guid(9955892327b7b8749bd274ecde1a8907) Importer(815301076,1909f56bfc062723c751e8b465ee728b)
Start importing Assets/Resources/MainMenu/GIF_Background_2/tile161.png using Guid(9955892327b7b8749bd274ecde1a8907) Importer(815301076,1909f56bfc062723c751e8b465ee728b) (PreviewImporter) -> (artifact id: '0ce963158462f76f763aee3956a7d5be') in 0.0179927 seconds
Number of updated asset objects reloaded before import = 0Number of asset objects unloaded after import = 3

========================================================================
Received Import Request.
  Time since last request: 0.000025 seconds.
  path: Assets/Resources/MainMenu/GIF_Background_2/tile127.png
  artifactKey: Guid(c38d336a32c7e3c4890e6053680b7730) Importer(815301076,1909f56bfc062723c751e8b465ee728b)
Start importing Assets/Resources/MainMenu/GIF_Background_2/tile127.png using Guid(c38d336a32c7e3c4890e6053680b7730) Importer(815301076,1909f56bfc062723c751e8b465ee728b) (PreviewImporter) -> (artifact id: '4b6f7b8ad009f6a1fb945ebe4b8a6fed') in 0.0165818 seconds
Number of updated asset objects reloaded before import = 0Number of asset objects unloaded after import = 3

========================================================================
Received Import Request.
  Time since last request: 0.000033 seconds.
  path: Assets/Resources/MainMenu/GIF_Background_2/tile198.png
  artifactKey: Guid(a89e96f1c6f865b499fdf20cf9b5fe89) Importer(815301076,1909f56bfc062723c751e8b465ee728b)
Start importing Assets/Resources/MainMenu/GIF_Background_2/tile198.png using Guid(a89e96f1c6f865b499fdf20cf9b5fe89) Importer(815301076,1909f56bfc062723c751e8b465ee728b) (PreviewImporter) -> (artifact id: 'bf5c91c8ba6650b6572b1b84d15c063e') in 0.0195374 seconds
Number of updated asset objects reloaded before import = 0Number of asset objects unloaded after import = 3

========================================================================
Received Import Request.
  Time since last request: 0.000020 seconds.
  path: Assets/Resources/MainMenu/GIF_Background_2/tile204.png
  artifactKey: Guid(17d17e37e43ed6f43b22b9b7cb16a160) Importer(815301076,1909f56bfc062723c751e8b465ee728b)
Start importing Assets/Resources/MainMenu/GIF_Background_2/tile204.png using Guid(17d17e37e43ed6f43b22b9b7cb16a160) Importer(815301076,1909f56bfc062723c751e8b465ee728b) (PreviewImporter) -> (artifact id: 'b355c912af3c3dd0d64f0aa88b7187ee') in 0.0185642 seconds
Number of updated asset objects reloaded before import = 0Number of asset objects unloaded after import = 3

========================================================================
Received Import Request.
  Time since last request: 0.000020 seconds.
  path: Assets/Resources/MainMenu/GIF_Background_2/tile212.png
  artifactKey: Guid(c7f3c728855bdd2488ae813904648e7f) Importer(815301076,1909f56bfc062723c751e8b465ee728b)
Start importing Assets/Resources/MainMenu/GIF_Background_2/tile212.png using Guid(c7f3c728855bdd2488ae813904648e7f) Importer(815301076,1909f56bfc062723c751e8b465ee728b) (PreviewImporter) -> (artifact id: '1ff6ffae8a71b160efd345fd310eb34f') in 0.0164688 seconds
Number of updated asset objects reloaded before import = 0Number of asset objects unloaded after import = 3

========================================================================
Received Import Request.
  Time since last request: 0.000022 seconds.
  path: Assets/Resources/MainMenu/GIF_Background_2/tile203.png
  artifactKey: Guid(fd715c3359c0a6d4abbf41bef72d3e58) Importer(815301076,1909f56bfc062723c751e8b465ee728b)
Start importing Assets/Resources/MainMenu/GIF_Background_2/tile203.png using Guid(fd715c3359c0a6d4abbf41bef72d3e58) Importer(815301076,1909f56bfc062723c751e8b465ee728b) (PreviewImporter) -> (artifact id: 'ab97a19ef63bc18c2f753cdb1584ecb6') in 0.0174566 seconds
Number of updated asset objects reloaded before import = 0Number of asset objects unloaded after import = 3

========================================================================
Received Import Request.
  Time since last request: 0.000019 seconds.
  path: Assets/Resources/MainMenu/GIF_Background_2/tile216.png
  artifactKey: Guid(e0d5fae55cc6a8d44acb550da2efa07b) Importer(815301076,1909f56bfc062723c751e8b465ee728b)
Start importing Assets/Resources/MainMenu/GIF_Background_2/tile216.png using Guid(e0d5fae55cc6a8d44acb550da2efa07b) Importer(815301076,1909f56bfc062723c751e8b465ee728b) (PreviewImporter) -> (artifact id: '54bac0f6b883c1fbb36733efe597bd23') in 0.0183622 seconds
Number of updated asset objects reloaded before import = 0Number of asset objects unloaded after import = 3

========================================================================
Received Import Request.
  Time since last request: 0.000025 seconds.
  path: Assets/Resources/MainMenu/GIF_Background_2/tile208.png
  artifactKey: Guid(cb293e5ecbdb7d646b3c1b182ee05834) Importer(815301076,1909f56bfc062723c751e8b465ee728b)
Start importing Assets/Resources/MainMenu/GIF_Background_2/tile208.png using Guid(cb293e5ecbdb7d646b3c1b182ee05834) Importer(815301076,1909f56bfc062723c751e8b465ee728b) (PreviewImporter) -> (artifact id: '5552d1bc3cb11619e34aaa14dd22f8fa') in 0.020014 seconds
Number of updated asset objects reloaded before import = 0Number of asset objects unloaded after import = 3

========================================================================
Received Import Request.
  Time since last request: 0.000029 seconds.
  path: Assets/Resources/MainMenu/GIF_Background_2/tile154.png
  artifactKey: Guid(8e12dd07e12ae0c42ac864204963cf84) Importer(815301076,1909f56bfc062723c751e8b465ee728b)
Start importing Assets/Resources/MainMenu/GIF_Background_2/tile154.png using Guid(8e12dd07e12ae0c42ac864204963cf84) Importer(815301076,1909f56bfc062723c751e8b465ee728b) (PreviewImporter) -> (artifact id: '91c68f918432d0bb84faf6e63ed8cc8d') in 0.0200927 seconds
Number of updated asset objects reloaded before import = 0Number of asset objects unloaded after import = 3

========================================================================
Received Import Request.
  Time since last request: 0.000066 seconds.
  path: Assets/Resources/MainMenu/GIF_Background_2/tile171.png
  artifactKey: Guid(c9b5da1c571c3f34cae6d5f9da642c01) Importer(815301076,1909f56bfc062723c751e8b465ee728b)
Start importing Assets/Resources/MainMenu/GIF_Background_2/tile171.png using Guid(c9b5da1c571c3f34cae6d5f9da642c01) Importer(815301076,1909f56bfc062723c751e8b465ee728b) (PreviewImporter) -> (artifact id: '69609c2adafd619c03f8d82d6993dc1d') in 0.0211562 seconds
Number of updated asset objects reloaded before import = 0Number of asset objects unloaded after import = 3

========================================================================
Received Import Request.
  Time since last request: 0.000018 seconds.
  path: Assets/Resources/MainMenu/GIF_Background_2/tile180.png
  artifactKey: Guid(68609cea8a897994d9270b30b6251aeb) Importer(815301076,1909f56bfc062723c751e8b465ee728b)
Start importing Assets/Resources/MainMenu/GIF_Background_2/tile180.png using Guid(68609cea8a897994d9270b30b6251aeb) Importer(815301076,1909f56bfc062723c751e8b465ee728b) (PreviewImporter) -> (artifact id: '9e6e25e04d5964959bfb5d48912f5730') in 0.0202153 seconds
Number of updated asset objects reloaded before import = 0Number of asset objects unloaded after import = 3

========================================================================
Received Import Request.
  Time since last request: 0.000020 seconds.
  path: Assets/Resources/MainMenu/GIF_Background_2/tile117.png
  artifactKey: Guid(1269ed3bd47f4be4b8597811e187eac5) Importer(815301076,1909f56bfc062723c751e8b465ee728b)
Start importing Assets/Resources/MainMenu/GIF_Background_2/tile117.png using Guid(1269ed3bd47f4be4b8597811e187eac5) Importer(815301076,1909f56bfc062723c751e8b465ee728b) (PreviewImporter) -> (artifact id: '37f5a4af38ecbfab16d0ad7ff5a7d0c6') in 0.0238621 seconds
Number of updated asset objects reloaded before import = 0Number of asset objects unloaded after import = 3

========================================================================
Received Import Request.
  Time since last request: 0.000024 seconds.
  path: Assets/Resources/MainMenu/GIF_Background_2/tile152.png
  artifactKey: Guid(ccc42ace9861a484fbf1cc576da5373e) Importer(815301076,1909f56bfc062723c751e8b465ee728b)
Start importing Assets/Resources/MainMenu/GIF_Background_2/tile152.png using Guid(ccc42ace9861a484fbf1cc576da5373e) Importer(815301076,1909f56bfc062723c751e8b465ee728b) (PreviewImporter) -> (artifact id: '2d27cf48ed10f0df42433d3ba410e22f') in 0.0217609 seconds
Number of updated asset objects reloaded before import = 0Number of asset objects unloaded after import = 3

========================================================================
Received Import Request.
  Time since last request: 0.000027 seconds.
  path: Assets/Resources/MainMenu/GIF_Background_2/tile172.png
  artifactKey: Guid(34e683946af704d4da8784ab0fa93c30) Importer(815301076,1909f56bfc062723c751e8b465ee728b)
Start importing Assets/Resources/MainMenu/GIF_Background_2/tile172.png using Guid(34e683946af704d4da8784ab0fa93c30) Importer(815301076,1909f56bfc062723c751e8b465ee728b) (PreviewImporter) -> (artifact id: '0a524f937fdf45006a9df8d2a74a0206') in 0.0209687 seconds
Number of updated asset objects reloaded before import = 0Number of asset objects unloaded after import = 3

========================================================================
Received Import Request.
  Time since last request: 0.000019 seconds.
  path: Assets/Resources/MainMenu/GIF_Background_2/tile118.png
  artifactKey: Guid(0eb2ccaefa0203f44978947ec87900a1) Importer(815301076,1909f56bfc062723c751e8b465ee728b)
Start importing Assets/Resources/MainMenu/GIF_Background_2/tile118.png using Guid(0eb2ccaefa0203f44978947ec87900a1) Importer(815301076,1909f56bfc062723c751e8b465ee728b) (PreviewImporter) -> (artifact id: '85b9611b7ede43738b1c8eeda4f4e659') in 0.0242037 seconds
Number of updated asset objects reloaded before import = 0Number of asset objects unloaded after import = 3

========================================================================
Received Import Request.
  Time since last request: 0.000018 seconds.
  path: Assets/Resources/MainMenu/GIF_Background_2/tile196.png
  artifactKey: Guid(383b3c43156aaf54c96f611dfc504d19) Importer(815301076,1909f56bfc062723c751e8b465ee728b)
Start importing Assets/Resources/MainMenu/GIF_Background_2/tile196.png using Guid(383b3c43156aaf54c96f611dfc504d19) Importer(815301076,1909f56bfc062723c751e8b465ee728b) (PreviewImporter) -> (artifact id: 'ac532299bc144729fa60c5122ee15b52') in 0.0196985 seconds
Number of updated asset objects reloaded before import = 0Number of asset objects unloaded after import = 3

========================================================================
Received Import Request.
  Time since last request: 0.000023 seconds.
  path: Assets/Resources/MainMenu/GIF_Background_2/tile99.png
  artifactKey: Guid(1fc7ff08588a09640bddfc9acfe803ff) Importer(815301076,1909f56bfc062723c751e8b465ee728b)
Start importing Assets/Resources/MainMenu/GIF_Background_2/tile99.png using Guid(1fc7ff08588a09640bddfc9acfe803ff) Importer(815301076,1909f56bfc062723c751e8b465ee728b) (PreviewImporter) -> (artifact id: '83cb89e2fa93cce77420490ad8759420') in 0.0172356 seconds
Number of updated asset objects reloaded before import = 0Number of asset objects unloaded after import = 3

========================================================================
Received Import Request.
  Time since last request: 0.000020 seconds.
  path: Assets/Resources/MainMenu/GIF_Background_2/tile136.png
  artifactKey: Guid(01cc5ce81b298744ab3034c3f5210dde) Importer(815301076,1909f56bfc062723c751e8b465ee728b)
Start importing Assets/Resources/MainMenu/GIF_Background_2/tile136.png using Guid(01cc5ce81b298744ab3034c3f5210dde) Importer(815301076,1909f56bfc062723c751e8b465ee728b) (PreviewImporter) -> (artifact id: 'a3e69b363c23f16f04a2d725ebfe71d1') in 0.0197174 seconds
Number of updated asset objects reloaded before import = 0Number of asset objects unloaded after import = 3

========================================================================
Received Import Request.
  Time since last request: 0.000029 seconds.
  path: Assets/Resources/MainMenu/GIF_Background_2/tile238.png
  artifactKey: Guid(e6e77eb2154c521469aee9569c08d6d3) Importer(815301076,1909f56bfc062723c751e8b465ee728b)
Start importing Assets/Resources/MainMenu/GIF_Background_2/tile238.png using Guid(e6e77eb2154c521469aee9569c08d6d3) Importer(815301076,1909f56bfc062723c751e8b465ee728b) (PreviewImporter) -> (artifact id: '55fb3b1255dc74bb6013e807d1ad97a8') in 0.0192612 seconds
Number of updated asset objects reloaded before import = 0Number of asset objects unloaded after import = 3

========================================================================
Received Import Request.
  Time since last request: 0.000016 seconds.
  path: Assets/Resources/MainMenu/GIF_Background_2/tile170.png
  artifactKey: Guid(3beb35f2cf2b62543a549bae89e5ca56) Importer(815301076,1909f56bfc062723c751e8b465ee728b)
Start importing Assets/Resources/MainMenu/GIF_Background_2/tile170.png using Guid(3beb35f2cf2b62543a549bae89e5ca56) Importer(815301076,1909f56bfc062723c751e8b465ee728b) (PreviewImporter) -> (artifact id: 'dd340e3dc419f60f0ece29980a66a46c') in 0.0182372 seconds
Number of updated asset objects reloaded before import = 0Number of asset objects unloaded after import = 3

========================================================================
Received Import Request.
  Time since last request: 0.000017 seconds.
  path: Assets/Resources/MainMenu/GIF_Background_2/tile100.png
  artifactKey: Guid(3d04174e907644d4ba8a0a480312f2a0) Importer(815301076,1909f56bfc062723c751e8b465ee728b)
Start importing Assets/Resources/MainMenu/GIF_Background_2/tile100.png using Guid(3d04174e907644d4ba8a0a480312f2a0) Importer(815301076,1909f56bfc062723c751e8b465ee728b) (PreviewImporter) -> (artifact id: '8be6ee477e4fd4ed0e6762741b97c0ca') in 0.0199833 seconds
Number of updated asset objects reloaded before import = 0Number of asset objects unloaded after import = 3

========================================================================
Received Import Request.
  Time since last request: 0.000021 seconds.
  path: Assets/Resources/MainMenu/GIF_Background_2/tile200.png
  artifactKey: Guid(730bfcd0aec4d2b4f9849db39a284944) Importer(815301076,1909f56bfc062723c751e8b465ee728b)
Start importing Assets/Resources/MainMenu/GIF_Background_2/tile200.png using Guid(730bfcd0aec4d2b4f9849db39a284944) Importer(815301076,1909f56bfc062723c751e8b465ee728b) (PreviewImporter) -> (artifact id: 'e8a35cc2b9df3931d688ffe161719567') in 0.0184637 seconds
Number of updated asset objects reloaded before import = 0Number of asset objects unloaded after import = 3

========================================================================
Received Import Request.
  Time since last request: 0.000022 seconds.
  path: Assets/Resources/MainMenu/GIF_Background_2/tile187.png
  artifactKey: Guid(f18546072efffe44bbe3f781398477c6) Importer(815301076,1909f56bfc062723c751e8b465ee728b)
Start importing Assets/Resources/MainMenu/GIF_Background_2/tile187.png using Guid(f18546072efffe44bbe3f781398477c6) Importer(815301076,1909f56bfc062723c751e8b465ee728b) (PreviewImporter) -> (artifact id: '6a87d4641c7958a16f2a5dd982302222') in 0.0205412 seconds
Number of updated asset objects reloaded before import = 0Number of asset objects unloaded after import = 3

========================================================================
Received Import Request.
  Time since last request: 0.000017 seconds.
  path: Assets/Resources/MainMenu/GIF_Background_2/tile105.png
  artifactKey: Guid(15ba5f654319b054e8fefa452e96543a) Importer(815301076,1909f56bfc062723c751e8b465ee728b)
Start importing Assets/Resources/MainMenu/GIF_Background_2/tile105.png using Guid(15ba5f654319b054e8fefa452e96543a) Importer(815301076,1909f56bfc062723c751e8b465ee728b) (PreviewImporter) -> (artifact id: 'a513b8745fde8a3d725cf8c96b60635f') in 0.019302 seconds
Number of updated asset objects reloaded before import = 0Number of asset objects unloaded after import = 3

========================================================================
Received Import Request.
  Time since last request: 0.000022 seconds.
  path: Assets/Resources/MainMenu/GIF_Background_2/tile209.png
  artifactKey: Guid(04d60466ccf75bb46a8b5e3fd1ee9f86) Importer(815301076,1909f56bfc062723c751e8b465ee728b)
Start importing Assets/Resources/MainMenu/GIF_Background_2/tile209.png using Guid(04d60466ccf75bb46a8b5e3fd1ee9f86) Importer(815301076,1909f56bfc062723c751e8b465ee728b) (PreviewImporter) -> (artifact id: '6e4fc7cef792a1d2c5ea0f78a4cdaf73') in 0.0204658 seconds
Number of updated asset objects reloaded before import = 0Number of asset objects unloaded after import = 3

========================================================================
Received Import Request.
  Time since last request: 0.000017 seconds.
  path: Assets/Resources/MainMenu/GIF_Background_2/tile167.png
  artifactKey: Guid(5e357eb369d9989459401e488fb80f21) Importer(815301076,1909f56bfc062723c751e8b465ee728b)
Start importing Assets/Resources/MainMenu/GIF_Background_2/tile167.png using Guid(5e357eb369d9989459401e488fb80f21) Importer(815301076,1909f56bfc062723c751e8b465ee728b) (PreviewImporter) -> (artifact id: 'bfa43acf5143783c7ac937dd88d6e319') in 0.0189166 seconds
Number of updated asset objects reloaded before import = 0Number of asset objects unloaded after import = 3

========================================================================
Received Import Request.
  Time since last request: 0.000023 seconds.
  path: Assets/Resources/MainMenu/GIF_Background_2/tile119.png
  artifactKey: Guid(a71f9e4dd63b6fa41ae9127b4fe0c7b1) Importer(815301076,1909f56bfc062723c751e8b465ee728b)
Start importing Assets/Resources/MainMenu/GIF_Background_2/tile119.png using Guid(a71f9e4dd63b6fa41ae9127b4fe0c7b1) Importer(815301076,1909f56bfc062723c751e8b465ee728b) (PreviewImporter) -> (artifact id: 'da9539641206c1677f9a6da0ad57f44c') in 0.0198641 seconds
Number of updated asset objects reloaded before import = 0Number of asset objects unloaded after import = 3

========================================================================
Received Import Request.
  Time since last request: 0.000022 seconds.
  path: Assets/Resources/MainMenu/GIF_Background_2/tile92.png
  artifactKey: Guid(18f45fa6fad64f54aa67b7b7654e1d7b) Importer(815301076,1909f56bfc062723c751e8b465ee728b)
Start importing Assets/Resources/MainMenu/GIF_Background_2/tile92.png using Guid(18f45fa6fad64f54aa67b7b7654e1d7b) Importer(815301076,1909f56bfc062723c751e8b465ee728b) (PreviewImporter) -> (artifact id: '259db97a4638950f40833589c1005b72') in 0.0165083 seconds
Number of updated asset objects reloaded before import = 0Number of asset objects unloaded after import = 3

========================================================================
Received Import Request.
  Time since last request: 0.000020 seconds.
  path: Assets/Resources/MainMenu/GIF_Background_2/tile91.png
  artifactKey: Guid(41c566745d9331e418b9f1be33951599) Importer(815301076,1909f56bfc062723c751e8b465ee728b)
Start importing Assets/Resources/MainMenu/GIF_Background_2/tile91.png using Guid(41c566745d9331e418b9f1be33951599) Importer(815301076,1909f56bfc062723c751e8b465ee728b) (PreviewImporter) -> (artifact id: '807d45a408ce05b8d8bdf2f87b3bc38f') in 0.0182113 seconds
Number of updated asset objects reloaded before import = 0Number of asset objects unloaded after import = 3

========================================================================
Received Import Request.
  Time since last request: 0.000023 seconds.
  path: Assets/Resources/MainMenu/GIF_Background_2/tile88.png
  artifactKey: Guid(939d593597b032d4a801aadf2ae82d2c) Importer(815301076,1909f56bfc062723c751e8b465ee728b)
Start importing Assets/Resources/MainMenu/GIF_Background_2/tile88.png using Guid(939d593597b032d4a801aadf2ae82d2c) Importer(815301076,1909f56bfc062723c751e8b465ee728b) (PreviewImporter) -> (artifact id: '0e67f8518672242682438df6edbafb59') in 0.0179066 seconds
Number of updated asset objects reloaded before import = 0Number of asset objects unloaded after import = 3

========================================================================
Received Import Request.
  Time since last request: 0.000044 seconds.
  path: Assets/Resources/MainMenu/GIF_Background_2/tile177.png
  artifactKey: Guid(0310117352195f64586e867357f60f66) Importer(815301076,1909f56bfc062723c751e8b465ee728b)
Start importing Assets/Resources/MainMenu/GIF_Background_2/tile177.png using Guid(0310117352195f64586e867357f60f66) Importer(815301076,1909f56bfc062723c751e8b465ee728b) (PreviewImporter) -> (artifact id: '74407309336786b33663e08c9f23f206') in 0.0216591 seconds
Number of updated asset objects reloaded before import = 0Number of asset objects unloaded after import = 3

========================================================================
Received Import Request.
  Time since last request: 0.000015 seconds.
  path: Assets/Resources/MainMenu/GIF_Background_2/tile156.png
  artifactKey: Guid(2f0ee369a5ee91647afab6cef634981e) Importer(815301076,1909f56bfc062723c751e8b465ee728b)
Start importing Assets/Resources/MainMenu/GIF_Background_2/tile156.png using Guid(2f0ee369a5ee91647afab6cef634981e) Importer(815301076,1909f56bfc062723c751e8b465ee728b) (PreviewImporter) -> (artifact id: 'c78b306540ce70992b39b4d7a232059c') in 0.0193971 seconds
Number of updated asset objects reloaded before import = 0Number of asset objects unloaded after import = 3

========================================================================
Received Import Request.
  Time since last request: 0.000016 seconds.
  path: Assets/Resources/MainMenu/GIF_Background_2/tile188.png
  artifactKey: Guid(336ed1869cacf844cb26beb5b0205a16) Importer(815301076,1909f56bfc062723c751e8b465ee728b)
Start importing Assets/Resources/MainMenu/GIF_Background_2/tile188.png using Guid(336ed1869cacf844cb26beb5b0205a16) Importer(815301076,1909f56bfc062723c751e8b465ee728b) (PreviewImporter) -> (artifact id: '91433788fe0a384a19206612b2719876') in 0.0206281 seconds
Number of updated asset objects reloaded before import = 0Number of asset objects unloaded after import = 3

========================================================================
Received Import Request.
  Time since last request: 0.000017 seconds.
  path: Assets/Resources/MainMenu/GIF_Background_2/tile89.png
  artifactKey: Guid(b40a7f0beee32494989ace4fe5909150) Importer(815301076,1909f56bfc062723c751e8b465ee728b)
Start importing Assets/Resources/MainMenu/GIF_Background_2/tile89.png using Guid(b40a7f0beee32494989ace4fe5909150) Importer(815301076,1909f56bfc062723c751e8b465ee728b) (PreviewImporter) -> (artifact id: '22b4bb48257ca3d76566c66d47398304') in 0.0163465 seconds
Number of updated asset objects reloaded before import = 0Number of asset objects unloaded after import = 3

========================================================================
Received Import Request.
  Time since last request: 0.000024 seconds.
  path: Assets/Resources/MainMenu/GIF_Background_2/tile157.png
  artifactKey: Guid(ae155e41fd066c3499d2621909065d16) Importer(815301076,1909f56bfc062723c751e8b465ee728b)
Start importing Assets/Resources/MainMenu/GIF_Background_2/tile157.png using Guid(ae155e41fd066c3499d2621909065d16) Importer(815301076,1909f56bfc062723c751e8b465ee728b) (PreviewImporter) -> (artifact id: '53402c4b8a476bf563d1317267365893') in 0.0240976 seconds
Number of updated asset objects reloaded before import = 0Number of asset objects unloaded after import = 3

========================================================================
Received Import Request.
  Time since last request: 0.000022 seconds.
  path: Assets/Resources/MainMenu/GIF_Background_2/tile150.png
  artifactKey: Guid(658def63b4d0d0744bd807cec072ee72) Importer(815301076,1909f56bfc062723c751e8b465ee728b)
Start importing Assets/Resources/MainMenu/GIF_Background_2/tile150.png using Guid(658def63b4d0d0744bd807cec072ee72) Importer(815301076,1909f56bfc062723c751e8b465ee728b) (PreviewImporter) -> (artifact id: '2a5a3942dbab253d90aeb676c2229327') in 0.0210885 seconds
Number of updated asset objects reloaded before import = 0Number of asset objects unloaded after import = 3

========================================================================
Received Import Request.
  Time since last request: 0.000031 seconds.
  path: Assets/Resources/MainMenu/GIF_Background_2/tile195.png
  artifactKey: Guid(9fd3e096c00c8d244abb2dbab67382ad) Importer(815301076,1909f56bfc062723c751e8b465ee728b)
Start importing Assets/Resources/MainMenu/GIF_Background_2/tile195.png using Guid(9fd3e096c00c8d244abb2dbab67382ad) Importer(815301076,1909f56bfc062723c751e8b465ee728b) (PreviewImporter) -> (artifact id: '4a185b868a6c3d9e73c86961ee9bee9c') in 0.0242937 seconds
Number of updated asset objects reloaded before import = 0Number of asset objects unloaded after import = 3

========================================================================
Received Import Request.
  Time since last request: 0.000018 seconds.
  path: Assets/Resources/MainMenu/GIF_Background_2/tile240.png
  artifactKey: Guid(9f54df156599e90499f5253da63ff757) Importer(815301076,1909f56bfc062723c751e8b465ee728b)
Start importing Assets/Resources/MainMenu/GIF_Background_2/tile240.png using Guid(9f54df156599e90499f5253da63ff757) Importer(815301076,1909f56bfc062723c751e8b465ee728b) (PreviewImporter) -> (artifact id: '64632a6d81c6a9019a9a188c96ba63a0') in 0.0213472 seconds
Number of updated asset objects reloaded before import = 0Number of asset objects unloaded after import = 3

========================================================================
Received Import Request.
  Time since last request: 0.000019 seconds.
  path: Assets/Resources/MainMenu/GIF_Background_2/tile241.png
  artifactKey: Guid(eae9e7833b736784ca589aaed79d9e90) Importer(815301076,1909f56bfc062723c751e8b465ee728b)
Start importing Assets/Resources/MainMenu/GIF_Background_2/tile241.png using Guid(eae9e7833b736784ca589aaed79d9e90) Importer(815301076,1909f56bfc062723c751e8b465ee728b) (PreviewImporter) -> (artifact id: 'c6373023bf81d59d0b1b698bc13783a5') in 0.0213704 seconds
Number of updated asset objects reloaded before import = 0Number of asset objects unloaded after import = 3

========================================================================
Received Import Request.
  Time since last request: 0.000017 seconds.
  path: Assets/Resources/MainMenu/GIF_Background_2/tile192.png
  artifactKey: Guid(2e469038c3d9f344588c0ba8843642d0) Importer(815301076,1909f56bfc062723c751e8b465ee728b)
Start importing Assets/Resources/MainMenu/GIF_Background_2/tile192.png using Guid(2e469038c3d9f344588c0ba8843642d0) Importer(815301076,1909f56bfc062723c751e8b465ee728b) (PreviewImporter) -> (artifact id: '01c035c44da53ddf1a9c0f886ed1e220') in 0.0204404 seconds
Number of updated asset objects reloaded before import = 0Number of asset objects unloaded after import = 3

========================================================================
Received Import Request.
  Time since last request: 0.000022 seconds.
  path: Assets/Resources/MainMenu/GIF_Background_2/tile220.png
  artifactKey: Guid(f30c8bcc2ec45554eb795205e0bcdedf) Importer(815301076,1909f56bfc062723c751e8b465ee728b)
Start importing Assets/Resources/MainMenu/GIF_Background_2/tile220.png using Guid(f30c8bcc2ec45554eb795205e0bcdedf) Importer(815301076,1909f56bfc062723c751e8b465ee728b) (PreviewImporter) -> (artifact id: '752ebef85f06957a72ed1c4f2d2212e1') in 0.0250594 seconds
Number of updated asset objects reloaded before import = 0Number of asset objects unloaded after import = 3

========================================================================
Received Import Request.
  Time since last request: 0.000030 seconds.
  path: Assets/Resources/MainMenu/GIF_Background_2/tile205.png
  artifactKey: Guid(63b0a171c255e664fb5652f73fe2523f) Importer(815301076,1909f56bfc062723c751e8b465ee728b)
Start importing Assets/Resources/MainMenu/GIF_Background_2/tile205.png using Guid(63b0a171c255e664fb5652f73fe2523f) Importer(815301076,1909f56bfc062723c751e8b465ee728b) (PreviewImporter) -> (artifact id: '7c8cc0c1e9cf3346fe8fa5aacbe68251') in 0.0272942 seconds
Number of updated asset objects reloaded before import = 0Number of asset objects unloaded after import = 3

========================================================================
Received Import Request.
  Time since last request: 0.000029 seconds.
  path: Assets/Resources/MainMenu/GIF_Background_2/tile223.png
  artifactKey: Guid(f890087ec46543745944c5be43eeda3b) Importer(815301076,1909f56bfc062723c751e8b465ee728b)
Start importing Assets/Resources/MainMenu/GIF_Background_2/tile223.png using Guid(f890087ec46543745944c5be43eeda3b) Importer(815301076,1909f56bfc062723c751e8b465ee728b) (PreviewImporter) -> (artifact id: '23b535f46c5d9d8bef3d5afc07edaeec') in 0.0184202 seconds
Number of updated asset objects reloaded before import = 0Number of asset objects unloaded after import = 3

========================================================================
Received Import Request.
  Time since last request: 0.000017 seconds.
  path: Assets/Resources/MainMenu/GIF_Background_2/tile225.png
  artifactKey: Guid(3e1b031c022cb5541a097d8fa94f806a) Importer(815301076,1909f56bfc062723c751e8b465ee728b)
Start importing Assets/Resources/MainMenu/GIF_Background_2/tile225.png using Guid(3e1b031c022cb5541a097d8fa94f806a) Importer(815301076,1909f56bfc062723c751e8b465ee728b) (PreviewImporter) -> (artifact id: '828570e294cebef28cfd6a7b5075e6c7') in 0.0211732 seconds
Number of updated asset objects reloaded before import = 0Number of asset objects unloaded after import = 3

========================================================================
Received Import Request.
  Time since last request: 0.000016 seconds.
  path: Assets/Resources/MainMenu/GIF_Background_2/tile146.png
  artifactKey: Guid(c9cf818f3679b944c9d4cb2ed9902623) Importer(815301076,1909f56bfc062723c751e8b465ee728b)
Start importing Assets/Resources/MainMenu/GIF_Background_2/tile146.png using Guid(c9cf818f3679b944c9d4cb2ed9902623) Importer(815301076,1909f56bfc062723c751e8b465ee728b) (PreviewImporter) -> (artifact id: 'c60c74a038a3044ef74bde509e115b85') in 0.0225633 seconds
Number of updated asset objects reloaded before import = 0Number of asset objects unloaded after import = 3

========================================================================
Received Import Request.
  Time since last request: 0.000025 seconds.
  path: Assets/Resources/MainMenu/GIF_Background_2/tile228.png
  artifactKey: Guid(0ae7b56134f6ce9429b83fa578bcd1ea) Importer(815301076,1909f56bfc062723c751e8b465ee728b)
Start importing Assets/Resources/MainMenu/GIF_Background_2/tile228.png using Guid(0ae7b56134f6ce9429b83fa578bcd1ea) Importer(815301076,1909f56bfc062723c751e8b465ee728b) (PreviewImporter) -> (artifact id: '67b513f20ff3484444f473237f7950d1') in 0.0202774 seconds
Number of updated asset objects reloaded before import = 0Number of asset objects unloaded after import = 3

========================================================================
Received Import Request.
  Time since last request: 0.000025 seconds.
  path: Assets/Resources/MainMenu/GIF_Background_2/tile182.png
  artifactKey: Guid(ef74730cc03f2f14e9186a35bcf02a06) Importer(815301076,1909f56bfc062723c751e8b465ee728b)
Start importing Assets/Resources/MainMenu/GIF_Background_2/tile182.png using Guid(ef74730cc03f2f14e9186a35bcf02a06) Importer(815301076,1909f56bfc062723c751e8b465ee728b) (PreviewImporter) -> (artifact id: '33c4f0d723812752d4ed9e3b120e7c95') in 0.0195472 seconds
Number of updated asset objects reloaded before import = 0Number of asset objects unloaded after import = 3

========================================================================
Received Import Request.
  Time since last request: 0.000015 seconds.
  path: Assets/Resources/MainMenu/GIF_Background_2/tile186.png
  artifactKey: Guid(c09680b7351bba6498006724a88ea9e9) Importer(815301076,1909f56bfc062723c751e8b465ee728b)
Start importing Assets/Resources/MainMenu/GIF_Background_2/tile186.png using Guid(c09680b7351bba6498006724a88ea9e9) Importer(815301076,1909f56bfc062723c751e8b465ee728b) (PreviewImporter) -> (artifact id: '9048f93072427482ecfce8fcb0379d11') in 0.0209717 seconds
Number of updated asset objects reloaded before import = 0Number of asset objects unloaded after import = 3

========================================================================
Received Import Request.
  Time since last request: 0.000017 seconds.
  path: Assets/Resources/MainMenu/GIF_Background_2/tile190.png
  artifactKey: Guid(43e5cd96fb6d478489d88ba4d44405b1) Importer(815301076,1909f56bfc062723c751e8b465ee728b)
Start importing Assets/Resources/MainMenu/GIF_Background_2/tile190.png using Guid(43e5cd96fb6d478489d88ba4d44405b1) Importer(815301076,1909f56bfc062723c751e8b465ee728b) (PreviewImporter) -> (artifact id: '04a62282aca8c2b8354d7e109217b673') in 0.0212664 seconds
Number of updated asset objects reloaded before import = 0Number of asset objects unloaded after import = 3

========================================================================
Received Import Request.
  Time since last request: 0.000017 seconds.
  path: Assets/Resources/MainMenu/GIF_Background_2/tile189.png
  artifactKey: Guid(b2f9574832ac5ce4483e60e63029dbe9) Importer(815301076,1909f56bfc062723c751e8b465ee728b)
Start importing Assets/Resources/MainMenu/GIF_Background_2/tile189.png using Guid(b2f9574832ac5ce4483e60e63029dbe9) Importer(815301076,1909f56bfc062723c751e8b465ee728b) (PreviewImporter) -> (artifact id: '273c0fd42c4139bf457960fb3a21597e') in 0.0255941 seconds
Number of updated asset objects reloaded before import = 0Number of asset objects unloaded after import = 3

========================================================================
Received Import Request.
  Time since last request: 0.000020 seconds.
  path: Assets/Resources/MainMenu/GIF_Background_2/tile233.png
  artifactKey: Guid(00f293d96b14cac4f8fcfc4f0b0582d9) Importer(815301076,1909f56bfc062723c751e8b465ee728b)
Start importing Assets/Resources/MainMenu/GIF_Background_2/tile233.png using Guid(00f293d96b14cac4f8fcfc4f0b0582d9) Importer(815301076,1909f56bfc062723c751e8b465ee728b) (PreviewImporter) -> (artifact id: '9245252494122717858b77fb663b7857') in 0.0211627 seconds
Number of updated asset objects reloaded before import = 0Number of asset objects unloaded after import = 3

========================================================================
Received Import Request.
  Time since last request: 0.000036 seconds.
  path: Assets/Resources/MainMenu/GIF_Background_2/tile144.png
  artifactKey: Guid(bd901cc67aa7b514dbb671fd6f9fef38) Importer(815301076,1909f56bfc062723c751e8b465ee728b)
Start importing Assets/Resources/MainMenu/GIF_Background_2/tile144.png using Guid(bd901cc67aa7b514dbb671fd6f9fef38) Importer(815301076,1909f56bfc062723c751e8b465ee728b) (PreviewImporter) -> (artifact id: '3415a7769075bea39e67ac572f877d46') in 0.0219264 seconds
Number of updated asset objects reloaded before import = 0Number of asset objects unloaded after import = 3

========================================================================
Received Import Request.
  Time since last request: 0.000017 seconds.
  path: Assets/Resources/MainMenu/GIF_Background_2/tile115.png
  artifactKey: Guid(39f426714020f864c83c99d71b24e058) Importer(815301076,1909f56bfc062723c751e8b465ee728b)
Start importing Assets/Resources/MainMenu/GIF_Background_2/tile115.png using Guid(39f426714020f864c83c99d71b24e058) Importer(815301076,1909f56bfc062723c751e8b465ee728b) (PreviewImporter) -> (artifact id: 'bb653978279fceb6ed470dbe2cec024d') in 0.0209587 seconds
Number of updated asset objects reloaded before import = 0Number of asset objects unloaded after import = 3

========================================================================
Received Import Request.
  Time since last request: 0.000017 seconds.
  path: Assets/Resources/MainMenu/GIF_Background_2/tile224.png
  artifactKey: Guid(842b397fbb9c50346945d5d63481e278) Importer(815301076,1909f56bfc062723c751e8b465ee728b)
Start importing Assets/Resources/MainMenu/GIF_Background_2/tile224.png using Guid(842b397fbb9c50346945d5d63481e278) Importer(815301076,1909f56bfc062723c751e8b465ee728b) (PreviewImporter) -> (artifact id: 'af6cbfc81c33e2b2daa23a784f38fbd5') in 0.0203454 seconds
Number of updated asset objects reloaded before import = 0Number of asset objects unloaded after import = 3

========================================================================
Received Import Request.
  Time since last request: 0.000018 seconds.
  path: Assets/Resources/MainMenu/GIF_Background_2/tile173.png
  artifactKey: Guid(343510fc55ecb5d4ba026d5f91193aec) Importer(815301076,1909f56bfc062723c751e8b465ee728b)
Start importing Assets/Resources/MainMenu/GIF_Background_2/tile173.png using Guid(343510fc55ecb5d4ba026d5f91193aec) Importer(815301076,1909f56bfc062723c751e8b465ee728b) (PreviewImporter) -> (artifact id: 'd2db7b52d2123f1ada20e2d89ed6f9d1') in 0.0241973 seconds
Number of updated asset objects reloaded before import = 0Number of asset objects unloaded after import = 3

========================================================================
Received Import Request.
  Time since last request: 0.000023 seconds.
  path: Assets/Resources/MainMenu/GIF_Background_2/tile165.png
  artifactKey: Guid(3c1fab3547861014a95de8fbc4e5fdf3) Importer(815301076,1909f56bfc062723c751e8b465ee728b)
Start importing Assets/Resources/MainMenu/GIF_Background_2/tile165.png using Guid(3c1fab3547861014a95de8fbc4e5fdf3) Importer(815301076,1909f56bfc062723c751e8b465ee728b) (PreviewImporter) -> (artifact id: '297d3051958a20931c77521993b3ab46') in 0.01963 seconds
Number of updated asset objects reloaded before import = 0Number of asset objects unloaded after import = 3

========================================================================
Received Import Request.
  Time since last request: 0.000022 seconds.
  path: Assets/Resources/MainMenu/GIF_Background_2/tile110.png
  artifactKey: Guid(fd074e7162467dc4f9f073a3f6dcd360) Importer(815301076,1909f56bfc062723c751e8b465ee728b)
Start importing Assets/Resources/MainMenu/GIF_Background_2/tile110.png using Guid(fd074e7162467dc4f9f073a3f6dcd360) Importer(815301076,1909f56bfc062723c751e8b465ee728b) (PreviewImporter) -> (artifact id: '0530615e0691a18df59c5dcb86e1fcf6') in 0.0214402 seconds
Number of updated asset objects reloaded before import = 0Number of asset objects unloaded after import = 3

========================================================================
Received Import Request.
  Time since last request: 0.000030 seconds.
  path: Assets/Resources/MainMenu/GIF_Background_2/tile234.png
  artifactKey: Guid(07e6fdb5d9354ea4d914b2a275712d65) Importer(815301076,1909f56bfc062723c751e8b465ee728b)
Start importing Assets/Resources/MainMenu/GIF_Background_2/tile234.png using Guid(07e6fdb5d9354ea4d914b2a275712d65) Importer(815301076,1909f56bfc062723c751e8b465ee728b) (PreviewImporter) -> (artifact id: 'a65b7da8cd1b350f5b55540407c900a2') in 0.0197752 seconds
Number of updated asset objects reloaded before import = 0Number of asset objects unloaded after import = 3

========================================================================
Received Import Request.
  Time since last request: 0.000019 seconds.
  path: Assets/Resources/MainMenu/GIF_Background_2/tile103.png
  artifactKey: Guid(e6bfd657e2173534685a83213e8fef61) Importer(815301076,1909f56bfc062723c751e8b465ee728b)
Start importing Assets/Resources/MainMenu/GIF_Background_2/tile103.png using Guid(e6bfd657e2173534685a83213e8fef61) Importer(815301076,1909f56bfc062723c751e8b465ee728b) (PreviewImporter) -> (artifact id: 'b4d3eb404a271254797f75155f142a1d') in 0.0199323 seconds
Number of updated asset objects reloaded before import = 0Number of asset objects unloaded after import = 3

========================================================================
Received Import Request.
  Time since last request: 0.000017 seconds.
  path: Assets/Resources/MainMenu/GIF_Background_2/tile174.png
  artifactKey: Guid(6fa42128b3975e14185e41d471b9822f) Importer(815301076,1909f56bfc062723c751e8b465ee728b)
Start importing Assets/Resources/MainMenu/GIF_Background_2/tile174.png using Guid(6fa42128b3975e14185e41d471b9822f) Importer(815301076,1909f56bfc062723c751e8b465ee728b) (PreviewImporter) -> (artifact id: '058bbd2195a42c3a72e6ca1f04274ce9') in 0.020579 seconds
Number of updated asset objects reloaded before import = 0Number of asset objects unloaded after import = 3

========================================================================
Received Import Request.
  Time since last request: 0.000019 seconds.
  path: Assets/Resources/MainMenu/GIF_Background_2/tile126.png
  artifactKey: Guid(ca559d7b61e5ba048b6f23bfc98682dc) Importer(815301076,1909f56bfc062723c751e8b465ee728b)
Start importing Assets/Resources/MainMenu/GIF_Background_2/tile126.png using Guid(ca559d7b61e5ba048b6f23bfc98682dc) Importer(815301076,1909f56bfc062723c751e8b465ee728b) (PreviewImporter) -> (artifact id: 'b312431152a9960af61837cb71ae0572') in 0.0220812 seconds
Number of updated asset objects reloaded before import = 0Number of asset objects unloaded after import = 3

========================================================================
Received Import Request.
  Time since last request: 0.000058 seconds.
  path: Assets/Resources/MainMenu/GIF_Background_2/tile135.png
  artifactKey: Guid(b3b0b36d35c609941b431c0603d3c7c4) Importer(815301076,1909f56bfc062723c751e8b465ee728b)
Start importing Assets/Resources/MainMenu/GIF_Background_2/tile135.png using Guid(b3b0b36d35c609941b431c0603d3c7c4) Importer(815301076,1909f56bfc062723c751e8b465ee728b) (PreviewImporter) -> (artifact id: '9d09f9e4dbaa4a0ec88f1724ffc8d815') in 0.0308029 seconds
Number of updated asset objects reloaded before import = 0Number of asset objects unloaded after import = 3

========================================================================
Received Import Request.
  Time since last request: 0.000030 seconds.
  path: Assets/Resources/MainMenu/GIF_Background_2/tile176.png
  artifactKey: Guid(cbd2ec5ffa5e88b4996d53a4c09d31a5) Importer(815301076,1909f56bfc062723c751e8b465ee728b)
Start importing Assets/Resources/MainMenu/GIF_Background_2/tile176.png using Guid(cbd2ec5ffa5e88b4996d53a4c09d31a5) Importer(815301076,1909f56bfc062723c751e8b465ee728b) (PreviewImporter) -> (artifact id: '303555a646e9f75442957c1cbfd38f6d') in 0.0293173 seconds
Number of updated asset objects reloaded before import = 0Number of asset objects unloaded after import = 3

========================================================================
Received Import Request.
  Time since last request: 0.000016 seconds.
  path: Assets/Resources/MainMenu/GIF_Background_2/tile120.png
  artifactKey: Guid(c869ebf0fe09f5b4ba0fc7dc771e84d4) Importer(815301076,1909f56bfc062723c751e8b465ee728b)
Start importing Assets/Resources/MainMenu/GIF_Background_2/tile120.png using Guid(c869ebf0fe09f5b4ba0fc7dc771e84d4) Importer(815301076,1909f56bfc062723c751e8b465ee728b) (PreviewImporter) -> (artifact id: '6f36e6a50bbd1c71db814ef4b75dc37f') in 0.0236609 seconds
Number of updated asset objects reloaded before import = 0Number of asset objects unloaded after import = 3

========================================================================
Received Import Request.
  Time since last request: 0.000018 seconds.
  path: Assets/Resources/MainMenu/GIF_Background_2/tile164.png
  artifactKey: Guid(b57b60cb010ff1746a06658386941003) Importer(815301076,1909f56bfc062723c751e8b465ee728b)
Start importing Assets/Resources/MainMenu/GIF_Background_2/tile164.png using Guid(b57b60cb010ff1746a06658386941003) Importer(815301076,1909f56bfc062723c751e8b465ee728b) (PreviewImporter) -> (artifact id: 'b9c467e3b9909ed56f076cebfdf338e9') in 0.0239617 seconds
Number of updated asset objects reloaded before import = 0Number of asset objects unloaded after import = 3

========================================================================
Received Import Request.
  Time since last request: 0.000017 seconds.
  path: Assets/Resources/MainMenu/GIF_Background_2/tile197.png
  artifactKey: Guid(e6876b1bb02d8e441a886dc1e2ac045a) Importer(815301076,1909f56bfc062723c751e8b465ee728b)
Start importing Assets/Resources/MainMenu/GIF_Background_2/tile197.png using Guid(e6876b1bb02d8e441a886dc1e2ac045a) Importer(815301076,1909f56bfc062723c751e8b465ee728b) (PreviewImporter) -> (artifact id: '5d543388de417c860e9ae1274b6125e1') in 0.021395 seconds
Number of updated asset objects reloaded before import = 0Number of asset objects unloaded after import = 3

========================================================================
Received Import Request.
  Time since last request: 21.782933 seconds.
  path: Assets/Resources/MainMenu/GIF_Background_2/tile190.png
  artifactKey: Guid(43e5cd96fb6d478489d88ba4d44405b1) Importer(815301076,1909f56bfc062723c751e8b465ee728b)
Start importing Assets/Resources/MainMenu/GIF_Background_2/tile190.png using Guid(43e5cd96fb6d478489d88ba4d44405b1) Importer(815301076,1909f56bfc062723c751e8b465ee728b) (PreviewImporter) -> (artifact id: 'cf7f3576d2c9bc8c24f8ead8c619e9c5') in 0.0632685 seconds
Number of updated asset objects reloaded before import = 0Number of asset objects unloaded after import = 3

========================================================================
Received Import Request.
  Time since last request: 0.000020 seconds.
  path: Assets/Resources/MainMenu/GIF_Background_2/tile218.png
  artifactKey: Guid(d1be2bf31e1b7b34d8da08f8e9e75050) Importer(815301076,1909f56bfc062723c751e8b465ee728b)
Start importing Assets/Resources/MainMenu/GIF_Background_2/tile218.png using Guid(d1be2bf31e1b7b34d8da08f8e9e75050) Importer(815301076,1909f56bfc062723c751e8b465ee728b) (PreviewImporter) -> (artifact id: '2a2e6b42df9bd7c3687f41068e7457ba') in 0.0269194 seconds
Number of updated asset objects reloaded before import = 0Number of asset objects unloaded after import = 3

========================================================================
Received Import Request.
  Time since last request: 0.000203 seconds.
  path: Assets/Resources/MainMenu/GIF_Background_2/tile240.png
  artifactKey: Guid(9f54df156599e90499f5253da63ff757) Importer(815301076,1909f56bfc062723c751e8b465ee728b)
Start importing Assets/Resources/MainMenu/GIF_Background_2/tile240.png using Guid(9f54df156599e90499f5253da63ff757) Importer(815301076,1909f56bfc062723c751e8b465ee728b) (PreviewImporter) -> (artifact id: 'f12ccd910a75830f801d642a1b550f1e') in 0.043642 seconds
Number of updated asset objects reloaded before import = 0Number of asset objects unloaded after import = 3

========================================================================
Received Import Request.
  Time since last request: 0.000015 seconds.
  path: Assets/Resources/MainMenu/GIF_Background_2/tile210.png
  artifactKey: Guid(d207a9a73a083c148b09e0562b1f6c96) Importer(815301076,1909f56bfc062723c751e8b465ee728b)
Start importing Assets/Resources/MainMenu/GIF_Background_2/tile210.png using Guid(d207a9a73a083c148b09e0562b1f6c96) Importer(815301076,1909f56bfc062723c751e8b465ee728b) (PreviewImporter) -> (artifact id: '1a47af092c7468cd03bcced65ed77b92') in 0.0432289 seconds
Number of updated asset objects reloaded before import = 0Number of asset objects unloaded after import = 3

========================================================================
Received Import Request.
  Time since last request: 0.000018 seconds.
  path: Assets/Resources/MainMenu/GIF_Background_2/tile216.png
  artifactKey: Guid(e0d5fae55cc6a8d44acb550da2efa07b) Importer(815301076,1909f56bfc062723c751e8b465ee728b)
Start importing Assets/Resources/MainMenu/GIF_Background_2/tile216.png using Guid(e0d5fae55cc6a8d44acb550da2efa07b) Importer(815301076,1909f56bfc062723c751e8b465ee728b) (PreviewImporter) -> (artifact id: 'fd75496daf4d941b3fb31dc36cde3c97') in 0.0120628 seconds
Number of updated asset objects reloaded before import = 0Number of asset objects unloaded after import = 3

========================================================================
Received Import Request.
  Time since last request: 0.000018 seconds.
  path: Assets/Resources/MainMenu/GIF_Background_2/tile222.png
  artifactKey: Guid(890a89844e49f90409f50c5bff5b654a) Importer(815301076,1909f56bfc062723c751e8b465ee728b)
Start importing Assets/Resources/MainMenu/GIF_Background_2/tile222.png using Guid(890a89844e49f90409f50c5bff5b654a) Importer(815301076,1909f56bfc062723c751e8b465ee728b) (PreviewImporter) -> (artifact id: '6d3627fb5b8f5842a39323df4ae222d6') in 0.012055 seconds
Number of updated asset objects reloaded before import = 0Number of asset objects unloaded after import = 3

========================================================================
Received Import Request.
  Time since last request: 0.000021 seconds.
  path: Assets/Resources/MainMenu/GIF_Background_2/tile238.png
  artifactKey: Guid(e6e77eb2154c521469aee9569c08d6d3) Importer(815301076,1909f56bfc062723c751e8b465ee728b)
Start importing Assets/Resources/MainMenu/GIF_Background_2/tile238.png using Guid(e6e77eb2154c521469aee9569c08d6d3) Importer(815301076,1909f56bfc062723c751e8b465ee728b) (PreviewImporter) -> (artifact id: '9b82b780084242eac8fb6ea9b5f79b6d') in 0.011575 seconds
Number of updated asset objects reloaded before import = 0Number of asset objects unloaded after import = 3

========================================================================
Received Import Request.
  Time since last request: 0.000030 seconds.
  path: Assets/Resources/MainMenu/GIF_Background_2/tile206.png
  artifactKey: Guid(79717eedfddbfe147a08e64bf4b642f1) Importer(815301076,1909f56bfc062723c751e8b465ee728b)
Start importing Assets/Resources/MainMenu/GIF_Background_2/tile206.png using Guid(79717eedfddbfe147a08e64bf4b642f1) Importer(815301076,1909f56bfc062723c751e8b465ee728b) (PreviewImporter) -> (artifact id: '15990a462683688f1dbceee813591492') in 0.011932 seconds
Number of updated asset objects reloaded before import = 0Number of asset objects unloaded after import = 3

========================================================================
Received Import Request.
  Time since last request: 0.000017 seconds.
  path: Assets/Resources/MainMenu/GIF_Background_2/tile212.png
  artifactKey: Guid(c7f3c728855bdd2488ae813904648e7f) Importer(815301076,1909f56bfc062723c751e8b465ee728b)
Start importing Assets/Resources/MainMenu/GIF_Background_2/tile212.png using Guid(c7f3c728855bdd2488ae813904648e7f) Importer(815301076,1909f56bfc062723c751e8b465ee728b) (PreviewImporter) -> (artifact id: '0975bd077308890062f5f0bff7bed671') in 0.0188921 seconds
Number of updated asset objects reloaded before import = 0Number of asset objects unloaded after import = 3

========================================================================
Received Import Request.
  Time since last request: 0.000018 seconds.
  path: Assets/Resources/MainMenu/GIF_Background_2/tile221.png
  artifactKey: Guid(1675da1af6bfc104ba1ab608e069de94) Importer(815301076,1909f56bfc062723c751e8b465ee728b)
Start importing Assets/Resources/MainMenu/GIF_Background_2/tile221.png using Guid(1675da1af6bfc104ba1ab608e069de94) Importer(815301076,1909f56bfc062723c751e8b465ee728b) (PreviewImporter) -> (artifact id: 'cfa713a101831449f010347b63d9f77e') in 0.0188503 seconds
Number of updated asset objects reloaded before import = 0Number of asset objects unloaded after import = 3

========================================================================
Received Import Request.
  Time since last request: 0.000019 seconds.
  path: Assets/Resources/MainMenu/GIF_Background_2/tile226.png
  artifactKey: Guid(2e8703b699e031847859ba9024e6116a) Importer(815301076,1909f56bfc062723c751e8b465ee728b)
Start importing Assets/Resources/MainMenu/GIF_Background_2/tile226.png using Guid(2e8703b699e031847859ba9024e6116a) Importer(815301076,1909f56bfc062723c751e8b465ee728b) (PreviewImporter) -> (artifact id: '3adfdf9a890dfc58b09ab0e4c08a5318') in 0.0116933 seconds
Number of updated asset objects reloaded before import = 0Number of asset objects unloaded after import = 3

========================================================================
Received Import Request.
  Time since last request: 0.000016 seconds.
  path: Assets/Resources/MainMenu/GIF_Background_2/tile225.png
  artifactKey: Guid(3e1b031c022cb5541a097d8fa94f806a) Importer(815301076,1909f56bfc062723c751e8b465ee728b)
Start importing Assets/Resources/MainMenu/GIF_Background_2/tile225.png using Guid(3e1b031c022cb5541a097d8fa94f806a) Importer(815301076,1909f56bfc062723c751e8b465ee728b) (PreviewImporter) -> (artifact id: '1617090d2db342ea2c1c8f1dba297168') in 0.0122445 seconds
Number of updated asset objects reloaded before import = 0Number of asset objects unloaded after import = 3

========================================================================
Received Import Request.
  Time since last request: 0.000019 seconds.
  path: Assets/Resources/MainMenu/GIF_Background_2/tile236.png
  artifactKey: Guid(2b064d42d5846be4fae0559ca98df53e) Importer(815301076,1909f56bfc062723c751e8b465ee728b)
Start importing Assets/Resources/MainMenu/GIF_Background_2/tile236.png using Guid(2b064d42d5846be4fae0559ca98df53e) Importer(815301076,1909f56bfc062723c751e8b465ee728b) (PreviewImporter) -> (artifact id: '2be68b197c907e1bb2b2de9404873ebd') in 0.0169431 seconds
Number of updated asset objects reloaded before import = 0Number of asset objects unloaded after import = 3

========================================================================
Received Import Request.
  Time since last request: 0.000032 seconds.
  path: Assets/Resources/MainMenu/GIF_Background_2/tile235.png
  artifactKey: Guid(d68737e2336c5a04f9c7025ee17aa273) Importer(815301076,1909f56bfc062723c751e8b465ee728b)
Start importing Assets/Resources/MainMenu/GIF_Background_2/tile235.png using Guid(d68737e2336c5a04f9c7025ee17aa273) Importer(815301076,1909f56bfc062723c751e8b465ee728b) (PreviewImporter) -> (artifact id: '5b67792b63080bf74ac7b47ba4edf4e3') in 0.0116512 seconds
Number of updated asset objects reloaded before import = 0Number of asset objects unloaded after import = 3

========================================================================
Received Import Request.
  Time since last request: 0.000017 seconds.
  path: Assets/Resources/MainMenu/GIF_Background_2/tile191.png
  artifactKey: Guid(346b1ded603d45a43bd701cac8e84d84) Importer(815301076,1909f56bfc062723c751e8b465ee728b)
Start importing Assets/Resources/MainMenu/GIF_Background_2/tile191.png using Guid(346b1ded603d45a43bd701cac8e84d84) Importer(815301076,1909f56bfc062723c751e8b465ee728b) (PreviewImporter) -> (artifact id: '9c780df5bc185a7d25294ac4706ed7ba') in 0.0215499 seconds
Number of updated asset objects reloaded before import = 0Number of asset objects unloaded after import = 3

========================================================================
Received Import Request.
  Time since last request: 2.803721 seconds.
  path: Assets/Resources/MainMenu/GIF_Background_2/tile173.png
  artifactKey: Guid(343510fc55ecb5d4ba026d5f91193aec) Importer(815301076,1909f56bfc062723c751e8b465ee728b)
Start importing Assets/Resources/MainMenu/GIF_Background_2/tile173.png using Guid(343510fc55ecb5d4ba026d5f91193aec) Importer(815301076,1909f56bfc062723c751e8b465ee728b) (PreviewImporter) -> (artifact id: '4568ac0b592ed0eb6459b2ba97e0afab') in 0.0117521 seconds
Number of updated asset objects reloaded before import = 0Number of asset objects unloaded after import = 3

========================================================================
Received Import Request.
  Time since last request: 0.000020 seconds.
  path: Assets/Resources/MainMenu/GIF_Background_2/tile180.png
  artifactKey: Guid(68609cea8a897994d9270b30b6251aeb) Importer(815301076,1909f56bfc062723c751e8b465ee728b)
Start importing Assets/Resources/MainMenu/GIF_Background_2/tile180.png using Guid(68609cea8a897994d9270b30b6251aeb) Importer(815301076,1909f56bfc062723c751e8b465ee728b) (PreviewImporter) -> (artifact id: '690fd5f3b60344b978d9275a5703ae64') in 0.0105427 seconds
Number of updated asset objects reloaded before import = 0Number of asset objects unloaded after import = 3

========================================================================
Received Import Request.
  Time since last request: 0.000032 seconds.
  path: Assets/Resources/MainMenu/GIF_Background_2/tile154.png
  artifactKey: Guid(8e12dd07e12ae0c42ac864204963cf84) Importer(815301076,1909f56bfc062723c751e8b465ee728b)
Start importing Assets/Resources/MainMenu/GIF_Background_2/tile154.png using Guid(8e12dd07e12ae0c42ac864204963cf84) Importer(815301076,1909f56bfc062723c751e8b465ee728b) (PreviewImporter) -> (artifact id: 'f873f95575f16796297879e11b4df6d5') in 0.0110649 seconds
Number of updated asset objects reloaded before import = 0Number of asset objects unloaded after import = 3

========================================================================
Received Import Request.
  Time since last request: 0.000016 seconds.
  path: Assets/Resources/MainMenu/GIF_Background_2/tile167.png
  artifactKey: Guid(5e357eb369d9989459401e488fb80f21) Importer(815301076,1909f56bfc062723c751e8b465ee728b)
Start importing Assets/Resources/MainMenu/GIF_Background_2/tile167.png using Guid(5e357eb369d9989459401e488fb80f21) Importer(815301076,1909f56bfc062723c751e8b465ee728b) (PreviewImporter) -> (artifact id: '33924e148183c18cc50f6729d58e2b2c') in 0.0112927 seconds
Number of updated asset objects reloaded before import = 0Number of asset objects unloaded after import = 3

========================================================================
Received Import Request.
  Time since last request: 0.000014 seconds.
  path: Assets/Resources/MainMenu/GIF_Background_2/tile156.png
  artifactKey: Guid(2f0ee369a5ee91647afab6cef634981e) Importer(815301076,1909f56bfc062723c751e8b465ee728b)
Start importing Assets/Resources/MainMenu/GIF_Background_2/tile156.png using Guid(2f0ee369a5ee91647afab6cef634981e) Importer(815301076,1909f56bfc062723c751e8b465ee728b) (PreviewImporter) -> (artifact id: '895503999e7888165b96908a9ef7fd4a') in 0.0113952 seconds
Number of updated asset objects reloaded before import = 0Number of asset objects unloaded after import = 3

========================================================================
Received Import Request.
  Time since last request: 0.000021 seconds.
  path: Assets/Resources/MainMenu/GIF_Background_2/tile157.png
  artifactKey: Guid(ae155e41fd066c3499d2621909065d16) Importer(815301076,1909f56bfc062723c751e8b465ee728b)
Start importing Assets/Resources/MainMenu/GIF_Background_2/tile157.png using Guid(ae155e41fd066c3499d2621909065d16) Importer(815301076,1909f56bfc062723c751e8b465ee728b) (PreviewImporter) -> (artifact id: 'bbcd7c4dbf09c43f0999d2506383f08b') in 0.0119361 seconds
Number of updated asset objects reloaded before import = 0Number of asset objects unloaded after import = 3

========================================================================
Received Import Request.
  Time since last request: 0.000015 seconds.
  path: Assets/Resources/MainMenu/GIF_Background_2/tile182.png
  artifactKey: Guid(ef74730cc03f2f14e9186a35bcf02a06) Importer(815301076,1909f56bfc062723c751e8b465ee728b)
Start importing Assets/Resources/MainMenu/GIF_Background_2/tile182.png using Guid(ef74730cc03f2f14e9186a35bcf02a06) Importer(815301076,1909f56bfc062723c751e8b465ee728b) (PreviewImporter) -> (artifact id: '958820450e47ac7baab506a59cf65f50') in 0.0192548 seconds
Number of updated asset objects reloaded before import = 0Number of asset objects unloaded after import = 3

========================================================================
Received Import Request.
  Time since last request: 0.000020 seconds.
  path: Assets/Resources/MainMenu/GIF_Background_2/tile139.png
  artifactKey: Guid(8e2d1fe36e5a76b4f83bfebdaa95f3b9) Importer(815301076,1909f56bfc062723c751e8b465ee728b)
Start importing Assets/Resources/MainMenu/GIF_Background_2/tile139.png using Guid(8e2d1fe36e5a76b4f83bfebdaa95f3b9) Importer(815301076,1909f56bfc062723c751e8b465ee728b) (PreviewImporter) -> (artifact id: 'b068c77450cabb3b9ae5c4f73f4a43a4') in 0.0184756 seconds
Number of updated asset objects reloaded before import = 0Number of asset objects unloaded after import = 3

========================================================================
Received Import Request.
  Time since last request: 0.000041 seconds.
  path: Assets/Resources/MainMenu/GIF_Background_2/tile121.png
  artifactKey: Guid(a0a13259ff728874a87a4ff2e212989b) Importer(815301076,1909f56bfc062723c751e8b465ee728b)
Start importing Assets/Resources/MainMenu/GIF_Background_2/tile121.png using Guid(a0a13259ff728874a87a4ff2e212989b) Importer(815301076,1909f56bfc062723c751e8b465ee728b) (PreviewImporter) -> (artifact id: 'eb037aca00cfff570ae1a295dfa537dc') in 0.0108045 seconds
Number of updated asset objects reloaded before import = 0Number of asset objects unloaded after import = 3

========================================================================
Received Import Request.
  Time since last request: 0.000018 seconds.
  path: Assets/Resources/MainMenu/GIF_Background_2/tile136.png
  artifactKey: Guid(01cc5ce81b298744ab3034c3f5210dde) Importer(815301076,1909f56bfc062723c751e8b465ee728b)
Start importing Assets/Resources/MainMenu/GIF_Background_2/tile136.png using Guid(01cc5ce81b298744ab3034c3f5210dde) Importer(815301076,1909f56bfc062723c751e8b465ee728b) (PreviewImporter) -> (artifact id: '0eb60889d62ed29693a5a5b1edc5ed3c') in 0.0097978 seconds
Number of updated asset objects reloaded before import = 0Number of asset objects unloaded after import = 3

========================================================================
Received Import Request.
  Time since last request: 0.000016 seconds.
  path: Assets/Resources/MainMenu/GIF_Background_2/tile149.png
  artifactKey: Guid(011222117c6155843b1524abec887514) Importer(815301076,1909f56bfc062723c751e8b465ee728b)
Start importing Assets/Resources/MainMenu/GIF_Background_2/tile149.png using Guid(011222117c6155843b1524abec887514) Importer(815301076,1909f56bfc062723c751e8b465ee728b) (PreviewImporter) -> (artifact id: 'dad5da9c24710e7397dc41a6d77b4ac0') in 0.0112172 seconds
Number of updated asset objects reloaded before import = 0Number of asset objects unloaded after import = 3

========================================================================
Received Import Request.
  Time since last request: 0.000016 seconds.
  path: Assets/Resources/MainMenu/GIF_Background_2/tile137.png
  artifactKey: Guid(f152369867cf3bd46a9cb7c8a2b9f20a) Importer(815301076,1909f56bfc062723c751e8b465ee728b)
Start importing Assets/Resources/MainMenu/GIF_Background_2/tile137.png using Guid(f152369867cf3bd46a9cb7c8a2b9f20a) Importer(815301076,1909f56bfc062723c751e8b465ee728b) (PreviewImporter) -> (artifact id: '300dc018ee2d4676f7d8fde0fb833f61') in 0.0110519 seconds
Number of updated asset objects reloaded before import = 0Number of asset objects unloaded after import = 3

========================================================================
Received Import Request.
  Time since last request: 0.000015 seconds.
  path: Assets/Resources/MainMenu/GIF_Background_2/tile111.png
  artifactKey: Guid(48f62c5784fceb44db162a4149e96778) Importer(815301076,1909f56bfc062723c751e8b465ee728b)
Start importing Assets/Resources/MainMenu/GIF_Background_2/tile111.png using Guid(48f62c5784fceb44db162a4149e96778) Importer(815301076,1909f56bfc062723c751e8b465ee728b) (PreviewImporter) -> (artifact id: 'e5e83542cb6350298d9d6d3a321996e0') in 0.0127121 seconds
Number of updated asset objects reloaded before import = 0Number of asset objects unloaded after import = 3

========================================================================
Received Import Request.
  Time since last request: 0.000019 seconds.
  path: Assets/Resources/MainMenu/GIF_Background_2/tile95.png
  artifactKey: Guid(6d4802ce131ff7d41a8394d4af4e35c6) Importer(815301076,1909f56bfc062723c751e8b465ee728b)
Start importing Assets/Resources/MainMenu/GIF_Background_2/tile95.png using Guid(6d4802ce131ff7d41a8394d4af4e35c6) Importer(815301076,1909f56bfc062723c751e8b465ee728b) (PreviewImporter) -> (artifact id: '05689e76e06239960b319a078c31ae2a') in 0.0115584 seconds
Number of updated asset objects reloaded before import = 0Number of asset objects unloaded after import = 3

========================================================================
Received Import Request.
  Time since last request: 0.000024 seconds.
  path: Assets/Resources/MainMenu/GIF_Background_2/tile101.png
  artifactKey: Guid(0e7c859fa972c74408e70c8da85eb1cc) Importer(815301076,1909f56bfc062723c751e8b465ee728b)
Start importing Assets/Resources/MainMenu/GIF_Background_2/tile101.png using Guid(0e7c859fa972c74408e70c8da85eb1cc) Importer(815301076,1909f56bfc062723c751e8b465ee728b) (PreviewImporter) -> (artifact id: 'f609b853858fe770af723f7537e9aac1') in 0.0118923 seconds
Number of updated asset objects reloaded before import = 0Number of asset objects unloaded after import = 3

========================================================================
Received Import Request.
  Time since last request: 0.000028 seconds.
  path: Assets/Resources/MainMenu/GIF_Background_2/tile109.png
  artifactKey: Guid(d9ce2818d836278408e95584d47e2453) Importer(815301076,1909f56bfc062723c751e8b465ee728b)
Start importing Assets/Resources/MainMenu/GIF_Background_2/tile109.png using Guid(d9ce2818d836278408e95584d47e2453) Importer(815301076,1909f56bfc062723c751e8b465ee728b) (PreviewImporter) -> (artifact id: '117e756921877cc243ecebf46fe2c938') in 0.0238153 seconds
Number of updated asset objects reloaded before import = 0Number of asset objects unloaded after import = 3

========================================================================
Received Import Request.
  Time since last request: 0.000018 seconds.
  path: Assets/Resources/MainMenu/GIF_Background_2/tile91.png
  artifactKey: Guid(41c566745d9331e418b9f1be33951599) Importer(815301076,1909f56bfc062723c751e8b465ee728b)
Start importing Assets/Resources/MainMenu/GIF_Background_2/tile91.png using Guid(41c566745d9331e418b9f1be33951599) Importer(815301076,1909f56bfc062723c751e8b465ee728b) (PreviewImporter) -> (artifact id: 'b666d9db51de4ec84acd397f031cabde') in 0.0561499 seconds
Number of updated asset objects reloaded before import = 0Number of asset objects unloaded after import = 3

========================================================================
Received Import Request.
  Time since last request: 0.000025 seconds.
  path: Assets/Resources/MainMenu/GIF_Background_2/tile94.png
  artifactKey: Guid(fa0fc7a6751cf9644b460c849f473dab) Importer(815301076,1909f56bfc062723c751e8b465ee728b)
Start importing Assets/Resources/MainMenu/GIF_Background_2/tile94.png using Guid(fa0fc7a6751cf9644b460c849f473dab) Importer(815301076,1909f56bfc062723c751e8b465ee728b) (PreviewImporter) -> (artifact id: '35f0b93d9e7bd8fc6a4f6d80cf8357ac') in 0.0139372 seconds
Number of updated asset objects reloaded before import = 0Number of asset objects unloaded after import = 3

========================================================================
Received Import Request.
  Time since last request: 0.000015 seconds.
  path: Assets/Resources/MainMenu/GIF_Background_2/tile69.png
  artifactKey: Guid(c08c9ca2af88ee543b8e2ac058fb2c5a) Importer(815301076,1909f56bfc062723c751e8b465ee728b)
Start importing Assets/Resources/MainMenu/GIF_Background_2/tile69.png using Guid(c08c9ca2af88ee543b8e2ac058fb2c5a) Importer(815301076,1909f56bfc062723c751e8b465ee728b) (PreviewImporter) -> (artifact id: '1ede17aba10f45fd6ff8cae1b0294362') in 0.015519 seconds
Number of updated asset objects reloaded before import = 0Number of asset objects unloaded after import = 3

========================================================================
Received Import Request.
  Time since last request: 0.000019 seconds.
  path: Assets/Resources/MainMenu/GIF_Background_2/tile67.png
  artifactKey: Guid(df0d59fc3575df54a9709ce0f226061a) Importer(815301076,1909f56bfc062723c751e8b465ee728b)
Start importing Assets/Resources/MainMenu/GIF_Background_2/tile67.png using Guid(df0d59fc3575df54a9709ce0f226061a) Importer(815301076,1909f56bfc062723c751e8b465ee728b) (PreviewImporter) -> (artifact id: 'b0c5d48c2c18d27db61aa24f0de144b1') in 0.0228714 seconds
Number of updated asset objects reloaded before import = 0Number of asset objects unloaded after import = 3

========================================================================
Received Import Request.
  Time since last request: 0.000025 seconds.
  path: Assets/Resources/MainMenu/GIF_Background_2/tile73.png
  artifactKey: Guid(2b535d5c60e5eaa468083ab7fbdb1247) Importer(815301076,1909f56bfc062723c751e8b465ee728b)
Start importing Assets/Resources/MainMenu/GIF_Background_2/tile73.png using Guid(2b535d5c60e5eaa468083ab7fbdb1247) Importer(815301076,1909f56bfc062723c751e8b465ee728b) (PreviewImporter) -> (artifact id: '7bb04df6c935410cba264b5780f0a8bf') in 0.0120583 seconds
Number of updated asset objects reloaded before import = 0Number of asset objects unloaded after import = 3

========================================================================
Received Import Request.
  Time since last request: 0.000014 seconds.
  path: Assets/Resources/MainMenu/GIF_Background_2/tile72.png
  artifactKey: Guid(11cfd08cb327bbc4e83ec8368148373a) Importer(815301076,1909f56bfc062723c751e8b465ee728b)
Start importing Assets/Resources/MainMenu/GIF_Background_2/tile72.png using Guid(11cfd08cb327bbc4e83ec8368148373a) Importer(815301076,1909f56bfc062723c751e8b465ee728b) (PreviewImporter) -> (artifact id: '727204e2822a12f12cca804b8ef67b6c') in 0.0138677 seconds
Number of updated asset objects reloaded before import = 0Number of asset objects unloaded after import = 3

========================================================================
Received Import Request.
  Time since last request: 0.000014 seconds.
  path: Assets/Resources/MainMenu/GIF_Background_2/tile36.png
  artifactKey: Guid(d799e912cc0146a4e8fb6b72baa2c9cb) Importer(815301076,1909f56bfc062723c751e8b465ee728b)
Start importing Assets/Resources/MainMenu/GIF_Background_2/tile36.png using Guid(d799e912cc0146a4e8fb6b72baa2c9cb) Importer(815301076,1909f56bfc062723c751e8b465ee728b) (PreviewImporter) -> (artifact id: 'c03a977f44ce204c4053c3ff2b966e11') in 0.0124459 seconds
Number of updated asset objects reloaded before import = 0Number of asset objects unloaded after import = 3

========================================================================
Received Import Request.
  Time since last request: 0.000016 seconds.
  path: Assets/Resources/MainMenu/GIF_Background_2/tile32.png
  artifactKey: Guid(9b16e497b404e4e408674a3f7bfbfa6b) Importer(815301076,1909f56bfc062723c751e8b465ee728b)
Start importing Assets/Resources/MainMenu/GIF_Background_2/tile32.png using Guid(9b16e497b404e4e408674a3f7bfbfa6b) Importer(815301076,1909f56bfc062723c751e8b465ee728b) (PreviewImporter) -> (artifact id: '3e8998355b750d09b45c515cbf12b4e4') in 0.0139812 seconds
Number of updated asset objects reloaded before import = 0Number of asset objects unloaded after import = 3

========================================================================
Received Import Request.
  Time since last request: 0.000015 seconds.
  path: Assets/Resources/MainMenu/GIF_Background_2/tile27.png
  artifactKey: Guid(330968b78db069c48916f2aae4766ee9) Importer(815301076,1909f56bfc062723c751e8b465ee728b)
Start importing Assets/Resources/MainMenu/GIF_Background_2/tile27.png using Guid(330968b78db069c48916f2aae4766ee9) Importer(815301076,1909f56bfc062723c751e8b465ee728b) (PreviewImporter) -> (artifact id: '06abccea9bc2c22768925272fed3c5fd') in 0.0149144 seconds
Number of updated asset objects reloaded before import = 0Number of asset objects unloaded after import = 3

========================================================================
Received Import Request.
  Time since last request: 0.000018 seconds.
  path: Assets/Resources/MainMenu/GIF_Background_2/tile17.png
  artifactKey: Guid(094e067f2fc166240873398df2e675c1) Importer(815301076,1909f56bfc062723c751e8b465ee728b)
Start importing Assets/Resources/MainMenu/GIF_Background_2/tile17.png using Guid(094e067f2fc166240873398df2e675c1) Importer(815301076,1909f56bfc062723c751e8b465ee728b) (PreviewImporter) -> (artifact id: 'bd39b7ecd2060bd4d4c96c69d08b7869') in 0.0131523 seconds
Number of updated asset objects reloaded before import = 0Number of asset objects unloaded after import = 3

========================================================================
Received Import Request.
  Time since last request: 0.000022 seconds.
  path: Assets/Resources/MainMenu/GIF_Background_2/tile82.png
  artifactKey: Guid(f3a888d543aa0594e82f1b193a7bd369) Importer(815301076,1909f56bfc062723c751e8b465ee728b)
Start importing Assets/Resources/MainMenu/GIF_Background_2/tile82.png using Guid(f3a888d543aa0594e82f1b193a7bd369) Importer(815301076,1909f56bfc062723c751e8b465ee728b) (PreviewImporter) -> (artifact id: '7250b1c76e4f4becd550b0a4af3e9bd9') in 0.0115915 seconds
Number of updated asset objects reloaded before import = 0Number of asset objects unloaded after import = 3

========================================================================
Received Import Request.
  Time since last request: 0.000014 seconds.
  path: Assets/Resources/MainMenu/GIF_Background_2/tile21.png
  artifactKey: Guid(13dc36c8f8061fe4cad5243a839f0257) Importer(815301076,1909f56bfc062723c751e8b465ee728b)
Start importing Assets/Resources/MainMenu/GIF_Background_2/tile21.png using Guid(13dc36c8f8061fe4cad5243a839f0257) Importer(815301076,1909f56bfc062723c751e8b465ee728b) (PreviewImporter) -> (artifact id: '237b45bd1d6c0adc8e804ee2ca6b255d') in 0.011196 seconds
Number of updated asset objects reloaded before import = 0Number of asset objects unloaded after import = 3

========================================================================
Received Import Request.
  Time since last request: 0.000014 seconds.
  path: Assets/Resources/MainMenu/GIF_Background_2/tile147.png
  artifactKey: Guid(a7da38f4648cd5140a4045b3138a0297) Importer(815301076,1909f56bfc062723c751e8b465ee728b)
Start importing Assets/Resources/MainMenu/GIF_Background_2/tile147.png using Guid(a7da38f4648cd5140a4045b3138a0297) Importer(815301076,1909f56bfc062723c751e8b465ee728b) (PreviewImporter) -> (artifact id: '4d331033c82392edd2577a2a9b845f11') in 0.0105867 seconds
Number of updated asset objects reloaded before import = 0Number of asset objects unloaded after import = 3

========================================================================
Received Import Request.
  Time since last request: 0.000018 seconds.
  path: Assets/Resources/MainMenu/GIF_Background_2/tile23.png
  artifactKey: Guid(060a46c97fdc312448349350ce297264) Importer(815301076,1909f56bfc062723c751e8b465ee728b)
Start importing Assets/Resources/MainMenu/GIF_Background_2/tile23.png using Guid(060a46c97fdc312448349350ce297264) Importer(815301076,1909f56bfc062723c751e8b465ee728b) (PreviewImporter) -> (artifact id: '707c73d11af95f4625dbd5f6e4f2eb6e') in 0.0106202 seconds
Number of updated asset objects reloaded before import = 0Number of asset objects unloaded after import = 3

========================================================================
Received Import Request.
  Time since last request: 0.000018 seconds.
  path: Assets/Resources/MainMenu/GIF_Background_2/tile87.png
  artifactKey: Guid(230fb1116cfe33748b33c03eecb3ab89) Importer(815301076,1909f56bfc062723c751e8b465ee728b)
Start importing Assets/Resources/MainMenu/GIF_Background_2/tile87.png using Guid(230fb1116cfe33748b33c03eecb3ab89) Importer(815301076,1909f56bfc062723c751e8b465ee728b) (PreviewImporter) -> (artifact id: '1301a8fd3d349168511ea7b4dd9ed11a') in 0.0105177 seconds
Number of updated asset objects reloaded before import = 0Number of asset objects unloaded after import = 3

========================================================================
Received Import Request.
  Time since last request: 0.000018 seconds.
  path: Assets/Resources/MainMenu/GIF_Background_2/tile03.png
  artifactKey: Guid(87aa2afc308019b4ea6811207f5b3f2a) Importer(815301076,1909f56bfc062723c751e8b465ee728b)
Start importing Assets/Resources/MainMenu/GIF_Background_2/tile03.png using Guid(87aa2afc308019b4ea6811207f5b3f2a) Importer(815301076,1909f56bfc062723c751e8b465ee728b) (PreviewImporter) -> (artifact id: '3f8b7ee8ca3ee43cae211e974026cd16') in 0.0161042 seconds
Number of updated asset objects reloaded before import = 0Number of asset objects unloaded after import = 3

========================================================================
Received Import Request.
  Time since last request: 0.000018 seconds.
  path: Assets/Resources/MainMenu/GIF_Background_2/tile12.png
  artifactKey: Guid(99069809b3298e54a82421da21191645) Importer(815301076,1909f56bfc062723c751e8b465ee728b)
Start importing Assets/Resources/MainMenu/GIF_Background_2/tile12.png using Guid(99069809b3298e54a82421da21191645) Importer(815301076,1909f56bfc062723c751e8b465ee728b) (PreviewImporter) -> (artifact id: '91628464084c511def91d84030605c0b') in 0.011423 seconds
Number of updated asset objects reloaded before import = 0Number of asset objects unloaded after import = 3

========================================================================
Received Import Request.
  Time since last request: 0.000025 seconds.
  path: Assets/Resources/MainMenu/GIF_Background_2/tile40.png
  artifactKey: Guid(c6db243c5bfdb5745b83b081071dfa7a) Importer(815301076,1909f56bfc062723c751e8b465ee728b)
Start importing Assets/Resources/MainMenu/GIF_Background_2/tile40.png using Guid(c6db243c5bfdb5745b83b081071dfa7a) Importer(815301076,1909f56bfc062723c751e8b465ee728b) (PreviewImporter) -> (artifact id: '9a780c88809e8476e9244c0447179edd') in 0.0112959 seconds
Number of updated asset objects reloaded before import = 0Number of asset objects unloaded after import = 3

========================================================================
Received Import Request.
  Time since last request: 0.000016 seconds.
  path: Assets/Resources/MainMenu/GIF_Background_2/tile57.png
  artifactKey: Guid(5e7b20259211a2e44825182fd44ecf51) Importer(815301076,1909f56bfc062723c751e8b465ee728b)
Start importing Assets/Resources/MainMenu/GIF_Background_2/tile57.png using Guid(5e7b20259211a2e44825182fd44ecf51) Importer(815301076,1909f56bfc062723c751e8b465ee728b) (PreviewImporter) -> (artifact id: '40d4a8d561a5a50b644190f8b4709fd9') in 0.0101158 seconds
Number of updated asset objects reloaded before import = 0Number of asset objects unloaded after import = 3

========================================================================
Received Import Request.
  Time since last request: 0.000015 seconds.
  path: Assets/Resources/MainMenu/GIF_Background_2/tile104.png
  artifactKey: Guid(8ba1db240cc219a49a0b4069b300d7b1) Importer(815301076,1909f56bfc062723c751e8b465ee728b)
Start importing Assets/Resources/MainMenu/GIF_Background_2/tile104.png using Guid(8ba1db240cc219a49a0b4069b300d7b1) Importer(815301076,1909f56bfc062723c751e8b465ee728b) (PreviewImporter) -> (artifact id: '0c81ba24a332048a42ba66405634f3d8') in 0.0102423 seconds
Number of updated asset objects reloaded before import = 0Number of asset objects unloaded after import = 3

========================================================================
Received Import Request.
  Time since last request: 0.000014 seconds.
  path: Assets/Resources/MainMenu/GIF_Background_2/tile44.png
  artifactKey: Guid(9968df68e0d9ec24ca32f38c3b1cd19d) Importer(815301076,1909f56bfc062723c751e8b465ee728b)
Start importing Assets/Resources/MainMenu/GIF_Background_2/tile44.png using Guid(9968df68e0d9ec24ca32f38c3b1cd19d) Importer(815301076,1909f56bfc062723c751e8b465ee728b) (PreviewImporter) -> (artifact id: '52466dafb9772aec8209f332f9671463') in 0.0099799 seconds
Number of updated asset objects reloaded before import = 0Number of asset objects unloaded after import = 3

========================================================================
Received Import Request.
  Time since last request: 0.000015 seconds.
  path: Assets/Resources/MainMenu/GIF_Background_2/tile02.png
  artifactKey: Guid(bd7f348440880e74899ae42201b66214) Importer(815301076,1909f56bfc062723c751e8b465ee728b)
Start importing Assets/Resources/MainMenu/GIF_Background_2/tile02.png using Guid(bd7f348440880e74899ae42201b66214) Importer(815301076,1909f56bfc062723c751e8b465ee728b) (PreviewImporter) -> (artifact id: '96d2bbdc0c42ecddae586184f88dd41f') in 0.0157903 seconds
Number of updated asset objects reloaded before import = 0Number of asset objects unloaded after import = 3

========================================================================
Received Import Request.
  Time since last request: 0.000016 seconds.
  path: Assets/Resources/MainMenu/GIF_Background_2/tile84.png
  artifactKey: Guid(047293e3795657c4bb941d28a31cbb6d) Importer(815301076,1909f56bfc062723c751e8b465ee728b)
Start importing Assets/Resources/MainMenu/GIF_Background_2/tile84.png using Guid(047293e3795657c4bb941d28a31cbb6d) Importer(815301076,1909f56bfc062723c751e8b465ee728b) (PreviewImporter) -> (artifact id: '5b584750e23df4e844c1ab72c48173bc') in 0.0115397 seconds
Number of updated asset objects reloaded before import = 0Number of asset objects unloaded after import = 3

========================================================================
Received Import Request.
  Time since last request: 0.000020 seconds.
  path: Assets/Resources/MainMenu/GIF_Background_2/tile63.png
  artifactKey: Guid(b20b4e1d15ef1d04196ef84494839ccc) Importer(815301076,1909f56bfc062723c751e8b465ee728b)
Start importing Assets/Resources/MainMenu/GIF_Background_2/tile63.png using Guid(b20b4e1d15ef1d04196ef84494839ccc) Importer(815301076,1909f56bfc062723c751e8b465ee728b) (PreviewImporter) -> (artifact id: '93f392adbf2e58dd1cc075e3979f6b68') in 0.01042 seconds
Number of updated asset objects reloaded before import = 0Number of asset objects unloaded after import = 3

========================================================================
Received Import Request.
  Time since last request: 0.000026 seconds.
  path: Assets/Resources/MainMenu/GIF_Background_2/tile48.png
  artifactKey: Guid(be0ddf4f1600b8c48aff04a938215937) Importer(815301076,1909f56bfc062723c751e8b465ee728b)
Start importing Assets/Resources/MainMenu/GIF_Background_2/tile48.png using Guid(be0ddf4f1600b8c48aff04a938215937) Importer(815301076,1909f56bfc062723c751e8b465ee728b) (PreviewImporter) -> (artifact id: '92ede3c2d7212842c0305345c3e84e93') in 0.0106015 seconds
Number of updated asset objects reloaded before import = 0Number of asset objects unloaded after import = 3

========================================================================
Received Import Request.
  Time since last request: 0.000015 seconds.
  path: Assets/Resources/MainMenu/GIF_Background_2/tile09.png
  artifactKey: Guid(b7d5514d17b4cf84ea3f0c07199bd648) Importer(815301076,1909f56bfc062723c751e8b465ee728b)
Start importing Assets/Resources/MainMenu/GIF_Background_2/tile09.png using Guid(b7d5514d17b4cf84ea3f0c07199bd648) Importer(815301076,1909f56bfc062723c751e8b465ee728b) (PreviewImporter) -> (artifact id: '8541de32626ef491e4589c95e786d6dd') in 0.0107933 seconds
Number of updated asset objects reloaded before import = 0Number of asset objects unloaded after import = 3

========================================================================
Received Import Request.
  Time since last request: 0.000015 seconds.
  path: Assets/Resources/MainMenu/GIF_Background_2/tile174.png
  artifactKey: Guid(6fa42128b3975e14185e41d471b9822f) Importer(815301076,1909f56bfc062723c751e8b465ee728b)
Start importing Assets/Resources/MainMenu/GIF_Background_2/tile174.png using Guid(6fa42128b3975e14185e41d471b9822f) Importer(815301076,1909f56bfc062723c751e8b465ee728b) (PreviewImporter) -> (artifact id: 'b3ccd5b8cae7be0896587b854fbb0b11') in 0.0102052 seconds
Number of updated asset objects reloaded before import = 0Number of asset objects unloaded after import = 3

========================================================================
Received Import Request.
  Time since last request: 0.000017 seconds.
  path: Assets/Resources/MainMenu/GIF_Background_2/tile108.png
  artifactKey: Guid(0eee54e898065ef4fa128eaaea21c8a6) Importer(815301076,1909f56bfc062723c751e8b465ee728b)
Start importing Assets/Resources/MainMenu/GIF_Background_2/tile108.png using Guid(0eee54e898065ef4fa128eaaea21c8a6) Importer(815301076,1909f56bfc062723c751e8b465ee728b) (PreviewImporter) -> (artifact id: '27001afef5fbd519ccc43e8b0c69f090') in 0.011403 seconds
Number of updated asset objects reloaded before import = 0Number of asset objects unloaded after import = 3

========================================================================
Received Import Request.
  Time since last request: 0.000017 seconds.
  path: Assets/Resources/MainMenu/GIF_Background_2/tile135.png
  artifactKey: Guid(b3b0b36d35c609941b431c0603d3c7c4) Importer(815301076,1909f56bfc062723c751e8b465ee728b)
Start importing Assets/Resources/MainMenu/GIF_Background_2/tile135.png using Guid(b3b0b36d35c609941b431c0603d3c7c4) Importer(815301076,1909f56bfc062723c751e8b465ee728b) (PreviewImporter) -> (artifact id: '0a4f9b0ba84625d3053d4ec28167e4d8') in 0.0111529 seconds
Number of updated asset objects reloaded before import = 0Number of asset objects unloaded after import = 3

========================================================================
Received Import Request.
  Time since last request: 0.000020 seconds.
  path: Assets/Resources/MainMenu/GIF_Background_2/tile120.png
  artifactKey: Guid(c869ebf0fe09f5b4ba0fc7dc771e84d4) Importer(815301076,1909f56bfc062723c751e8b465ee728b)
Start importing Assets/Resources/MainMenu/GIF_Background_2/tile120.png using Guid(c869ebf0fe09f5b4ba0fc7dc771e84d4) Importer(815301076,1909f56bfc062723c751e8b465ee728b) (PreviewImporter) -> (artifact id: 'ca50d40c19517c873efccdf766a5dc37') in 0.0112511 seconds
Number of updated asset objects reloaded before import = 0Number of asset objects unloaded after import = 3

========================================================================
Received Import Request.
  Time since last request: 0.000032 seconds.
  path: Assets/Resources/MainMenu/GIF_Background_2/tile04.png
  artifactKey: Guid(874c0f8816a04254bbc553c9715d862a) Importer(815301076,1909f56bfc062723c751e8b465ee728b)
Start importing Assets/Resources/MainMenu/GIF_Background_2/tile04.png using Guid(874c0f8816a04254bbc553c9715d862a) Importer(815301076,1909f56bfc062723c751e8b465ee728b) (PreviewImporter) -> (artifact id: '5e0ea47c704781525492acd58a645818') in 0.0139338 seconds
Number of updated asset objects reloaded before import = 0Number of asset objects unloaded after import = 3

========================================================================
Received Prepare
Begin MonoManager ReloadAssembly
Duplicate assembly 'log4net.dll' with different versions detected, using 'Assets/Packages/log4net.3.0.4/lib/netstandard2.0/log4net.dll, AssemblyName=log4net, Version=3.0.4.0, Culture=neutral, PublicKeyToken=669e0ddf0bb1aa2a' and ignoring 'Packages/com.unity.collab-proxy/Lib/Editor/log4netPlastic.dll, AssemblyName=log4net, Version=1.2.15.0, Culture=neutral, PublicKeyToken=669e0ddf0bb1aa2a'.Symbol file LoadedFromMemory is not a mono symbol file
- Loaded All Assemblies, in  0.912 seconds
Refreshing native plugins compatible for Editor in 2.35 ms, found 4 plugins.
Native extension for WindowsStandalone target not found
log4net:ERROR Exception while reading ConfigurationSettings. Check your .config file is well formed XML.
System.Configuration.ConfigurationErrorsException: Configuration system failed to initialize ---> System.PlatformNotSupportedException: Operation is not supported on this platform.
  at System.Configuration.ClientConfigPaths..ctor (System.String exePath, System.Boolean includeUserConfig) [0x00050] in <5ae095f7408b4d5cb5cdbfc3d3c31d20>:0 
  at System.Configuration.ClientConfigPaths.GetPaths (System.String exePath, System.Boolean includeUserConfig) [0x00018] in <5ae095f7408b4d5cb5cdbfc3d3c31d20>:0 
  at System.Configuration.ClientConfigurationHost.get_ConfigPaths () [0x0000a] in <5ae095f7408b4d5cb5cdbfc3d3c31d20>:0 
  at System.Configuration.ClientConfigurationHost.GetStreamName (System.String configPath) [0x0006d] in <5ae095f7408b4d5cb5cdbfc3d3c31d20>:0 
  at System.Configuration.ClientConfigurationHost.get_IsAppConfigHttp () [0x00000] in <5ae095f7408b4d5cb5cdbfc3d3c31d20>:0 
  at System.Configuration.Internal.DelegatingConfigHost.get_IsAppConfigHttp () [0x00006] in <5ae095f7408b4d5cb5cdbfc3d3c31d20>:0 
  at System.Configuration.ClientConfigurationSystem..ctor () [0x00051] in <5ae095f7408b4d5cb5cdbfc3d3c31d20>:0 
  at System.Configuration.ConfigurationManager.EnsureConfigurationSystem () [0x00024] in <5ae095f7408b4d5cb5cdbfc3d3c31d20>:0 
   --- End of inner exception stack trace ---
  at System.Configuration.ConfigurationManager.EnsureConfigurationSystem () [0x00060] in <5ae095f7408b4d5cb5cdbfc3d3c31d20>:0 
  at System.Configuration.ConfigurationManager.PrepareConfigSystem () [0x0000a] in <5ae095f7408b4d5cb5cdbfc3d3c31d20>:0 
  at System.Configuration.ConfigurationManager.GetSection (System.String sectionName) [0x0000a] in <5ae095f7408b4d5cb5cdbfc3d3c31d20>:0 
  at System.Configuration.ConfigurationManager.get_AppSettings () [0x00000] in <5ae095f7408b4d5cb5cdbfc3d3c31d20>:0 
  at log4net.Util.SystemInfo.GetAppSetting (System.String key) [0x00000] in <00c34789746b40dda4cd7be2c85ba32f>:0 
log4net:ERROR Exception while reading ConfigurationSettings. Check your .config file is well formed XML.
System.Configuration.ConfigurationErrorsException: Configuration system failed to initialize ---> System.PlatformNotSupportedException: Operation is not supported on this platform.
  at System.Configuration.ClientConfigPaths..ctor (System.String exePath, System.Boolean includeUserConfig) [0x00050] in <5ae095f7408b4d5cb5cdbfc3d3c31d20>:0 
  at System.Configuration.ClientConfigPaths.GetPaths (System.String exePath, System.Boolean includeUserConfig) [0x00018] in <5ae095f7408b4d5cb5cdbfc3d3c31d20>:0 
  at System.Configuration.ClientConfigurationHost.get_ConfigPaths () [0x0000a] in <5ae095f7408b4d5cb5cdbfc3d3c31d20>:0 
  at System.Configuration.ClientConfigurationHost.GetStreamName (System.String configPath) [0x0006d] in <5ae095f7408b4d5cb5cdbfc3d3c31d20>:0 
  at System.Configuration.ClientConfigurationHost.get_IsAppConfigHttp () [0x00000] in <5ae095f7408b4d5cb5cdbfc3d3c31d20>:0 
  at System.Configuration.Internal.DelegatingConfigHost.get_IsAppConfigHttp () [0x00006] in <5ae095f7408b4d5cb5cdbfc3d3c31d20>:0 
  at System.Configuration.ClientConfigurationSystem..ctor () [0x00051] in <5ae095f7408b4d5cb5cdbfc3d3c31d20>:0 
  at System.Configuration.ConfigurationManager.EnsureConfigurationSystem () [0x00024] in <5ae095f7408b4d5cb5cdbfc3d3c31d20>:0 
   --- End of inner exception stack trace ---
  at System.Configuration.ConfigurationManager.PrepareConfigSystem () [0x0001a] in <5ae095f7408b4d5cb5cdbfc3d3c31d20>:0 
  at System.Configuration.ConfigurationManager.GetSection (System.String sectionName) [0x0000a] in <5ae095f7408b4d5cb5cdbfc3d3c31d20>:0 
  at System.Configuration.ConfigurationManager.get_AppSettings () [0x00000] in <5ae095f7408b4d5cb5cdbfc3d3c31d20>:0 
  at log4net.Util.SystemInfo.GetAppSetting (System.String key) [0x00000] in <00c34789746b40dda4cd7be2c85ba32f>:0 
log4net:ERROR Exception while reading ConfigurationSettings. Check your .config file is well formed XML.
System.Configuration.ConfigurationErrorsException: Configuration system failed to initialize ---> System.PlatformNotSupportedException: Operation is not supported on this platform.
  at System.Configuration.ClientConfigPaths..ctor (System.String exePath, System.Boolean includeUserConfig) [0x00050] in <5ae095f7408b4d5cb5cdbfc3d3c31d20>:0 
  at System.Configuration.ClientConfigPaths.GetPaths (System.String exePath, System.Boolean includeUserConfig) [0x00018] in <5ae095f7408b4d5cb5cdbfc3d3c31d20>:0 
  at System.Configuration.ClientConfigurationHost.get_ConfigPaths () [0x0000a] in <5ae095f7408b4d5cb5cdbfc3d3c31d20>:0 
  at System.Configuration.ClientConfigurationHost.GetStreamName (System.String configPath) [0x0006d] in <5ae095f7408b4d5cb5cdbfc3d3c31d20>:0 
  at System.Configuration.ClientConfigurationHost.get_IsAppConfigHttp () [0x00000] in <5ae095f7408b4d5cb5cdbfc3d3c31d20>:0 
  at System.Configuration.Internal.DelegatingConfigHost.get_IsAppConfigHttp () [0x00006] in <5ae095f7408b4d5cb5cdbfc3d3c31d20>:0 
  at System.Configuration.ClientConfigurationSystem..ctor () [0x00051] in <5ae095f7408b4d5cb5cdbfc3d3c31d20>:0 
  at System.Configuration.ConfigurationManager.EnsureConfigurationSystem () [0x00024] in <5ae095f7408b4d5cb5cdbfc3d3c31d20>:0 
   --- End of inner exception stack trace ---
  at System.Configuration.ConfigurationManager.PrepareConfigSystem () [0x0001a] in <5ae095f7408b4d5cb5cdbfc3d3c31d20>:0 
  at System.Configuration.ConfigurationManager.GetSection (System.String sectionName) [0x0000a] in <5ae095f7408b4d5cb5cdbfc3d3c31d20>:0 
  at System.Configuration.ConfigurationManager.get_AppSettings () [0x00000] in <5ae095f7408b4d5cb5cdbfc3d3c31d20>:0 
  at log4net.Util.SystemInfo.GetAppSetting (System.String key) [0x00000] in <00c34789746b40dda4cd7be2c85ba32f>:0 
log4net:ERROR Exception while reading ConfigurationSettings. Check your .config file is well formed XML.
System.Configuration.ConfigurationErrorsException: Configuration system failed to initialize ---> System.PlatformNotSupportedException: Operation is not supported on this platform.
  at System.Configuration.ClientConfigPaths..ctor (System.String exePath, System.Boolean includeUserConfig) [0x00050] in <5ae095f7408b4d5cb5cdbfc3d3c31d20>:0 
  at System.Configuration.ClientConfigPaths.GetPaths (System.String exePath, System.Boolean includeUserConfig) [0x00018] in <5ae095f7408b4d5cb5cdbfc3d3c31d20>:0 
  at System.Configuration.ClientConfigurationHost.get_ConfigPaths () [0x0000a] in <5ae095f7408b4d5cb5cdbfc3d3c31d20>:0 
  at System.Configuration.ClientConfigurationHost.GetStreamName (System.String configPath) [0x0006d] in <5ae095f7408b4d5cb5cdbfc3d3c31d20>:0 
  at System.Configuration.ClientConfigurationHost.get_IsAppConfigHttp () [0x00000] in <5ae095f7408b4d5cb5cdbfc3d3c31d20>:0 
  at System.Configuration.Internal.DelegatingConfigHost.get_IsAppConfigHttp () [0x00006] in <5ae095f7408b4d5cb5cdbfc3d3c31d20>:0 
  at System.Configuration.ClientConfigurationSystem..ctor () [0x00051] in <5ae095f7408b4d5cb5cdbfc3d3c31d20>:0 
  at System.Configuration.ConfigurationManager.EnsureConfigurationSystem () [0x00024] in <5ae095f7408b4d5cb5cdbfc3d3c31d20>:0 
   --- End of inner exception stack trace ---
  at System.Configuration.ConfigurationManager.PrepareConfigSystem () [0x0001a] in <5ae095f7408b4d5cb5cdbfc3d3c31d20>:0 
  at System.Configuration.ConfigurationManager.GetSection (System.String sectionName) [0x0000a] in <5ae095f7408b4d5cb5cdbfc3d3c31d20>:0 
  at System.Configuration.ConfigurationManager.get_AppSettings () [0x00000] in <5ae095f7408b4d5cb5cdbfc3d3c31d20>:0 
  at log4net.Util.SystemInfo.GetAppSetting (System.String key) [0x00000] in <00c34789746b40dda4cd7be2c85ba32f>:0 
log4net:ERROR Exception while reading ConfigurationSettings. Check your .config file is well formed XML.
System.Configuration.ConfigurationErrorsException: Configuration system failed to initialize ---> System.PlatformNotSupportedException: Operation is not supported on this platform.
  at System.Configuration.ClientConfigPaths..ctor (System.String exePath, System.Boolean includeUserConfig) [0x00050] in <5ae095f7408b4d5cb5cdbfc3d3c31d20>:0 
  at System.Configuration.ClientConfigPaths.GetPaths (System.String exePath, System.Boolean includeUserConfig) [0x00018] in <5ae095f7408b4d5cb5cdbfc3d3c31d20>:0 
  at System.Configuration.ClientConfigurationHost.get_ConfigPaths () [0x0000a] in <5ae095f7408b4d5cb5cdbfc3d3c31d20>:0 
  at System.Configuration.ClientConfigurationHost.GetStreamName (System.String configPath) [0x0006d] in <5ae095f7408b4d5cb5cdbfc3d3c31d20>:0 
  at System.Configuration.ClientConfigurationHost.get_IsAppConfigHttp () [0x00000] in <5ae095f7408b4d5cb5cdbfc3d3c31d20>:0 
  at System.Configuration.Internal.DelegatingConfigHost.get_IsAppConfigHttp () [0x00006] in <5ae095f7408b4d5cb5cdbfc3d3c31d20>:0 
  at System.Configuration.ClientConfigurationSystem..ctor () [0x00051] in <5ae095f7408b4d5cb5cdbfc3d3c31d20>:0 
  at System.Configuration.ConfigurationManager.EnsureConfigurationSystem () [0x00024] in <5ae095f7408b4d5cb5cdbfc3d3c31d20>:0 
   --- End of inner exception stack trace ---
  at System.Configuration.ConfigurationManager.PrepareConfigSystem () [0x0001a] in <5ae095f7408b4d5cb5cdbfc3d3c31d20>:0 
  at System.Configuration.ConfigurationManager.GetSection (System.String sectionName) [0x0000a] in <5ae095f7408b4d5cb5cdbfc3d3c31d20>:0 
  at System.Configuration.ConfigurationManager.get_AppSettings () [0x00000] in <5ae095f7408b4d5cb5cdbfc3d3c31d20>:0 
  at log4net.Util.SystemInfo.GetAppSetting (System.String key) [0x00000] in <00c34789746b40dda4cd7be2c85ba32f>:0 
log4net:ERROR Exception while reading ConfigurationSettings. Check your .config file is well formed XML.
System.Configuration.ConfigurationErrorsException: Configuration system failed to initialize ---> System.PlatformNotSupportedException: Operation is not supported on this platform.
  at System.Configuration.ClientConfigPaths..ctor (System.String exePath, System.Boolean includeUserConfig) [0x00050] in <5ae095f7408b4d5cb5cdbfc3d3c31d20>:0 
  at System.Configuration.ClientConfigPaths.GetPaths (System.String exePath, System.Boolean includeUserConfig) [0x00018] in <5ae095f7408b4d5cb5cdbfc3d3c31d20>:0 
  at System.Configuration.ClientConfigurationHost.get_ConfigPaths () [0x0000a] in <5ae095f7408b4d5cb5cdbfc3d3c31d20>:0 
  at System.Configuration.ClientConfigurationHost.GetStreamName (System.String configPath) [0x0006d] in <5ae095f7408b4d5cb5cdbfc3d3c31d20>:0 
  at System.Configuration.ClientConfigurationHost.get_IsAppConfigHttp () [0x00000] in <5ae095f7408b4d5cb5cdbfc3d3c31d20>:0 
  at System.Configuration.Internal.DelegatingConfigHost.get_IsAppConfigHttp () [0x00006] in <5ae095f7408b4d5cb5cdbfc3d3c31d20>:0 
  at System.Configuration.ClientConfigurationSystem..ctor () [0x00051] in <5ae095f7408b4d5cb5cdbfc3d3c31d20>:0 
  at System.Configuration.ConfigurationManager.EnsureConfigurationSystem () [0x00024] in <5ae095f7408b4d5cb5cdbfc3d3c31d20>:0 
   --- End of inner exception stack trace ---
  at System.Configuration.ConfigurationManager.PrepareConfigSystem () [0x0001a] in <5ae095f7408b4d5cb5cdbfc3d3c31d20>:0 
  at System.Configuration.ConfigurationManager.GetSection (System.String sectionName) [0x0000a] in <5ae095f7408b4d5cb5cdbfc3d3c31d20>:0 
  at System.Configuration.ConfigurationManager.get_AppSettings () [0x00000] in <5ae095f7408b4d5cb5cdbfc3d3c31d20>:0 
  at log4net.Util.SystemInfo.GetAppSetting (System.String key) [0x00000] in <00c34789746b40dda4cd7be2c85ba32f>:0 
log4net:ERROR Exception while reading ConfigurationSettings. Check your .config file is well formed XML.
System.Configuration.ConfigurationErrorsException: Configuration system failed to initialize ---> System.PlatformNotSupportedException: Operation is not supported on this platform.
  at System.Configuration.ClientConfigPaths..ctor (System.String exePath, System.Boolean includeUserConfig) [0x00050] in <5ae095f7408b4d5cb5cdbfc3d3c31d20>:0 
  at System.Configuration.ClientConfigPaths.GetPaths (System.String exePath, System.Boolean includeUserConfig) [0x00018] in <5ae095f7408b4d5cb5cdbfc3d3c31d20>:0 
  at System.Configuration.ClientConfigurationHost.get_ConfigPaths () [0x0000a] in <5ae095f7408b4d5cb5cdbfc3d3c31d20>:0 
  at System.Configuration.ClientConfigurationHost.GetStreamName (System.String configPath) [0x0006d] in <5ae095f7408b4d5cb5cdbfc3d3c31d20>:0 
  at System.Configuration.ClientConfigurationHost.get_IsAppConfigHttp () [0x00000] in <5ae095f7408b4d5cb5cdbfc3d3c31d20>:0 
  at System.Configuration.Internal.DelegatingConfigHost.get_IsAppConfigHttp () [0x00006] in <5ae095f7408b4d5cb5cdbfc3d3c31d20>:0 
  at System.Configuration.ClientConfigurationSystem..ctor () [0x00051] in <5ae095f7408b4d5cb5cdbfc3d3c31d20>:0 
  at System.Configuration.ConfigurationManager.EnsureConfigurationSystem () [0x00024] in <5ae095f7408b4d5cb5cdbfc3d3c31d20>:0 
   --- End of inner exception stack trace ---
  at System.Configuration.ConfigurationManager.PrepareConfigSystem () [0x0001a] in <5ae095f7408b4d5cb5cdbfc3d3c31d20>:0 
  at System.Configuration.ConfigurationManager.GetSection (System.String sectionName) [0x0000a] in <5ae095f7408b4d5cb5cdbfc3d3c31d20>:0 
  at System.Configuration.ConfigurationManager.get_AppSettings () [0x00000] in <5ae095f7408b4d5cb5cdbfc3d3c31d20>:0 
  at log4net.Util.SystemInfo.GetAppSetting (System.String key) [0x00000] in <00c34789746b40dda4cd7be2c85ba32f>:0 
Mono: successfully reloaded assembly
- Finished resetting the current domain, in  0.982 seconds
Domain Reload Profiling: 1893ms
	BeginReloadAssembly (230ms)
		ExecutionOrderSort (0ms)
		DisableScriptedObjects (17ms)
		BackupInstance (0ms)
		ReleaseScriptingObjects (0ms)
		CreateAndSetChildDomain (58ms)
	RebuildCommonClasses (39ms)
	RebuildNativeTypeToScriptingClass (16ms)
	initialDomainReloadingComplete (32ms)
	LoadAllAssembliesAndSetupDomain (595ms)
		LoadAssemblies (424ms)
		RebuildTransferFunctionScriptingTraits (0ms)
		AnalyzeDomain (280ms)
			TypeCache.Refresh (9ms)
				TypeCache.ScanAssembly (0ms)
			BuildScriptInfoCaches (254ms)
			ResolveRequiredComponents (13ms)
	FinalizeReload (982ms)
		ReleaseScriptCaches (0ms)
		RebuildScriptCaches (0ms)
		SetupLoadedEditorAssemblies (756ms)
			LogAssemblyErrors (0ms)
			InitializePlatformSupportModulesInManaged (3ms)
			SetLoadedEditorAssemblies (5ms)
			BeforeProcessingInitializeOnLoad (131ms)
			ProcessInitializeOnLoadAttributes (530ms)
			ProcessInitializeOnLoadMethodAttributes (85ms)
			AfterProcessingInitializeOnLoad (3ms)
			EditorAssembliesLoaded (0ms)
		ExecutionOrderSort2 (0ms)
		AwakeInstancesAfterBackupRestoration (15ms)
Refreshing native plugins compatible for Editor in 2.28 ms, found 4 plugins.
Preloading 0 native plugins for Editor in 0.00 ms.
Unloading 13 Unused Serialized files (Serialized files now loaded: 0)
Unloading 6681 unused Assets / (4.4 MB). Loaded Objects now: 7362.
Memory consumption went from 159.6 MB to 155.3 MB.
Total: 8.610500 ms (FindLiveObjects: 0.839600 ms CreateObjectMapping: 0.465000 ms MarkObjects: 4.903800 ms  DeleteObjects: 2.400600 ms)

Prepare: number of updated asset objects reloaded= 0
========================================================================
Received Prepare
Begin MonoManager ReloadAssembly
Duplicate assembly 'log4net.dll' with different versions detected, using 'Assets/Packages/log4net.3.0.4/lib/netstandard2.0/log4net.dll, AssemblyName=log4net, Version=3.0.4.0, Culture=neutral, PublicKeyToken=669e0ddf0bb1aa2a' and ignoring 'Packages/com.unity.collab-proxy/Lib/Editor/log4netPlastic.dll, AssemblyName=log4net, Version=1.2.15.0, Culture=neutral, PublicKeyToken=669e0ddf0bb1aa2a'.Symbol file LoadedFromMemory is not a mono symbol file
- Loaded All Assemblies, in  0.894 seconds
Refreshing native plugins compatible for Editor in 2.15 ms, found 4 plugins.
Native extension for WindowsStandalone target not found
log4net:ERROR Exception while reading ConfigurationSettings. Check your .config file is well formed XML.
System.Configuration.ConfigurationErrorsException: Configuration system failed to initialize ---> System.PlatformNotSupportedException: Operation is not supported on this platform.
  at System.Configuration.ClientConfigPaths..ctor (System.String exePath, System.Boolean includeUserConfig) [0x00050] in <5ae095f7408b4d5cb5cdbfc3d3c31d20>:0 
  at System.Configuration.ClientConfigPaths.GetPaths (System.String exePath, System.Boolean includeUserConfig) [0x00018] in <5ae095f7408b4d5cb5cdbfc3d3c31d20>:0 
  at System.Configuration.ClientConfigurationHost.get_ConfigPaths () [0x0000a] in <5ae095f7408b4d5cb5cdbfc3d3c31d20>:0 
  at System.Configuration.ClientConfigurationHost.GetStreamName (System.String configPath) [0x0006d] in <5ae095f7408b4d5cb5cdbfc3d3c31d20>:0 
  at System.Configuration.ClientConfigurationHost.get_IsAppConfigHttp () [0x00000] in <5ae095f7408b4d5cb5cdbfc3d3c31d20>:0 
  at System.Configuration.Internal.DelegatingConfigHost.get_IsAppConfigHttp () [0x00006] in <5ae095f7408b4d5cb5cdbfc3d3c31d20>:0 
  at System.Configuration.ClientConfigurationSystem..ctor () [0x00051] in <5ae095f7408b4d5cb5cdbfc3d3c31d20>:0 
  at System.Configuration.ConfigurationManager.EnsureConfigurationSystem () [0x00024] in <5ae095f7408b4d5cb5cdbfc3d3c31d20>:0 
   --- End of inner exception stack trace ---
  at System.Configuration.ConfigurationManager.EnsureConfigurationSystem () [0x00060] in <5ae095f7408b4d5cb5cdbfc3d3c31d20>:0 
  at System.Configuration.ConfigurationManager.PrepareConfigSystem () [0x0000a] in <5ae095f7408b4d5cb5cdbfc3d3c31d20>:0 
  at System.Configuration.ConfigurationManager.GetSection (System.String sectionName) [0x0000a] in <5ae095f7408b4d5cb5cdbfc3d3c31d20>:0 
  at System.Configuration.ConfigurationManager.get_AppSettings () [0x00000] in <5ae095f7408b4d5cb5cdbfc3d3c31d20>:0 
  at log4net.Util.SystemInfo.GetAppSetting (System.String key) [0x00000] in <00c34789746b40dda4cd7be2c85ba32f>:0 
log4net:ERROR Exception while reading ConfigurationSettings. Check your .config file is well formed XML.
System.Configuration.ConfigurationErrorsException: Configuration system failed to initialize ---> System.PlatformNotSupportedException: Operation is not supported on this platform.
  at System.Configuration.ClientConfigPaths..ctor (System.String exePath, System.Boolean includeUserConfig) [0x00050] in <5ae095f7408b4d5cb5cdbfc3d3c31d20>:0 
  at System.Configuration.ClientConfigPaths.GetPaths (System.String exePath, System.Boolean includeUserConfig) [0x00018] in <5ae095f7408b4d5cb5cdbfc3d3c31d20>:0 
  at System.Configuration.ClientConfigurationHost.get_ConfigPaths () [0x0000a] in <5ae095f7408b4d5cb5cdbfc3d3c31d20>:0 
  at System.Configuration.ClientConfigurationHost.GetStreamName (System.String configPath) [0x0006d] in <5ae095f7408b4d5cb5cdbfc3d3c31d20>:0 
  at System.Configuration.ClientConfigurationHost.get_IsAppConfigHttp () [0x00000] in <5ae095f7408b4d5cb5cdbfc3d3c31d20>:0 
  at System.Configuration.Internal.DelegatingConfigHost.get_IsAppConfigHttp () [0x00006] in <5ae095f7408b4d5cb5cdbfc3d3c31d20>:0 
  at System.Configuration.ClientConfigurationSystem..ctor () [0x00051] in <5ae095f7408b4d5cb5cdbfc3d3c31d20>:0 
  at System.Configuration.ConfigurationManager.EnsureConfigurationSystem () [0x00024] in <5ae095f7408b4d5cb5cdbfc3d3c31d20>:0 
   --- End of inner exception stack trace ---
  at System.Configuration.ConfigurationManager.PrepareConfigSystem () [0x0001a] in <5ae095f7408b4d5cb5cdbfc3d3c31d20>:0 
  at System.Configuration.ConfigurationManager.GetSection (System.String sectionName) [0x0000a] in <5ae095f7408b4d5cb5cdbfc3d3c31d20>:0 
  at System.Configuration.ConfigurationManager.get_AppSettings () [0x00000] in <5ae095f7408b4d5cb5cdbfc3d3c31d20>:0 
  at log4net.Util.SystemInfo.GetAppSetting (System.String key) [0x00000] in <00c34789746b40dda4cd7be2c85ba32f>:0 
log4net:ERROR Exception while reading ConfigurationSettings. Check your .config file is well formed XML.
System.Configuration.ConfigurationErrorsException: Configuration system failed to initialize ---> System.PlatformNotSupportedException: Operation is not supported on this platform.
  at System.Configuration.ClientConfigPaths..ctor (System.String exePath, System.Boolean includeUserConfig) [0x00050] in <5ae095f7408b4d5cb5cdbfc3d3c31d20>:0 
  at System.Configuration.ClientConfigPaths.GetPaths (System.String exePath, System.Boolean includeUserConfig) [0x00018] in <5ae095f7408b4d5cb5cdbfc3d3c31d20>:0 
  at System.Configuration.ClientConfigurationHost.get_ConfigPaths () [0x0000a] in <5ae095f7408b4d5cb5cdbfc3d3c31d20>:0 
  at System.Configuration.ClientConfigurationHost.GetStreamName (System.String configPath) [0x0006d] in <5ae095f7408b4d5cb5cdbfc3d3c31d20>:0 
  at System.Configuration.ClientConfigurationHost.get_IsAppConfigHttp () [0x00000] in <5ae095f7408b4d5cb5cdbfc3d3c31d20>:0 
  at System.Configuration.Internal.DelegatingConfigHost.get_IsAppConfigHttp () [0x00006] in <5ae095f7408b4d5cb5cdbfc3d3c31d20>:0 
  at System.Configuration.ClientConfigurationSystem..ctor () [0x00051] in <5ae095f7408b4d5cb5cdbfc3d3c31d20>:0 
  at System.Configuration.ConfigurationManager.EnsureConfigurationSystem () [0x00024] in <5ae095f7408b4d5cb5cdbfc3d3c31d20>:0 
   --- End of inner exception stack trace ---
  at System.Configuration.ConfigurationManager.PrepareConfigSystem () [0x0001a] in <5ae095f7408b4d5cb5cdbfc3d3c31d20>:0 
  at System.Configuration.ConfigurationManager.GetSection (System.String sectionName) [0x0000a] in <5ae095f7408b4d5cb5cdbfc3d3c31d20>:0 
  at System.Configuration.ConfigurationManager.get_AppSettings () [0x00000] in <5ae095f7408b4d5cb5cdbfc3d3c31d20>:0 
  at log4net.Util.SystemInfo.GetAppSetting (System.String key) [0x00000] in <00c34789746b40dda4cd7be2c85ba32f>:0 
log4net:ERROR Exception while reading ConfigurationSettings. Check your .config file is well formed XML.
System.Configuration.ConfigurationErrorsException: Configuration system failed to initialize ---> System.PlatformNotSupportedException: Operation is not supported on this platform.
  at System.Configuration.ClientConfigPaths..ctor (System.String exePath, System.Boolean includeUserConfig) [0x00050] in <5ae095f7408b4d5cb5cdbfc3d3c31d20>:0 
  at System.Configuration.ClientConfigPaths.GetPaths (System.String exePath, System.Boolean includeUserConfig) [0x00018] in <5ae095f7408b4d5cb5cdbfc3d3c31d20>:0 
  at System.Configuration.ClientConfigurationHost.get_ConfigPaths () [0x0000a] in <5ae095f7408b4d5cb5cdbfc3d3c31d20>:0 
  at System.Configuration.ClientConfigurationHost.GetStreamName (System.String configPath) [0x0006d] in <5ae095f7408b4d5cb5cdbfc3d3c31d20>:0 
  at System.Configuration.ClientConfigurationHost.get_IsAppConfigHttp () [0x00000] in <5ae095f7408b4d5cb5cdbfc3d3c31d20>:0 
  at System.Configuration.Internal.DelegatingConfigHost.get_IsAppConfigHttp () [0x00006] in <5ae095f7408b4d5cb5cdbfc3d3c31d20>:0 
  at System.Configuration.ClientConfigurationSystem..ctor () [0x00051] in <5ae095f7408b4d5cb5cdbfc3d3c31d20>:0 
  at System.Configuration.ConfigurationManager.EnsureConfigurationSystem () [0x00024] in <5ae095f7408b4d5cb5cdbfc3d3c31d20>:0 
   --- End of inner exception stack trace ---
  at System.Configuration.ConfigurationManager.PrepareConfigSystem () [0x0001a] in <5ae095f7408b4d5cb5cdbfc3d3c31d20>:0 
  at System.Configuration.ConfigurationManager.GetSection (System.String sectionName) [0x0000a] in <5ae095f7408b4d5cb5cdbfc3d3c31d20>:0 
  at System.Configuration.ConfigurationManager.get_AppSettings () [0x00000] in <5ae095f7408b4d5cb5cdbfc3d3c31d20>:0 
  at log4net.Util.SystemInfo.GetAppSetting (System.String key) [0x00000] in <00c34789746b40dda4cd7be2c85ba32f>:0 
log4net:ERROR Exception while reading ConfigurationSettings. Check your .config file is well formed XML.
System.Configuration.ConfigurationErrorsException: Configuration system failed to initialize ---> System.PlatformNotSupportedException: Operation is not supported on this platform.
  at System.Configuration.ClientConfigPaths..ctor (System.String exePath, System.Boolean includeUserConfig) [0x00050] in <5ae095f7408b4d5cb5cdbfc3d3c31d20>:0 
  at System.Configuration.ClientConfigPaths.GetPaths (System.String exePath, System.Boolean includeUserConfig) [0x00018] in <5ae095f7408b4d5cb5cdbfc3d3c31d20>:0 
  at System.Configuration.ClientConfigurationHost.get_ConfigPaths () [0x0000a] in <5ae095f7408b4d5cb5cdbfc3d3c31d20>:0 
  at System.Configuration.ClientConfigurationHost.GetStreamName (System.String configPath) [0x0006d] in <5ae095f7408b4d5cb5cdbfc3d3c31d20>:0 
  at System.Configuration.ClientConfigurationHost.get_IsAppConfigHttp () [0x00000] in <5ae095f7408b4d5cb5cdbfc3d3c31d20>:0 
  at System.Configuration.Internal.DelegatingConfigHost.get_IsAppConfigHttp () [0x00006] in <5ae095f7408b4d5cb5cdbfc3d3c31d20>:0 
  at System.Configuration.ClientConfigurationSystem..ctor () [0x00051] in <5ae095f7408b4d5cb5cdbfc3d3c31d20>:0 
  at System.Configuration.ConfigurationManager.EnsureConfigurationSystem () [0x00024] in <5ae095f7408b4d5cb5cdbfc3d3c31d20>:0 
   --- End of inner exception stack trace ---
  at System.Configuration.ConfigurationManager.PrepareConfigSystem () [0x0001a] in <5ae095f7408b4d5cb5cdbfc3d3c31d20>:0 
  at System.Configuration.ConfigurationManager.GetSection (System.String sectionName) [0x0000a] in <5ae095f7408b4d5cb5cdbfc3d3c31d20>:0 
  at System.Configuration.ConfigurationManager.get_AppSettings () [0x00000] in <5ae095f7408b4d5cb5cdbfc3d3c31d20>:0 
  at log4net.Util.SystemInfo.GetAppSetting (System.String key) [0x00000] in <00c34789746b40dda4cd7be2c85ba32f>:0 
log4net:ERROR Exception while reading ConfigurationSettings. Check your .config file is well formed XML.
System.Configuration.ConfigurationErrorsException: Configuration system failed to initialize ---> System.PlatformNotSupportedException: Operation is not supported on this platform.
  at System.Configuration.ClientConfigPaths..ctor (System.String exePath, System.Boolean includeUserConfig) [0x00050] in <5ae095f7408b4d5cb5cdbfc3d3c31d20>:0 
  at System.Configuration.ClientConfigPaths.GetPaths (System.String exePath, System.Boolean includeUserConfig) [0x00018] in <5ae095f7408b4d5cb5cdbfc3d3c31d20>:0 
  at System.Configuration.ClientConfigurationHost.get_ConfigPaths () [0x0000a] in <5ae095f7408b4d5cb5cdbfc3d3c31d20>:0 
  at System.Configuration.ClientConfigurationHost.GetStreamName (System.String configPath) [0x0006d] in <5ae095f7408b4d5cb5cdbfc3d3c31d20>:0 
  at System.Configuration.ClientConfigurationHost.get_IsAppConfigHttp () [0x00000] in <5ae095f7408b4d5cb5cdbfc3d3c31d20>:0 
  at System.Configuration.Internal.DelegatingConfigHost.get_IsAppConfigHttp () [0x00006] in <5ae095f7408b4d5cb5cdbfc3d3c31d20>:0 
  at System.Configuration.ClientConfigurationSystem..ctor () [0x00051] in <5ae095f7408b4d5cb5cdbfc3d3c31d20>:0 
  at System.Configuration.ConfigurationManager.EnsureConfigurationSystem () [0x00024] in <5ae095f7408b4d5cb5cdbfc3d3c31d20>:0 
   --- End of inner exception stack trace ---
  at System.Configuration.ConfigurationManager.PrepareConfigSystem () [0x0001a] in <5ae095f7408b4d5cb5cdbfc3d3c31d20>:0 
  at System.Configuration.ConfigurationManager.GetSection (System.String sectionName) [0x0000a] in <5ae095f7408b4d5cb5cdbfc3d3c31d20>:0 
  at System.Configuration.ConfigurationManager.get_AppSettings () [0x00000] in <5ae095f7408b4d5cb5cdbfc3d3c31d20>:0 
  at log4net.Util.SystemInfo.GetAppSetting (System.String key) [0x00000] in <00c34789746b40dda4cd7be2c85ba32f>:0 
log4net:ERROR Exception while reading ConfigurationSettings. Check your .config file is well formed XML.
System.Configuration.ConfigurationErrorsException: Configuration system failed to initialize ---> System.PlatformNotSupportedException: Operation is not supported on this platform.
  at System.Configuration.ClientConfigPaths..ctor (System.String exePath, System.Boolean includeUserConfig) [0x00050] in <5ae095f7408b4d5cb5cdbfc3d3c31d20>:0 
  at System.Configuration.ClientConfigPaths.GetPaths (System.String exePath, System.Boolean includeUserConfig) [0x00018] in <5ae095f7408b4d5cb5cdbfc3d3c31d20>:0 
  at System.Configuration.ClientConfigurationHost.get_ConfigPaths () [0x0000a] in <5ae095f7408b4d5cb5cdbfc3d3c31d20>:0 
  at System.Configuration.ClientConfigurationHost.GetStreamName (System.String configPath) [0x0006d] in <5ae095f7408b4d5cb5cdbfc3d3c31d20>:0 
  at System.Configuration.ClientConfigurationHost.get_IsAppConfigHttp () [0x00000] in <5ae095f7408b4d5cb5cdbfc3d3c31d20>:0 
  at System.Configuration.Internal.DelegatingConfigHost.get_IsAppConfigHttp () [0x00006] in <5ae095f7408b4d5cb5cdbfc3d3c31d20>:0 
  at System.Configuration.ClientConfigurationSystem..ctor () [0x00051] in <5ae095f7408b4d5cb5cdbfc3d3c31d20>:0 
  at System.Configuration.ConfigurationManager.EnsureConfigurationSystem () [0x00024] in <5ae095f7408b4d5cb5cdbfc3d3c31d20>:0 
   --- End of inner exception stack trace ---
  at System.Configuration.ConfigurationManager.PrepareConfigSystem () [0x0001a] in <5ae095f7408b4d5cb5cdbfc3d3c31d20>:0 
  at System.Configuration.ConfigurationManager.GetSection (System.String sectionName) [0x0000a] in <5ae095f7408b4d5cb5cdbfc3d3c31d20>:0 
  at System.Configuration.ConfigurationManager.get_AppSettings () [0x00000] in <5ae095f7408b4d5cb5cdbfc3d3c31d20>:0 
  at log4net.Util.SystemInfo.GetAppSetting (System.String key) [0x00000] in <00c34789746b40dda4cd7be2c85ba32f>:0 
Mono: successfully reloaded assembly
- Finished resetting the current domain, in  0.906 seconds
Domain Reload Profiling: 1800ms
	BeginReloadAssembly (222ms)
		ExecutionOrderSort (0ms)
		DisableScriptedObjects (17ms)
		BackupInstance (0ms)
		ReleaseScriptingObjects (0ms)
		CreateAndSetChildDomain (53ms)
	RebuildCommonClasses (37ms)
	RebuildNativeTypeToScriptingClass (16ms)
	initialDomainReloadingComplete (32ms)
	LoadAllAssembliesAndSetupDomain (587ms)
		LoadAssemblies (414ms)
		RebuildTransferFunctionScriptingTraits (0ms)
		AnalyzeDomain (280ms)
			TypeCache.Refresh (9ms)
				TypeCache.ScanAssembly (0ms)
			BuildScriptInfoCaches (254ms)
			ResolveRequiredComponents (13ms)
	FinalizeReload (907ms)
		ReleaseScriptCaches (0ms)
		RebuildScriptCaches (0ms)
		SetupLoadedEditorAssemblies (688ms)
			LogAssemblyErrors (0ms)
			InitializePlatformSupportModulesInManaged (3ms)
			SetLoadedEditorAssemblies (5ms)
			BeforeProcessingInitializeOnLoad (126ms)
			ProcessInitializeOnLoadAttributes (469ms)
			ProcessInitializeOnLoadMethodAttributes (83ms)
			AfterProcessingInitializeOnLoad (2ms)
			EditorAssembliesLoaded (0ms)
		ExecutionOrderSort2 (0ms)
		AwakeInstancesAfterBackupRestoration (14ms)
Refreshing native plugins compatible for Editor in 2.70 ms, found 4 plugins.
Preloading 0 native plugins for Editor in 0.00 ms.
Unloading 13 Unused Serialized files (Serialized files now loaded: 0)
Unloading 6681 unused Assets / (4.4 MB). Loaded Objects now: 7364.
Memory consumption went from 159.7 MB to 155.3 MB.
Total: 10.053500 ms (FindLiveObjects: 0.952300 ms CreateObjectMapping: 0.803700 ms MarkObjects: 5.780300 ms  DeleteObjects: 2.515300 ms)

Prepare: number of updated asset objects reloaded= 0
========================================================================
Received Prepare
Begin MonoManager ReloadAssembly
Duplicate assembly 'log4net.dll' with different versions detected, using 'Assets/Packages/log4net.3.0.4/lib/netstandard2.0/log4net.dll, AssemblyName=log4net, Version=3.0.4.0, Culture=neutral, PublicKeyToken=669e0ddf0bb1aa2a' and ignoring 'Packages/com.unity.collab-proxy/Lib/Editor/log4netPlastic.dll, AssemblyName=log4net, Version=1.2.15.0, Culture=neutral, PublicKeyToken=669e0ddf0bb1aa2a'.Symbol file LoadedFromMemory is not a mono symbol file
- Loaded All Assemblies, in  0.925 seconds
Refreshing native plugins compatible for Editor in 1.97 ms, found 4 plugins.
Native extension for WindowsStandalone target not found
log4net:ERROR Exception while reading ConfigurationSettings. Check your .config file is well formed XML.
System.Configuration.ConfigurationErrorsException: Configuration system failed to initialize ---> System.PlatformNotSupportedException: Operation is not supported on this platform.
  at System.Configuration.ClientConfigPaths..ctor (System.String exePath, System.Boolean includeUserConfig) [0x00050] in <5ae095f7408b4d5cb5cdbfc3d3c31d20>:0 
  at System.Configuration.ClientConfigPaths.GetPaths (System.String exePath, System.Boolean includeUserConfig) [0x00018] in <5ae095f7408b4d5cb5cdbfc3d3c31d20>:0 
  at System.Configuration.ClientConfigurationHost.get_ConfigPaths () [0x0000a] in <5ae095f7408b4d5cb5cdbfc3d3c31d20>:0 
  at System.Configuration.ClientConfigurationHost.GetStreamName (System.String configPath) [0x0006d] in <5ae095f7408b4d5cb5cdbfc3d3c31d20>:0 
  at System.Configuration.ClientConfigurationHost.get_IsAppConfigHttp () [0x00000] in <5ae095f7408b4d5cb5cdbfc3d3c31d20>:0 
  at System.Configuration.Internal.DelegatingConfigHost.get_IsAppConfigHttp () [0x00006] in <5ae095f7408b4d5cb5cdbfc3d3c31d20>:0 
  at System.Configuration.ClientConfigurationSystem..ctor () [0x00051] in <5ae095f7408b4d5cb5cdbfc3d3c31d20>:0 
  at System.Configuration.ConfigurationManager.EnsureConfigurationSystem () [0x00024] in <5ae095f7408b4d5cb5cdbfc3d3c31d20>:0 
   --- End of inner exception stack trace ---
  at System.Configuration.ConfigurationManager.EnsureConfigurationSystem () [0x00060] in <5ae095f7408b4d5cb5cdbfc3d3c31d20>:0 
  at System.Configuration.ConfigurationManager.PrepareConfigSystem () [0x0000a] in <5ae095f7408b4d5cb5cdbfc3d3c31d20>:0 
  at System.Configuration.ConfigurationManager.GetSection (System.String sectionName) [0x0000a] in <5ae095f7408b4d5cb5cdbfc3d3c31d20>:0 
  at System.Configuration.ConfigurationManager.get_AppSettings () [0x00000] in <5ae095f7408b4d5cb5cdbfc3d3c31d20>:0 
  at log4net.Util.SystemInfo.GetAppSetting (System.String key) [0x00000] in <00c34789746b40dda4cd7be2c85ba32f>:0 
log4net:ERROR Exception while reading ConfigurationSettings. Check your .config file is well formed XML.
System.Configuration.ConfigurationErrorsException: Configuration system failed to initialize ---> System.PlatformNotSupportedException: Operation is not supported on this platform.
  at System.Configuration.ClientConfigPaths..ctor (System.String exePath, System.Boolean includeUserConfig) [0x00050] in <5ae095f7408b4d5cb5cdbfc3d3c31d20>:0 
  at System.Configuration.ClientConfigPaths.GetPaths (System.String exePath, System.Boolean includeUserConfig) [0x00018] in <5ae095f7408b4d5cb5cdbfc3d3c31d20>:0 
  at System.Configuration.ClientConfigurationHost.get_ConfigPaths () [0x0000a] in <5ae095f7408b4d5cb5cdbfc3d3c31d20>:0 
  at System.Configuration.ClientConfigurationHost.GetStreamName (System.String configPath) [0x0006d] in <5ae095f7408b4d5cb5cdbfc3d3c31d20>:0 
  at System.Configuration.ClientConfigurationHost.get_IsAppConfigHttp () [0x00000] in <5ae095f7408b4d5cb5cdbfc3d3c31d20>:0 
  at System.Configuration.Internal.DelegatingConfigHost.get_IsAppConfigHttp () [0x00006] in <5ae095f7408b4d5cb5cdbfc3d3c31d20>:0 
  at System.Configuration.ClientConfigurationSystem..ctor () [0x00051] in <5ae095f7408b4d5cb5cdbfc3d3c31d20>:0 
  at System.Configuration.ConfigurationManager.EnsureConfigurationSystem () [0x00024] in <5ae095f7408b4d5cb5cdbfc3d3c31d20>:0 
   --- End of inner exception stack trace ---
  at System.Configuration.ConfigurationManager.PrepareConfigSystem () [0x0001a] in <5ae095f7408b4d5cb5cdbfc3d3c31d20>:0 
  at System.Configuration.ConfigurationManager.GetSection (System.String sectionName) [0x0000a] in <5ae095f7408b4d5cb5cdbfc3d3c31d20>:0 
  at System.Configuration.ConfigurationManager.get_AppSettings () [0x00000] in <5ae095f7408b4d5cb5cdbfc3d3c31d20>:0 
  at log4net.Util.SystemInfo.GetAppSetting (System.String key) [0x00000] in <00c34789746b40dda4cd7be2c85ba32f>:0 
log4net:ERROR Exception while reading ConfigurationSettings. Check your .config file is well formed XML.
System.Configuration.ConfigurationErrorsException: Configuration system failed to initialize ---> System.PlatformNotSupportedException: Operation is not supported on this platform.
  at System.Configuration.ClientConfigPaths..ctor (System.String exePath, System.Boolean includeUserConfig) [0x00050] in <5ae095f7408b4d5cb5cdbfc3d3c31d20>:0 
  at System.Configuration.ClientConfigPaths.GetPaths (System.String exePath, System.Boolean includeUserConfig) [0x00018] in <5ae095f7408b4d5cb5cdbfc3d3c31d20>:0 
  at System.Configuration.ClientConfigurationHost.get_ConfigPaths () [0x0000a] in <5ae095f7408b4d5cb5cdbfc3d3c31d20>:0 
  at System.Configuration.ClientConfigurationHost.GetStreamName (System.String configPath) [0x0006d] in <5ae095f7408b4d5cb5cdbfc3d3c31d20>:0 
  at System.Configuration.ClientConfigurationHost.get_IsAppConfigHttp () [0x00000] in <5ae095f7408b4d5cb5cdbfc3d3c31d20>:0 
  at System.Configuration.Internal.DelegatingConfigHost.get_IsAppConfigHttp () [0x00006] in <5ae095f7408b4d5cb5cdbfc3d3c31d20>:0 
  at System.Configuration.ClientConfigurationSystem..ctor () [0x00051] in <5ae095f7408b4d5cb5cdbfc3d3c31d20>:0 
  at System.Configuration.ConfigurationManager.EnsureConfigurationSystem () [0x00024] in <5ae095f7408b4d5cb5cdbfc3d3c31d20>:0 
   --- End of inner exception stack trace ---
  at System.Configuration.ConfigurationManager.PrepareConfigSystem () [0x0001a] in <5ae095f7408b4d5cb5cdbfc3d3c31d20>:0 
  at System.Configuration.ConfigurationManager.GetSection (System.String sectionName) [0x0000a] in <5ae095f7408b4d5cb5cdbfc3d3c31d20>:0 
  at System.Configuration.ConfigurationManager.get_AppSettings () [0x00000] in <5ae095f7408b4d5cb5cdbfc3d3c31d20>:0 
  at log4net.Util.SystemInfo.GetAppSetting (System.String key) [0x00000] in <00c34789746b40dda4cd7be2c85ba32f>:0 
log4net:ERROR Exception while reading ConfigurationSettings. Check your .config file is well formed XML.
System.Configuration.ConfigurationErrorsException: Configuration system failed to initialize ---> System.PlatformNotSupportedException: Operation is not supported on this platform.
  at System.Configuration.ClientConfigPaths..ctor (System.String exePath, System.Boolean includeUserConfig) [0x00050] in <5ae095f7408b4d5cb5cdbfc3d3c31d20>:0 
  at System.Configuration.ClientConfigPaths.GetPaths (System.String exePath, System.Boolean includeUserConfig) [0x00018] in <5ae095f7408b4d5cb5cdbfc3d3c31d20>:0 
  at System.Configuration.ClientConfigurationHost.get_ConfigPaths () [0x0000a] in <5ae095f7408b4d5cb5cdbfc3d3c31d20>:0 
  at System.Configuration.ClientConfigurationHost.GetStreamName (System.String configPath) [0x0006d] in <5ae095f7408b4d5cb5cdbfc3d3c31d20>:0 
  at System.Configuration.ClientConfigurationHost.get_IsAppConfigHttp () [0x00000] in <5ae095f7408b4d5cb5cdbfc3d3c31d20>:0 
  at System.Configuration.Internal.DelegatingConfigHost.get_IsAppConfigHttp () [0x00006] in <5ae095f7408b4d5cb5cdbfc3d3c31d20>:0 
  at System.Configuration.ClientConfigurationSystem..ctor () [0x00051] in <5ae095f7408b4d5cb5cdbfc3d3c31d20>:0 
  at System.Configuration.ConfigurationManager.EnsureConfigurationSystem () [0x00024] in <5ae095f7408b4d5cb5cdbfc3d3c31d20>:0 
   --- End of inner exception stack trace ---
  at System.Configuration.ConfigurationManager.PrepareConfigSystem () [0x0001a] in <5ae095f7408b4d5cb5cdbfc3d3c31d20>:0 
  at System.Configuration.ConfigurationManager.GetSection (System.String sectionName) [0x0000a] in <5ae095f7408b4d5cb5cdbfc3d3c31d20>:0 
  at System.Configuration.ConfigurationManager.get_AppSettings () [0x00000] in <5ae095f7408b4d5cb5cdbfc3d3c31d20>:0 
  at log4net.Util.SystemInfo.GetAppSetting (System.String key) [0x00000] in <00c34789746b40dda4cd7be2c85ba32f>:0 
log4net:ERROR Exception while reading ConfigurationSettings. Check your .config file is well formed XML.
System.Configuration.ConfigurationErrorsException: Configuration system failed to initialize ---> System.PlatformNotSupportedException: Operation is not supported on this platform.
  at System.Configuration.ClientConfigPaths..ctor (System.String exePath, System.Boolean includeUserConfig) [0x00050] in <5ae095f7408b4d5cb5cdbfc3d3c31d20>:0 
  at System.Configuration.ClientConfigPaths.GetPaths (System.String exePath, System.Boolean includeUserConfig) [0x00018] in <5ae095f7408b4d5cb5cdbfc3d3c31d20>:0 
  at System.Configuration.ClientConfigurationHost.get_ConfigPaths () [0x0000a] in <5ae095f7408b4d5cb5cdbfc3d3c31d20>:0 
  at System.Configuration.ClientConfigurationHost.GetStreamName (System.String configPath) [0x0006d] in <5ae095f7408b4d5cb5cdbfc3d3c31d20>:0 
  at System.Configuration.ClientConfigurationHost.get_IsAppConfigHttp () [0x00000] in <5ae095f7408b4d5cb5cdbfc3d3c31d20>:0 
  at System.Configuration.Internal.DelegatingConfigHost.get_IsAppConfigHttp () [0x00006] in <5ae095f7408b4d5cb5cdbfc3d3c31d20>:0 
  at System.Configuration.ClientConfigurationSystem..ctor () [0x00051] in <5ae095f7408b4d5cb5cdbfc3d3c31d20>:0 
  at System.Configuration.ConfigurationManager.EnsureConfigurationSystem () [0x00024] in <5ae095f7408b4d5cb5cdbfc3d3c31d20>:0 
   --- End of inner exception stack trace ---
  at System.Configuration.ConfigurationManager.PrepareConfigSystem () [0x0001a] in <5ae095f7408b4d5cb5cdbfc3d3c31d20>:0 
  at System.Configuration.ConfigurationManager.GetSection (System.String sectionName) [0x0000a] in <5ae095f7408b4d5cb5cdbfc3d3c31d20>:0 
  at System.Configuration.ConfigurationManager.get_AppSettings () [0x00000] in <5ae095f7408b4d5cb5cdbfc3d3c31d20>:0 
  at log4net.Util.SystemInfo.GetAppSetting (System.String key) [0x00000] in <00c34789746b40dda4cd7be2c85ba32f>:0 
log4net:ERROR Exception while reading ConfigurationSettings. Check your .config file is well formed XML.
System.Configuration.ConfigurationErrorsException: Configuration system failed to initialize ---> System.PlatformNotSupportedException: Operation is not supported on this platform.
  at System.Configuration.ClientConfigPaths..ctor (System.String exePath, System.Boolean includeUserConfig) [0x00050] in <5ae095f7408b4d5cb5cdbfc3d3c31d20>:0 
  at System.Configuration.ClientConfigPaths.GetPaths (System.String exePath, System.Boolean includeUserConfig) [0x00018] in <5ae095f7408b4d5cb5cdbfc3d3c31d20>:0 
  at System.Configuration.ClientConfigurationHost.get_ConfigPaths () [0x0000a] in <5ae095f7408b4d5cb5cdbfc3d3c31d20>:0 
  at System.Configuration.ClientConfigurationHost.GetStreamName (System.String configPath) [0x0006d] in <5ae095f7408b4d5cb5cdbfc3d3c31d20>:0 
  at System.Configuration.ClientConfigurationHost.get_IsAppConfigHttp () [0x00000] in <5ae095f7408b4d5cb5cdbfc3d3c31d20>:0 
  at System.Configuration.Internal.DelegatingConfigHost.get_IsAppConfigHttp () [0x00006] in <5ae095f7408b4d5cb5cdbfc3d3c31d20>:0 
  at System.Configuration.ClientConfigurationSystem..ctor () [0x00051] in <5ae095f7408b4d5cb5cdbfc3d3c31d20>:0 
  at System.Configuration.ConfigurationManager.EnsureConfigurationSystem () [0x00024] in <5ae095f7408b4d5cb5cdbfc3d3c31d20>:0 
   --- End of inner exception stack trace ---
  at System.Configuration.ConfigurationManager.PrepareConfigSystem () [0x0001a] in <5ae095f7408b4d5cb5cdbfc3d3c31d20>:0 
  at System.Configuration.ConfigurationManager.GetSection (System.String sectionName) [0x0000a] in <5ae095f7408b4d5cb5cdbfc3d3c31d20>:0 
  at System.Configuration.ConfigurationManager.get_AppSettings () [0x00000] in <5ae095f7408b4d5cb5cdbfc3d3c31d20>:0 
  at log4net.Util.SystemInfo.GetAppSetting (System.String key) [0x00000] in <00c34789746b40dda4cd7be2c85ba32f>:0 
log4net:ERROR Exception while reading ConfigurationSettings. Check your .config file is well formed XML.
System.Configuration.ConfigurationErrorsException: Configuration system failed to initialize ---> System.PlatformNotSupportedException: Operation is not supported on this platform.
  at System.Configuration.ClientConfigPaths..ctor (System.String exePath, System.Boolean includeUserConfig) [0x00050] in <5ae095f7408b4d5cb5cdbfc3d3c31d20>:0 
  at System.Configuration.ClientConfigPaths.GetPaths (System.String exePath, System.Boolean includeUserConfig) [0x00018] in <5ae095f7408b4d5cb5cdbfc3d3c31d20>:0 
  at System.Configuration.ClientConfigurationHost.get_ConfigPaths () [0x0000a] in <5ae095f7408b4d5cb5cdbfc3d3c31d20>:0 
  at System.Configuration.ClientConfigurationHost.GetStreamName (System.String configPath) [0x0006d] in <5ae095f7408b4d5cb5cdbfc3d3c31d20>:0 
  at System.Configuration.ClientConfigurationHost.get_IsAppConfigHttp () [0x00000] in <5ae095f7408b4d5cb5cdbfc3d3c31d20>:0 
  at System.Configuration.Internal.DelegatingConfigHost.get_IsAppConfigHttp () [0x00006] in <5ae095f7408b4d5cb5cdbfc3d3c31d20>:0 
  at System.Configuration.ClientConfigurationSystem..ctor () [0x00051] in <5ae095f7408b4d5cb5cdbfc3d3c31d20>:0 
  at System.Configuration.ConfigurationManager.EnsureConfigurationSystem () [0x00024] in <5ae095f7408b4d5cb5cdbfc3d3c31d20>:0 
   --- End of inner exception stack trace ---
  at System.Configuration.ConfigurationManager.PrepareConfigSystem () [0x0001a] in <5ae095f7408b4d5cb5cdbfc3d3c31d20>:0 
  at System.Configuration.ConfigurationManager.GetSection (System.String sectionName) [0x0000a] in <5ae095f7408b4d5cb5cdbfc3d3c31d20>:0 
  at System.Configuration.ConfigurationManager.get_AppSettings () [0x00000] in <5ae095f7408b4d5cb5cdbfc3d3c31d20>:0 
  at log4net.Util.SystemInfo.GetAppSetting (System.String key) [0x00000] in <00c34789746b40dda4cd7be2c85ba32f>:0 
Mono: successfully reloaded assembly
- Finished resetting the current domain, in  0.925 seconds
Domain Reload Profiling: 1849ms
	BeginReloadAssembly (224ms)
		ExecutionOrderSort (0ms)
		DisableScriptedObjects (17ms)
		BackupInstance (0ms)
		ReleaseScriptingObjects (0ms)
		CreateAndSetChildDomain (53ms)
	RebuildCommonClasses (37ms)
	RebuildNativeTypeToScriptingClass (15ms)
	initialDomainReloadingComplete (33ms)
	LoadAllAssembliesAndSetupDomain (615ms)
		LoadAssemblies (439ms)
		RebuildTransferFunctionScriptingTraits (0ms)
		AnalyzeDomain (285ms)
			TypeCache.Refresh (9ms)
				TypeCache.ScanAssembly (0ms)
			BuildScriptInfoCaches (260ms)
			ResolveRequiredComponents (13ms)
	FinalizeReload (925ms)
		ReleaseScriptCaches (0ms)
		RebuildScriptCaches (0ms)
		SetupLoadedEditorAssemblies (709ms)
			LogAssemblyErrors (0ms)
			InitializePlatformSupportModulesInManaged (3ms)
			SetLoadedEditorAssemblies (6ms)
			BeforeProcessingInitializeOnLoad (127ms)
			ProcessInitializeOnLoadAttributes (490ms)
			ProcessInitializeOnLoadMethodAttributes (80ms)
			AfterProcessingInitializeOnLoad (2ms)
			EditorAssembliesLoaded (0ms)
		ExecutionOrderSort2 (0ms)
		AwakeInstancesAfterBackupRestoration (14ms)
Refreshing native plugins compatible for Editor in 2.71 ms, found 4 plugins.
Preloading 0 native plugins for Editor in 0.00 ms.
Unloading 13 Unused Serialized files (Serialized files now loaded: 0)
Unloading 6681 unused Assets / (4.6 MB). Loaded Objects now: 7366.
Memory consumption went from 159.7 MB to 155.1 MB.
Total: 9.968900 ms (FindLiveObjects: 0.935100 ms CreateObjectMapping: 0.706100 ms MarkObjects: 5.773200 ms  DeleteObjects: 2.552700 ms)

Prepare: number of updated asset objects reloaded= 0
========================================================================
Received Prepare
Begin MonoManager ReloadAssembly
Duplicate assembly 'log4net.dll' with different versions detected, using 'Assets/Packages/log4net.3.0.4/lib/netstandard2.0/log4net.dll, AssemblyName=log4net, Version=3.0.4.0, Culture=neutral, PublicKeyToken=669e0ddf0bb1aa2a' and ignoring 'Packages/com.unity.collab-proxy/Lib/Editor/log4netPlastic.dll, AssemblyName=log4net, Version=1.2.15.0, Culture=neutral, PublicKeyToken=669e0ddf0bb1aa2a'.Symbol file LoadedFromMemory is not a mono symbol file
- Loaded All Assemblies, in  0.907 seconds
Refreshing native plugins compatible for Editor in 2.15 ms, found 4 plugins.
Native extension for WindowsStandalone target not found
log4net:ERROR Exception while reading ConfigurationSettings. Check your .config file is well formed XML.
System.Configuration.ConfigurationErrorsException: Configuration system failed to initialize ---> System.PlatformNotSupportedException: Operation is not supported on this platform.
  at System.Configuration.ClientConfigPaths..ctor (System.String exePath, System.Boolean includeUserConfig) [0x00050] in <5ae095f7408b4d5cb5cdbfc3d3c31d20>:0 
  at System.Configuration.ClientConfigPaths.GetPaths (System.String exePath, System.Boolean includeUserConfig) [0x00018] in <5ae095f7408b4d5cb5cdbfc3d3c31d20>:0 
  at System.Configuration.ClientConfigurationHost.get_ConfigPaths () [0x0000a] in <5ae095f7408b4d5cb5cdbfc3d3c31d20>:0 
  at System.Configuration.ClientConfigurationHost.GetStreamName (System.String configPath) [0x0006d] in <5ae095f7408b4d5cb5cdbfc3d3c31d20>:0 
  at System.Configuration.ClientConfigurationHost.get_IsAppConfigHttp () [0x00000] in <5ae095f7408b4d5cb5cdbfc3d3c31d20>:0 
  at System.Configuration.Internal.DelegatingConfigHost.get_IsAppConfigHttp () [0x00006] in <5ae095f7408b4d5cb5cdbfc3d3c31d20>:0 
  at System.Configuration.ClientConfigurationSystem..ctor () [0x00051] in <5ae095f7408b4d5cb5cdbfc3d3c31d20>:0 
  at System.Configuration.ConfigurationManager.EnsureConfigurationSystem () [0x00024] in <5ae095f7408b4d5cb5cdbfc3d3c31d20>:0 
   --- End of inner exception stack trace ---
  at System.Configuration.ConfigurationManager.EnsureConfigurationSystem () [0x00060] in <5ae095f7408b4d5cb5cdbfc3d3c31d20>:0 
  at System.Configuration.ConfigurationManager.PrepareConfigSystem () [0x0000a] in <5ae095f7408b4d5cb5cdbfc3d3c31d20>:0 
  at System.Configuration.ConfigurationManager.GetSection (System.String sectionName) [0x0000a] in <5ae095f7408b4d5cb5cdbfc3d3c31d20>:0 
  at System.Configuration.ConfigurationManager.get_AppSettings () [0x00000] in <5ae095f7408b4d5cb5cdbfc3d3c31d20>:0 
  at log4net.Util.SystemInfo.GetAppSetting (System.String key) [0x00000] in <00c34789746b40dda4cd7be2c85ba32f>:0 
log4net:ERROR Exception while reading ConfigurationSettings. Check your .config file is well formed XML.
System.Configuration.ConfigurationErrorsException: Configuration system failed to initialize ---> System.PlatformNotSupportedException: Operation is not supported on this platform.
  at System.Configuration.ClientConfigPaths..ctor (System.String exePath, System.Boolean includeUserConfig) [0x00050] in <5ae095f7408b4d5cb5cdbfc3d3c31d20>:0 
  at System.Configuration.ClientConfigPaths.GetPaths (System.String exePath, System.Boolean includeUserConfig) [0x00018] in <5ae095f7408b4d5cb5cdbfc3d3c31d20>:0 
  at System.Configuration.ClientConfigurationHost.get_ConfigPaths () [0x0000a] in <5ae095f7408b4d5cb5cdbfc3d3c31d20>:0 
  at System.Configuration.ClientConfigurationHost.GetStreamName (System.String configPath) [0x0006d] in <5ae095f7408b4d5cb5cdbfc3d3c31d20>:0 
  at System.Configuration.ClientConfigurationHost.get_IsAppConfigHttp () [0x00000] in <5ae095f7408b4d5cb5cdbfc3d3c31d20>:0 
  at System.Configuration.Internal.DelegatingConfigHost.get_IsAppConfigHttp () [0x00006] in <5ae095f7408b4d5cb5cdbfc3d3c31d20>:0 
  at System.Configuration.ClientConfigurationSystem..ctor () [0x00051] in <5ae095f7408b4d5cb5cdbfc3d3c31d20>:0 
  at System.Configuration.ConfigurationManager.EnsureConfigurationSystem () [0x00024] in <5ae095f7408b4d5cb5cdbfc3d3c31d20>:0 
   --- End of inner exception stack trace ---
  at System.Configuration.ConfigurationManager.PrepareConfigSystem () [0x0001a] in <5ae095f7408b4d5cb5cdbfc3d3c31d20>:0 
  at System.Configuration.ConfigurationManager.GetSection (System.String sectionName) [0x0000a] in <5ae095f7408b4d5cb5cdbfc3d3c31d20>:0 
  at System.Configuration.ConfigurationManager.get_AppSettings () [0x00000] in <5ae095f7408b4d5cb5cdbfc3d3c31d20>:0 
  at log4net.Util.SystemInfo.GetAppSetting (System.String key) [0x00000] in <00c34789746b40dda4cd7be2c85ba32f>:0 
log4net:ERROR Exception while reading ConfigurationSettings. Check your .config file is well formed XML.
System.Configuration.ConfigurationErrorsException: Configuration system failed to initialize ---> System.PlatformNotSupportedException: Operation is not supported on this platform.
  at System.Configuration.ClientConfigPaths..ctor (System.String exePath, System.Boolean includeUserConfig) [0x00050] in <5ae095f7408b4d5cb5cdbfc3d3c31d20>:0 
  at System.Configuration.ClientConfigPaths.GetPaths (System.String exePath, System.Boolean includeUserConfig) [0x00018] in <5ae095f7408b4d5cb5cdbfc3d3c31d20>:0 
  at System.Configuration.ClientConfigurationHost.get_ConfigPaths () [0x0000a] in <5ae095f7408b4d5cb5cdbfc3d3c31d20>:0 
  at System.Configuration.ClientConfigurationHost.GetStreamName (System.String configPath) [0x0006d] in <5ae095f7408b4d5cb5cdbfc3d3c31d20>:0 
  at System.Configuration.ClientConfigurationHost.get_IsAppConfigHttp () [0x00000] in <5ae095f7408b4d5cb5cdbfc3d3c31d20>:0 
  at System.Configuration.Internal.DelegatingConfigHost.get_IsAppConfigHttp () [0x00006] in <5ae095f7408b4d5cb5cdbfc3d3c31d20>:0 
  at System.Configuration.ClientConfigurationSystem..ctor () [0x00051] in <5ae095f7408b4d5cb5cdbfc3d3c31d20>:0 
  at System.Configuration.ConfigurationManager.EnsureConfigurationSystem () [0x00024] in <5ae095f7408b4d5cb5cdbfc3d3c31d20>:0 
   --- End of inner exception stack trace ---
  at System.Configuration.ConfigurationManager.PrepareConfigSystem () [0x0001a] in <5ae095f7408b4d5cb5cdbfc3d3c31d20>:0 
  at System.Configuration.ConfigurationManager.GetSection (System.String sectionName) [0x0000a] in <5ae095f7408b4d5cb5cdbfc3d3c31d20>:0 
  at System.Configuration.ConfigurationManager.get_AppSettings () [0x00000] in <5ae095f7408b4d5cb5cdbfc3d3c31d20>:0 
  at log4net.Util.SystemInfo.GetAppSetting (System.String key) [0x00000] in <00c34789746b40dda4cd7be2c85ba32f>:0 
log4net:ERROR Exception while reading ConfigurationSettings. Check your .config file is well formed XML.
System.Configuration.ConfigurationErrorsException: Configuration system failed to initialize ---> System.PlatformNotSupportedException: Operation is not supported on this platform.
  at System.Configuration.ClientConfigPaths..ctor (System.String exePath, System.Boolean includeUserConfig) [0x00050] in <5ae095f7408b4d5cb5cdbfc3d3c31d20>:0 
  at System.Configuration.ClientConfigPaths.GetPaths (System.String exePath, System.Boolean includeUserConfig) [0x00018] in <5ae095f7408b4d5cb5cdbfc3d3c31d20>:0 
  at System.Configuration.ClientConfigurationHost.get_ConfigPaths () [0x0000a] in <5ae095f7408b4d5cb5cdbfc3d3c31d20>:0 
  at System.Configuration.ClientConfigurationHost.GetStreamName (System.String configPath) [0x0006d] in <5ae095f7408b4d5cb5cdbfc3d3c31d20>:0 
  at System.Configuration.ClientConfigurationHost.get_IsAppConfigHttp () [0x00000] in <5ae095f7408b4d5cb5cdbfc3d3c31d20>:0 
  at System.Configuration.Internal.DelegatingConfigHost.get_IsAppConfigHttp () [0x00006] in <5ae095f7408b4d5cb5cdbfc3d3c31d20>:0 
  at System.Configuration.ClientConfigurationSystem..ctor () [0x00051] in <5ae095f7408b4d5cb5cdbfc3d3c31d20>:0 
  at System.Configuration.ConfigurationManager.EnsureConfigurationSystem () [0x00024] in <5ae095f7408b4d5cb5cdbfc3d3c31d20>:0 
   --- End of inner exception stack trace ---
  at System.Configuration.ConfigurationManager.PrepareConfigSystem () [0x0001a] in <5ae095f7408b4d5cb5cdbfc3d3c31d20>:0 
  at System.Configuration.ConfigurationManager.GetSection (System.String sectionName) [0x0000a] in <5ae095f7408b4d5cb5cdbfc3d3c31d20>:0 
  at System.Configuration.ConfigurationManager.get_AppSettings () [0x00000] in <5ae095f7408b4d5cb5cdbfc3d3c31d20>:0 
  at log4net.Util.SystemInfo.GetAppSetting (System.String key) [0x00000] in <00c34789746b40dda4cd7be2c85ba32f>:0 
log4net:ERROR Exception while reading ConfigurationSettings. Check your .config file is well formed XML.
System.Configuration.ConfigurationErrorsException: Configuration system failed to initialize ---> System.PlatformNotSupportedException: Operation is not supported on this platform.
  at System.Configuration.ClientConfigPaths..ctor (System.String exePath, System.Boolean includeUserConfig) [0x00050] in <5ae095f7408b4d5cb5cdbfc3d3c31d20>:0 
  at System.Configuration.ClientConfigPaths.GetPaths (System.String exePath, System.Boolean includeUserConfig) [0x00018] in <5ae095f7408b4d5cb5cdbfc3d3c31d20>:0 
  at System.Configuration.ClientConfigurationHost.get_ConfigPaths () [0x0000a] in <5ae095f7408b4d5cb5cdbfc3d3c31d20>:0 
  at System.Configuration.ClientConfigurationHost.GetStreamName (System.String configPath) [0x0006d] in <5ae095f7408b4d5cb5cdbfc3d3c31d20>:0 
  at System.Configuration.ClientConfigurationHost.get_IsAppConfigHttp () [0x00000] in <5ae095f7408b4d5cb5cdbfc3d3c31d20>:0 
  at System.Configuration.Internal.DelegatingConfigHost.get_IsAppConfigHttp () [0x00006] in <5ae095f7408b4d5cb5cdbfc3d3c31d20>:0 
  at System.Configuration.ClientConfigurationSystem..ctor () [0x00051] in <5ae095f7408b4d5cb5cdbfc3d3c31d20>:0 
  at System.Configuration.ConfigurationManager.EnsureConfigurationSystem () [0x00024] in <5ae095f7408b4d5cb5cdbfc3d3c31d20>:0 
   --- End of inner exception stack trace ---
  at System.Configuration.ConfigurationManager.PrepareConfigSystem () [0x0001a] in <5ae095f7408b4d5cb5cdbfc3d3c31d20>:0 
  at System.Configuration.ConfigurationManager.GetSection (System.String sectionName) [0x0000a] in <5ae095f7408b4d5cb5cdbfc3d3c31d20>:0 
  at System.Configuration.ConfigurationManager.get_AppSettings () [0x00000] in <5ae095f7408b4d5cb5cdbfc3d3c31d20>:0 
  at log4net.Util.SystemInfo.GetAppSetting (System.String key) [0x00000] in <00c34789746b40dda4cd7be2c85ba32f>:0 
log4net:ERROR Exception while reading ConfigurationSettings. Check your .config file is well formed XML.
System.Configuration.ConfigurationErrorsException: Configuration system failed to initialize ---> System.PlatformNotSupportedException: Operation is not supported on this platform.
  at System.Configuration.ClientConfigPaths..ctor (System.String exePath, System.Boolean includeUserConfig) [0x00050] in <5ae095f7408b4d5cb5cdbfc3d3c31d20>:0 
  at System.Configuration.ClientConfigPaths.GetPaths (System.String exePath, System.Boolean includeUserConfig) [0x00018] in <5ae095f7408b4d5cb5cdbfc3d3c31d20>:0 
  at System.Configuration.ClientConfigurationHost.get_ConfigPaths () [0x0000a] in <5ae095f7408b4d5cb5cdbfc3d3c31d20>:0 
  at System.Configuration.ClientConfigurationHost.GetStreamName (System.String configPath) [0x0006d] in <5ae095f7408b4d5cb5cdbfc3d3c31d20>:0 
  at System.Configuration.ClientConfigurationHost.get_IsAppConfigHttp () [0x00000] in <5ae095f7408b4d5cb5cdbfc3d3c31d20>:0 
  at System.Configuration.Internal.DelegatingConfigHost.get_IsAppConfigHttp () [0x00006] in <5ae095f7408b4d5cb5cdbfc3d3c31d20>:0 
  at System.Configuration.ClientConfigurationSystem..ctor () [0x00051] in <5ae095f7408b4d5cb5cdbfc3d3c31d20>:0 
  at System.Configuration.ConfigurationManager.EnsureConfigurationSystem () [0x00024] in <5ae095f7408b4d5cb5cdbfc3d3c31d20>:0 
   --- End of inner exception stack trace ---
  at System.Configuration.ConfigurationManager.PrepareConfigSystem () [0x0001a] in <5ae095f7408b4d5cb5cdbfc3d3c31d20>:0 
  at System.Configuration.ConfigurationManager.GetSection (System.String sectionName) [0x0000a] in <5ae095f7408b4d5cb5cdbfc3d3c31d20>:0 
  at System.Configuration.ConfigurationManager.get_AppSettings () [0x00000] in <5ae095f7408b4d5cb5cdbfc3d3c31d20>:0 
  at log4net.Util.SystemInfo.GetAppSetting (System.String key) [0x00000] in <00c34789746b40dda4cd7be2c85ba32f>:0 
log4net:ERROR Exception while reading ConfigurationSettings. Check your .config file is well formed XML.
System.Configuration.ConfigurationErrorsException: Configuration system failed to initialize ---> System.PlatformNotSupportedException: Operation is not supported on this platform.
  at System.Configuration.ClientConfigPaths..ctor (System.String exePath, System.Boolean includeUserConfig) [0x00050] in <5ae095f7408b4d5cb5cdbfc3d3c31d20>:0 
  at System.Configuration.ClientConfigPaths.GetPaths (System.String exePath, System.Boolean includeUserConfig) [0x00018] in <5ae095f7408b4d5cb5cdbfc3d3c31d20>:0 
  at System.Configuration.ClientConfigurationHost.get_ConfigPaths () [0x0000a] in <5ae095f7408b4d5cb5cdbfc3d3c31d20>:0 
  at System.Configuration.ClientConfigurationHost.GetStreamName (System.String configPath) [0x0006d] in <5ae095f7408b4d5cb5cdbfc3d3c31d20>:0 
  at System.Configuration.ClientConfigurationHost.get_IsAppConfigHttp () [0x00000] in <5ae095f7408b4d5cb5cdbfc3d3c31d20>:0 
  at System.Configuration.Internal.DelegatingConfigHost.get_IsAppConfigHttp () [0x00006] in <5ae095f7408b4d5cb5cdbfc3d3c31d20>:0 
  at System.Configuration.ClientConfigurationSystem..ctor () [0x00051] in <5ae095f7408b4d5cb5cdbfc3d3c31d20>:0 
  at System.Configuration.ConfigurationManager.EnsureConfigurationSystem () [0x00024] in <5ae095f7408b4d5cb5cdbfc3d3c31d20>:0 
   --- End of inner exception stack trace ---
  at System.Configuration.ConfigurationManager.PrepareConfigSystem () [0x0001a] in <5ae095f7408b4d5cb5cdbfc3d3c31d20>:0 
  at System.Configuration.ConfigurationManager.GetSection (System.String sectionName) [0x0000a] in <5ae095f7408b4d5cb5cdbfc3d3c31d20>:0 
  at System.Configuration.ConfigurationManager.get_AppSettings () [0x00000] in <5ae095f7408b4d5cb5cdbfc3d3c31d20>:0 
  at log4net.Util.SystemInfo.GetAppSetting (System.String key) [0x00000] in <00c34789746b40dda4cd7be2c85ba32f>:0 
Mono: successfully reloaded assembly
- Finished resetting the current domain, in  0.969 seconds
Domain Reload Profiling: 1875ms
	BeginReloadAssembly (220ms)
		ExecutionOrderSort (0ms)
		DisableScriptedObjects (17ms)
		BackupInstance (0ms)
		ReleaseScriptingObjects (0ms)
		CreateAndSetChildDomain (51ms)
	RebuildCommonClasses (40ms)
	RebuildNativeTypeToScriptingClass (16ms)
	initialDomainReloadingComplete (34ms)
	LoadAllAssembliesAndSetupDomain (595ms)
		LoadAssemblies (420ms)
		RebuildTransferFunctionScriptingTraits (0ms)
		AnalyzeDomain (283ms)
			TypeCache.Refresh (9ms)
				TypeCache.ScanAssembly (0ms)
			BuildScriptInfoCaches (257ms)
			ResolveRequiredComponents (13ms)
	FinalizeReload (969ms)
		ReleaseScriptCaches (0ms)
		RebuildScriptCaches (0ms)
		SetupLoadedEditorAssemblies (731ms)
			LogAssemblyErrors (0ms)
			InitializePlatformSupportModulesInManaged (3ms)
			SetLoadedEditorAssemblies (5ms)
			BeforeProcessingInitializeOnLoad (131ms)
			ProcessInitializeOnLoadAttributes (504ms)
			ProcessInitializeOnLoadMethodAttributes (86ms)
			AfterProcessingInitializeOnLoad (3ms)
			EditorAssembliesLoaded (0ms)
		ExecutionOrderSort2 (0ms)
		AwakeInstancesAfterBackupRestoration (15ms)
Refreshing native plugins compatible for Editor in 2.33 ms, found 4 plugins.
Preloading 0 native plugins for Editor in 0.00 ms.
Unloading 13 Unused Serialized files (Serialized files now loaded: 0)
Unloading 6681 unused Assets / (4.3 MB). Loaded Objects now: 7368.
Memory consumption went from 159.7 MB to 155.3 MB.
Total: 8.694100 ms (FindLiveObjects: 0.854100 ms CreateObjectMapping: 0.522200 ms MarkObjects: 5.147500 ms  DeleteObjects: 2.168900 ms)

Prepare: number of updated asset objects reloaded= 0
========================================================================
Received Prepare
Begin MonoManager ReloadAssembly
Duplicate assembly 'log4net.dll' with different versions detected, using 'Assets/Packages/log4net.3.0.4/lib/netstandard2.0/log4net.dll, AssemblyName=log4net, Version=3.0.4.0, Culture=neutral, PublicKeyToken=669e0ddf0bb1aa2a' and ignoring 'Packages/com.unity.collab-proxy/Lib/Editor/log4netPlastic.dll, AssemblyName=log4net, Version=1.2.15.0, Culture=neutral, PublicKeyToken=669e0ddf0bb1aa2a'.Symbol file LoadedFromMemory is not a mono symbol file
- Loaded All Assemblies, in  0.902 seconds
Refreshing native plugins compatible for Editor in 2.12 ms, found 4 plugins.
Native extension for WindowsStandalone target not found
log4net:ERROR Exception while reading ConfigurationSettings. Check your .config file is well formed XML.
System.Configuration.ConfigurationErrorsException: Configuration system failed to initialize ---> System.PlatformNotSupportedException: Operation is not supported on this platform.
  at System.Configuration.ClientConfigPaths..ctor (System.String exePath, System.Boolean includeUserConfig) [0x00050] in <5ae095f7408b4d5cb5cdbfc3d3c31d20>:0 
  at System.Configuration.ClientConfigPaths.GetPaths (System.String exePath, System.Boolean includeUserConfig) [0x00018] in <5ae095f7408b4d5cb5cdbfc3d3c31d20>:0 
  at System.Configuration.ClientConfigurationHost.get_ConfigPaths () [0x0000a] in <5ae095f7408b4d5cb5cdbfc3d3c31d20>:0 
  at System.Configuration.ClientConfigurationHost.GetStreamName (System.String configPath) [0x0006d] in <5ae095f7408b4d5cb5cdbfc3d3c31d20>:0 
  at System.Configuration.ClientConfigurationHost.get_IsAppConfigHttp () [0x00000] in <5ae095f7408b4d5cb5cdbfc3d3c31d20>:0 
  at System.Configuration.Internal.DelegatingConfigHost.get_IsAppConfigHttp () [0x00006] in <5ae095f7408b4d5cb5cdbfc3d3c31d20>:0 
  at System.Configuration.ClientConfigurationSystem..ctor () [0x00051] in <5ae095f7408b4d5cb5cdbfc3d3c31d20>:0 
  at System.Configuration.ConfigurationManager.EnsureConfigurationSystem () [0x00024] in <5ae095f7408b4d5cb5cdbfc3d3c31d20>:0 
   --- End of inner exception stack trace ---
  at System.Configuration.ConfigurationManager.EnsureConfigurationSystem () [0x00060] in <5ae095f7408b4d5cb5cdbfc3d3c31d20>:0 
  at System.Configuration.ConfigurationManager.PrepareConfigSystem () [0x0000a] in <5ae095f7408b4d5cb5cdbfc3d3c31d20>:0 
  at System.Configuration.ConfigurationManager.GetSection (System.String sectionName) [0x0000a] in <5ae095f7408b4d5cb5cdbfc3d3c31d20>:0 
  at System.Configuration.ConfigurationManager.get_AppSettings () [0x00000] in <5ae095f7408b4d5cb5cdbfc3d3c31d20>:0 
  at log4net.Util.SystemInfo.GetAppSetting (System.String key) [0x00000] in <00c34789746b40dda4cd7be2c85ba32f>:0 
log4net:ERROR Exception while reading ConfigurationSettings. Check your .config file is well formed XML.
System.Configuration.ConfigurationErrorsException: Configuration system failed to initialize ---> System.PlatformNotSupportedException: Operation is not supported on this platform.
  at System.Configuration.ClientConfigPaths..ctor (System.String exePath, System.Boolean includeUserConfig) [0x00050] in <5ae095f7408b4d5cb5cdbfc3d3c31d20>:0 
  at System.Configuration.ClientConfigPaths.GetPaths (System.String exePath, System.Boolean includeUserConfig) [0x00018] in <5ae095f7408b4d5cb5cdbfc3d3c31d20>:0 
  at System.Configuration.ClientConfigurationHost.get_ConfigPaths () [0x0000a] in <5ae095f7408b4d5cb5cdbfc3d3c31d20>:0 
  at System.Configuration.ClientConfigurationHost.GetStreamName (System.String configPath) [0x0006d] in <5ae095f7408b4d5cb5cdbfc3d3c31d20>:0 
  at System.Configuration.ClientConfigurationHost.get_IsAppConfigHttp () [0x00000] in <5ae095f7408b4d5cb5cdbfc3d3c31d20>:0 
  at System.Configuration.Internal.DelegatingConfigHost.get_IsAppConfigHttp () [0x00006] in <5ae095f7408b4d5cb5cdbfc3d3c31d20>:0 
  at System.Configuration.ClientConfigurationSystem..ctor () [0x00051] in <5ae095f7408b4d5cb5cdbfc3d3c31d20>:0 
  at System.Configuration.ConfigurationManager.EnsureConfigurationSystem () [0x00024] in <5ae095f7408b4d5cb5cdbfc3d3c31d20>:0 
   --- End of inner exception stack trace ---
  at System.Configuration.ConfigurationManager.PrepareConfigSystem () [0x0001a] in <5ae095f7408b4d5cb5cdbfc3d3c31d20>:0 
  at System.Configuration.ConfigurationManager.GetSection (System.String sectionName) [0x0000a] in <5ae095f7408b4d5cb5cdbfc3d3c31d20>:0 
  at System.Configuration.ConfigurationManager.get_AppSettings () [0x00000] in <5ae095f7408b4d5cb5cdbfc3d3c31d20>:0 
  at log4net.Util.SystemInfo.GetAppSetting (System.String key) [0x00000] in <00c34789746b40dda4cd7be2c85ba32f>:0 
log4net:ERROR Exception while reading ConfigurationSettings. Check your .config file is well formed XML.
System.Configuration.ConfigurationErrorsException: Configuration system failed to initialize ---> System.PlatformNotSupportedException: Operation is not supported on this platform.
  at System.Configuration.ClientConfigPaths..ctor (System.String exePath, System.Boolean includeUserConfig) [0x00050] in <5ae095f7408b4d5cb5cdbfc3d3c31d20>:0 
  at System.Configuration.ClientConfigPaths.GetPaths (System.String exePath, System.Boolean includeUserConfig) [0x00018] in <5ae095f7408b4d5cb5cdbfc3d3c31d20>:0 
  at System.Configuration.ClientConfigurationHost.get_ConfigPaths () [0x0000a] in <5ae095f7408b4d5cb5cdbfc3d3c31d20>:0 
  at System.Configuration.ClientConfigurationHost.GetStreamName (System.String configPath) [0x0006d] in <5ae095f7408b4d5cb5cdbfc3d3c31d20>:0 
  at System.Configuration.ClientConfigurationHost.get_IsAppConfigHttp () [0x00000] in <5ae095f7408b4d5cb5cdbfc3d3c31d20>:0 
  at System.Configuration.Internal.DelegatingConfigHost.get_IsAppConfigHttp () [0x00006] in <5ae095f7408b4d5cb5cdbfc3d3c31d20>:0 
  at System.Configuration.ClientConfigurationSystem..ctor () [0x00051] in <5ae095f7408b4d5cb5cdbfc3d3c31d20>:0 
  at System.Configuration.ConfigurationManager.EnsureConfigurationSystem () [0x00024] in <5ae095f7408b4d5cb5cdbfc3d3c31d20>:0 
   --- End of inner exception stack trace ---
  at System.Configuration.ConfigurationManager.PrepareConfigSystem () [0x0001a] in <5ae095f7408b4d5cb5cdbfc3d3c31d20>:0 
  at System.Configuration.ConfigurationManager.GetSection (System.String sectionName) [0x0000a] in <5ae095f7408b4d5cb5cdbfc3d3c31d20>:0 
  at System.Configuration.ConfigurationManager.get_AppSettings () [0x00000] in <5ae095f7408b4d5cb5cdbfc3d3c31d20>:0 
  at log4net.Util.SystemInfo.GetAppSetting (System.String key) [0x00000] in <00c34789746b40dda4cd7be2c85ba32f>:0 
log4net:ERROR Exception while reading ConfigurationSettings. Check your .config file is well formed XML.
System.Configuration.ConfigurationErrorsException: Configuration system failed to initialize ---> System.PlatformNotSupportedException: Operation is not supported on this platform.
  at System.Configuration.ClientConfigPaths..ctor (System.String exePath, System.Boolean includeUserConfig) [0x00050] in <5ae095f7408b4d5cb5cdbfc3d3c31d20>:0 
  at System.Configuration.ClientConfigPaths.GetPaths (System.String exePath, System.Boolean includeUserConfig) [0x00018] in <5ae095f7408b4d5cb5cdbfc3d3c31d20>:0 
  at System.Configuration.ClientConfigurationHost.get_ConfigPaths () [0x0000a] in <5ae095f7408b4d5cb5cdbfc3d3c31d20>:0 
  at System.Configuration.ClientConfigurationHost.GetStreamName (System.String configPath) [0x0006d] in <5ae095f7408b4d5cb5cdbfc3d3c31d20>:0 
  at System.Configuration.ClientConfigurationHost.get_IsAppConfigHttp () [0x00000] in <5ae095f7408b4d5cb5cdbfc3d3c31d20>:0 
  at System.Configuration.Internal.DelegatingConfigHost.get_IsAppConfigHttp () [0x00006] in <5ae095f7408b4d5cb5cdbfc3d3c31d20>:0 
  at System.Configuration.ClientConfigurationSystem..ctor () [0x00051] in <5ae095f7408b4d5cb5cdbfc3d3c31d20>:0 
  at System.Configuration.ConfigurationManager.EnsureConfigurationSystem () [0x00024] in <5ae095f7408b4d5cb5cdbfc3d3c31d20>:0 
   --- End of inner exception stack trace ---
  at System.Configuration.ConfigurationManager.PrepareConfigSystem () [0x0001a] in <5ae095f7408b4d5cb5cdbfc3d3c31d20>:0 
  at System.Configuration.ConfigurationManager.GetSection (System.String sectionName) [0x0000a] in <5ae095f7408b4d5cb5cdbfc3d3c31d20>:0 
  at System.Configuration.ConfigurationManager.get_AppSettings () [0x00000] in <5ae095f7408b4d5cb5cdbfc3d3c31d20>:0 
  at log4net.Util.SystemInfo.GetAppSetting (System.String key) [0x00000] in <00c34789746b40dda4cd7be2c85ba32f>:0 
log4net:ERROR Exception while reading ConfigurationSettings. Check your .config file is well formed XML.
System.Configuration.ConfigurationErrorsException: Configuration system failed to initialize ---> System.PlatformNotSupportedException: Operation is not supported on this platform.
  at System.Configuration.ClientConfigPaths..ctor (System.String exePath, System.Boolean includeUserConfig) [0x00050] in <5ae095f7408b4d5cb5cdbfc3d3c31d20>:0 
  at System.Configuration.ClientConfigPaths.GetPaths (System.String exePath, System.Boolean includeUserConfig) [0x00018] in <5ae095f7408b4d5cb5cdbfc3d3c31d20>:0 
  at System.Configuration.ClientConfigurationHost.get_ConfigPaths () [0x0000a] in <5ae095f7408b4d5cb5cdbfc3d3c31d20>:0 
  at System.Configuration.ClientConfigurationHost.GetStreamName (System.String configPath) [0x0006d] in <5ae095f7408b4d5cb5cdbfc3d3c31d20>:0 
  at System.Configuration.ClientConfigurationHost.get_IsAppConfigHttp () [0x00000] in <5ae095f7408b4d5cb5cdbfc3d3c31d20>:0 
  at System.Configuration.Internal.DelegatingConfigHost.get_IsAppConfigHttp () [0x00006] in <5ae095f7408b4d5cb5cdbfc3d3c31d20>:0 
  at System.Configuration.ClientConfigurationSystem..ctor () [0x00051] in <5ae095f7408b4d5cb5cdbfc3d3c31d20>:0 
  at System.Configuration.ConfigurationManager.EnsureConfigurationSystem () [0x00024] in <5ae095f7408b4d5cb5cdbfc3d3c31d20>:0 
   --- End of inner exception stack trace ---
  at System.Configuration.ConfigurationManager.PrepareConfigSystem () [0x0001a] in <5ae095f7408b4d5cb5cdbfc3d3c31d20>:0 
  at System.Configuration.ConfigurationManager.GetSection (System.String sectionName) [0x0000a] in <5ae095f7408b4d5cb5cdbfc3d3c31d20>:0 
  at System.Configuration.ConfigurationManager.get_AppSettings () [0x00000] in <5ae095f7408b4d5cb5cdbfc3d3c31d20>:0 
  at log4net.Util.SystemInfo.GetAppSetting (System.String key) [0x00000] in <00c34789746b40dda4cd7be2c85ba32f>:0 
log4net:ERROR Exception while reading ConfigurationSettings. Check your .config file is well formed XML.
System.Configuration.ConfigurationErrorsException: Configuration system failed to initialize ---> System.PlatformNotSupportedException: Operation is not supported on this platform.
  at System.Configuration.ClientConfigPaths..ctor (System.String exePath, System.Boolean includeUserConfig) [0x00050] in <5ae095f7408b4d5cb5cdbfc3d3c31d20>:0 
  at System.Configuration.ClientConfigPaths.GetPaths (System.String exePath, System.Boolean includeUserConfig) [0x00018] in <5ae095f7408b4d5cb5cdbfc3d3c31d20>:0 
  at System.Configuration.ClientConfigurationHost.get_ConfigPaths () [0x0000a] in <5ae095f7408b4d5cb5cdbfc3d3c31d20>:0 
  at System.Configuration.ClientConfigurationHost.GetStreamName (System.String configPath) [0x0006d] in <5ae095f7408b4d5cb5cdbfc3d3c31d20>:0 
  at System.Configuration.ClientConfigurationHost.get_IsAppConfigHttp () [0x00000] in <5ae095f7408b4d5cb5cdbfc3d3c31d20>:0 
  at System.Configuration.Internal.DelegatingConfigHost.get_IsAppConfigHttp () [0x00006] in <5ae095f7408b4d5cb5cdbfc3d3c31d20>:0 
  at System.Configuration.ClientConfigurationSystem..ctor () [0x00051] in <5ae095f7408b4d5cb5cdbfc3d3c31d20>:0 
  at System.Configuration.ConfigurationManager.EnsureConfigurationSystem () [0x00024] in <5ae095f7408b4d5cb5cdbfc3d3c31d20>:0 
   --- End of inner exception stack trace ---
  at System.Configuration.ConfigurationManager.PrepareConfigSystem () [0x0001a] in <5ae095f7408b4d5cb5cdbfc3d3c31d20>:0 
  at System.Configuration.ConfigurationManager.GetSection (System.String sectionName) [0x0000a] in <5ae095f7408b4d5cb5cdbfc3d3c31d20>:0 
  at System.Configuration.ConfigurationManager.get_AppSettings () [0x00000] in <5ae095f7408b4d5cb5cdbfc3d3c31d20>:0 
  at log4net.Util.SystemInfo.GetAppSetting (System.String key) [0x00000] in <00c34789746b40dda4cd7be2c85ba32f>:0 
log4net:ERROR Exception while reading ConfigurationSettings. Check your .config file is well formed XML.
System.Configuration.ConfigurationErrorsException: Configuration system failed to initialize ---> System.PlatformNotSupportedException: Operation is not supported on this platform.
  at System.Configuration.ClientConfigPaths..ctor (System.String exePath, System.Boolean includeUserConfig) [0x00050] in <5ae095f7408b4d5cb5cdbfc3d3c31d20>:0 
  at System.Configuration.ClientConfigPaths.GetPaths (System.String exePath, System.Boolean includeUserConfig) [0x00018] in <5ae095f7408b4d5cb5cdbfc3d3c31d20>:0 
  at System.Configuration.ClientConfigurationHost.get_ConfigPaths () [0x0000a] in <5ae095f7408b4d5cb5cdbfc3d3c31d20>:0 
  at System.Configuration.ClientConfigurationHost.GetStreamName (System.String configPath) [0x0006d] in <5ae095f7408b4d5cb5cdbfc3d3c31d20>:0 
  at System.Configuration.ClientConfigurationHost.get_IsAppConfigHttp () [0x00000] in <5ae095f7408b4d5cb5cdbfc3d3c31d20>:0 
  at System.Configuration.Internal.DelegatingConfigHost.get_IsAppConfigHttp () [0x00006] in <5ae095f7408b4d5cb5cdbfc3d3c31d20>:0 
  at System.Configuration.ClientConfigurationSystem..ctor () [0x00051] in <5ae095f7408b4d5cb5cdbfc3d3c31d20>:0 
  at System.Configuration.ConfigurationManager.EnsureConfigurationSystem () [0x00024] in <5ae095f7408b4d5cb5cdbfc3d3c31d20>:0 
   --- End of inner exception stack trace ---
  at System.Configuration.ConfigurationManager.PrepareConfigSystem () [0x0001a] in <5ae095f7408b4d5cb5cdbfc3d3c31d20>:0 
  at System.Configuration.ConfigurationManager.GetSection (System.String sectionName) [0x0000a] in <5ae095f7408b4d5cb5cdbfc3d3c31d20>:0 
  at System.Configuration.ConfigurationManager.get_AppSettings () [0x00000] in <5ae095f7408b4d5cb5cdbfc3d3c31d20>:0 
  at log4net.Util.SystemInfo.GetAppSetting (System.String key) [0x00000] in <00c34789746b40dda4cd7be2c85ba32f>:0 
Mono: successfully reloaded assembly
- Finished resetting the current domain, in  0.920 seconds
Domain Reload Profiling: 1821ms
	BeginReloadAssembly (224ms)
		ExecutionOrderSort (0ms)
		DisableScriptedObjects (17ms)
		BackupInstance (0ms)
		ReleaseScriptingObjects (0ms)
		CreateAndSetChildDomain (52ms)
	RebuildCommonClasses (37ms)
	RebuildNativeTypeToScriptingClass (15ms)
	initialDomainReloadingComplete (32ms)
	LoadAllAssembliesAndSetupDomain (593ms)
		LoadAssemblies (416ms)
		RebuildTransferFunctionScriptingTraits (0ms)
		AnalyzeDomain (286ms)
			TypeCache.Refresh (9ms)
				TypeCache.ScanAssembly (0ms)
			BuildScriptInfoCaches (260ms)
			ResolveRequiredComponents (14ms)
	FinalizeReload (921ms)
		ReleaseScriptCaches (0ms)
		RebuildScriptCaches (0ms)
		SetupLoadedEditorAssemblies (698ms)
			LogAssemblyErrors (0ms)
			InitializePlatformSupportModulesInManaged (3ms)
			SetLoadedEditorAssemblies (6ms)
			BeforeProcessingInitializeOnLoad (128ms)
			ProcessInitializeOnLoadAttributes (473ms)
			ProcessInitializeOnLoadMethodAttributes (86ms)
			AfterProcessingInitializeOnLoad (2ms)
			EditorAssembliesLoaded (0ms)
		ExecutionOrderSort2 (0ms)
		AwakeInstancesAfterBackupRestoration (17ms)
Refreshing native plugins compatible for Editor in 2.28 ms, found 4 plugins.
Preloading 0 native plugins for Editor in 0.00 ms.
Unloading 13 Unused Serialized files (Serialized files now loaded: 0)
Unloading 6681 unused Assets / (4.3 MB). Loaded Objects now: 7370.
Memory consumption went from 159.6 MB to 155.3 MB.
Total: 8.595300 ms (FindLiveObjects: 0.862300 ms CreateObjectMapping: 0.482900 ms MarkObjects: 4.982500 ms  DeleteObjects: 2.266100 ms)

Prepare: number of updated asset objects reloaded= 0
========================================================================
Received Prepare
Begin MonoManager ReloadAssembly
Duplicate assembly 'log4net.dll' with different versions detected, using 'Assets/Packages/log4net.3.0.4/lib/netstandard2.0/log4net.dll, AssemblyName=log4net, Version=3.0.4.0, Culture=neutral, PublicKeyToken=669e0ddf0bb1aa2a' and ignoring 'Packages/com.unity.collab-proxy/Lib/Editor/log4netPlastic.dll, AssemblyName=log4net, Version=1.2.15.0, Culture=neutral, PublicKeyToken=669e0ddf0bb1aa2a'.Symbol file LoadedFromMemory is not a mono symbol file
- Loaded All Assemblies, in  0.916 seconds
Refreshing native plugins compatible for Editor in 2.22 ms, found 4 plugins.
Native extension for WindowsStandalone target not found
log4net:ERROR Exception while reading ConfigurationSettings. Check your .config file is well formed XML.
System.Configuration.ConfigurationErrorsException: Configuration system failed to initialize ---> System.PlatformNotSupportedException: Operation is not supported on this platform.
  at System.Configuration.ClientConfigPaths..ctor (System.String exePath, System.Boolean includeUserConfig) [0x00050] in <5ae095f7408b4d5cb5cdbfc3d3c31d20>:0 
  at System.Configuration.ClientConfigPaths.GetPaths (System.String exePath, System.Boolean includeUserConfig) [0x00018] in <5ae095f7408b4d5cb5cdbfc3d3c31d20>:0 
  at System.Configuration.ClientConfigurationHost.get_ConfigPaths () [0x0000a] in <5ae095f7408b4d5cb5cdbfc3d3c31d20>:0 
  at System.Configuration.ClientConfigurationHost.GetStreamName (System.String configPath) [0x0006d] in <5ae095f7408b4d5cb5cdbfc3d3c31d20>:0 
  at System.Configuration.ClientConfigurationHost.get_IsAppConfigHttp () [0x00000] in <5ae095f7408b4d5cb5cdbfc3d3c31d20>:0 
  at System.Configuration.Internal.DelegatingConfigHost.get_IsAppConfigHttp () [0x00006] in <5ae095f7408b4d5cb5cdbfc3d3c31d20>:0 
  at System.Configuration.ClientConfigurationSystem..ctor () [0x00051] in <5ae095f7408b4d5cb5cdbfc3d3c31d20>:0 
  at System.Configuration.ConfigurationManager.EnsureConfigurationSystem () [0x00024] in <5ae095f7408b4d5cb5cdbfc3d3c31d20>:0 
   --- End of inner exception stack trace ---
  at System.Configuration.ConfigurationManager.EnsureConfigurationSystem () [0x00060] in <5ae095f7408b4d5cb5cdbfc3d3c31d20>:0 
  at System.Configuration.ConfigurationManager.PrepareConfigSystem () [0x0000a] in <5ae095f7408b4d5cb5cdbfc3d3c31d20>:0 
  at System.Configuration.ConfigurationManager.GetSection (System.String sectionName) [0x0000a] in <5ae095f7408b4d5cb5cdbfc3d3c31d20>:0 
  at System.Configuration.ConfigurationManager.get_AppSettings () [0x00000] in <5ae095f7408b4d5cb5cdbfc3d3c31d20>:0 
  at log4net.Util.SystemInfo.GetAppSetting (System.String key) [0x00000] in <00c34789746b40dda4cd7be2c85ba32f>:0 
log4net:ERROR Exception while reading ConfigurationSettings. Check your .config file is well formed XML.
System.Configuration.ConfigurationErrorsException: Configuration system failed to initialize ---> System.PlatformNotSupportedException: Operation is not supported on this platform.
  at System.Configuration.ClientConfigPaths..ctor (System.String exePath, System.Boolean includeUserConfig) [0x00050] in <5ae095f7408b4d5cb5cdbfc3d3c31d20>:0 
  at System.Configuration.ClientConfigPaths.GetPaths (System.String exePath, System.Boolean includeUserConfig) [0x00018] in <5ae095f7408b4d5cb5cdbfc3d3c31d20>:0 
  at System.Configuration.ClientConfigurationHost.get_ConfigPaths () [0x0000a] in <5ae095f7408b4d5cb5cdbfc3d3c31d20>:0 
  at System.Configuration.ClientConfigurationHost.GetStreamName (System.String configPath) [0x0006d] in <5ae095f7408b4d5cb5cdbfc3d3c31d20>:0 
  at System.Configuration.ClientConfigurationHost.get_IsAppConfigHttp () [0x00000] in <5ae095f7408b4d5cb5cdbfc3d3c31d20>:0 
  at System.Configuration.Internal.DelegatingConfigHost.get_IsAppConfigHttp () [0x00006] in <5ae095f7408b4d5cb5cdbfc3d3c31d20>:0 
  at System.Configuration.ClientConfigurationSystem..ctor () [0x00051] in <5ae095f7408b4d5cb5cdbfc3d3c31d20>:0 
  at System.Configuration.ConfigurationManager.EnsureConfigurationSystem () [0x00024] in <5ae095f7408b4d5cb5cdbfc3d3c31d20>:0 
   --- End of inner exception stack trace ---
  at System.Configuration.ConfigurationManager.PrepareConfigSystem () [0x0001a] in <5ae095f7408b4d5cb5cdbfc3d3c31d20>:0 
  at System.Configuration.ConfigurationManager.GetSection (System.String sectionName) [0x0000a] in <5ae095f7408b4d5cb5cdbfc3d3c31d20>:0 
  at System.Configuration.ConfigurationManager.get_AppSettings () [0x00000] in <5ae095f7408b4d5cb5cdbfc3d3c31d20>:0 
  at log4net.Util.SystemInfo.GetAppSetting (System.String key) [0x00000] in <00c34789746b40dda4cd7be2c85ba32f>:0 
log4net:ERROR Exception while reading ConfigurationSettings. Check your .config file is well formed XML.
System.Configuration.ConfigurationErrorsException: Configuration system failed to initialize ---> System.PlatformNotSupportedException: Operation is not supported on this platform.
  at System.Configuration.ClientConfigPaths..ctor (System.String exePath, System.Boolean includeUserConfig) [0x00050] in <5ae095f7408b4d5cb5cdbfc3d3c31d20>:0 
  at System.Configuration.ClientConfigPaths.GetPaths (System.String exePath, System.Boolean includeUserConfig) [0x00018] in <5ae095f7408b4d5cb5cdbfc3d3c31d20>:0 
  at System.Configuration.ClientConfigurationHost.get_ConfigPaths () [0x0000a] in <5ae095f7408b4d5cb5cdbfc3d3c31d20>:0 
  at System.Configuration.ClientConfigurationHost.GetStreamName (System.String configPath) [0x0006d] in <5ae095f7408b4d5cb5cdbfc3d3c31d20>:0 
  at System.Configuration.ClientConfigurationHost.get_IsAppConfigHttp () [0x00000] in <5ae095f7408b4d5cb5cdbfc3d3c31d20>:0 
  at System.Configuration.Internal.DelegatingConfigHost.get_IsAppConfigHttp () [0x00006] in <5ae095f7408b4d5cb5cdbfc3d3c31d20>:0 
  at System.Configuration.ClientConfigurationSystem..ctor () [0x00051] in <5ae095f7408b4d5cb5cdbfc3d3c31d20>:0 
  at System.Configuration.ConfigurationManager.EnsureConfigurationSystem () [0x00024] in <5ae095f7408b4d5cb5cdbfc3d3c31d20>:0 
   --- End of inner exception stack trace ---
  at System.Configuration.ConfigurationManager.PrepareConfigSystem () [0x0001a] in <5ae095f7408b4d5cb5cdbfc3d3c31d20>:0 
  at System.Configuration.ConfigurationManager.GetSection (System.String sectionName) [0x0000a] in <5ae095f7408b4d5cb5cdbfc3d3c31d20>:0 
  at System.Configuration.ConfigurationManager.get_AppSettings () [0x00000] in <5ae095f7408b4d5cb5cdbfc3d3c31d20>:0 
  at log4net.Util.SystemInfo.GetAppSetting (System.String key) [0x00000] in <00c34789746b40dda4cd7be2c85ba32f>:0 
log4net:ERROR Exception while reading ConfigurationSettings. Check your .config file is well formed XML.
System.Configuration.ConfigurationErrorsException: Configuration system failed to initialize ---> System.PlatformNotSupportedException: Operation is not supported on this platform.
  at System.Configuration.ClientConfigPaths..ctor (System.String exePath, System.Boolean includeUserConfig) [0x00050] in <5ae095f7408b4d5cb5cdbfc3d3c31d20>:0 
  at System.Configuration.ClientConfigPaths.GetPaths (System.String exePath, System.Boolean includeUserConfig) [0x00018] in <5ae095f7408b4d5cb5cdbfc3d3c31d20>:0 
  at System.Configuration.ClientConfigurationHost.get_ConfigPaths () [0x0000a] in <5ae095f7408b4d5cb5cdbfc3d3c31d20>:0 
  at System.Configuration.ClientConfigurationHost.GetStreamName (System.String configPath) [0x0006d] in <5ae095f7408b4d5cb5cdbfc3d3c31d20>:0 
  at System.Configuration.ClientConfigurationHost.get_IsAppConfigHttp () [0x00000] in <5ae095f7408b4d5cb5cdbfc3d3c31d20>:0 
  at System.Configuration.Internal.DelegatingConfigHost.get_IsAppConfigHttp () [0x00006] in <5ae095f7408b4d5cb5cdbfc3d3c31d20>:0 
  at System.Configuration.ClientConfigurationSystem..ctor () [0x00051] in <5ae095f7408b4d5cb5cdbfc3d3c31d20>:0 
  at System.Configuration.ConfigurationManager.EnsureConfigurationSystem () [0x00024] in <5ae095f7408b4d5cb5cdbfc3d3c31d20>:0 
   --- End of inner exception stack trace ---
  at System.Configuration.ConfigurationManager.PrepareConfigSystem () [0x0001a] in <5ae095f7408b4d5cb5cdbfc3d3c31d20>:0 
  at System.Configuration.ConfigurationManager.GetSection (System.String sectionName) [0x0000a] in <5ae095f7408b4d5cb5cdbfc3d3c31d20>:0 
  at System.Configuration.ConfigurationManager.get_AppSettings () [0x00000] in <5ae095f7408b4d5cb5cdbfc3d3c31d20>:0 
  at log4net.Util.SystemInfo.GetAppSetting (System.String key) [0x00000] in <00c34789746b40dda4cd7be2c85ba32f>:0 
log4net:ERROR Exception while reading ConfigurationSettings. Check your .config file is well formed XML.
System.Configuration.ConfigurationErrorsException: Configuration system failed to initialize ---> System.PlatformNotSupportedException: Operation is not supported on this platform.
  at System.Configuration.ClientConfigPaths..ctor (System.String exePath, System.Boolean includeUserConfig) [0x00050] in <5ae095f7408b4d5cb5cdbfc3d3c31d20>:0 
  at System.Configuration.ClientConfigPaths.GetPaths (System.String exePath, System.Boolean includeUserConfig) [0x00018] in <5ae095f7408b4d5cb5cdbfc3d3c31d20>:0 
  at System.Configuration.ClientConfigurationHost.get_ConfigPaths () [0x0000a] in <5ae095f7408b4d5cb5cdbfc3d3c31d20>:0 
  at System.Configuration.ClientConfigurationHost.GetStreamName (System.String configPath) [0x0006d] in <5ae095f7408b4d5cb5cdbfc3d3c31d20>:0 
  at System.Configuration.ClientConfigurationHost.get_IsAppConfigHttp () [0x00000] in <5ae095f7408b4d5cb5cdbfc3d3c31d20>:0 
  at System.Configuration.Internal.DelegatingConfigHost.get_IsAppConfigHttp () [0x00006] in <5ae095f7408b4d5cb5cdbfc3d3c31d20>:0 
  at System.Configuration.ClientConfigurationSystem..ctor () [0x00051] in <5ae095f7408b4d5cb5cdbfc3d3c31d20>:0 
  at System.Configuration.ConfigurationManager.EnsureConfigurationSystem () [0x00024] in <5ae095f7408b4d5cb5cdbfc3d3c31d20>:0 
   --- End of inner exception stack trace ---
  at System.Configuration.ConfigurationManager.PrepareConfigSystem () [0x0001a] in <5ae095f7408b4d5cb5cdbfc3d3c31d20>:0 
  at System.Configuration.ConfigurationManager.GetSection (System.String sectionName) [0x0000a] in <5ae095f7408b4d5cb5cdbfc3d3c31d20>:0 
  at System.Configuration.ConfigurationManager.get_AppSettings () [0x00000] in <5ae095f7408b4d5cb5cdbfc3d3c31d20>:0 
  at log4net.Util.SystemInfo.GetAppSetting (System.String key) [0x00000] in <00c34789746b40dda4cd7be2c85ba32f>:0 
log4net:ERROR Exception while reading ConfigurationSettings. Check your .config file is well formed XML.
System.Configuration.ConfigurationErrorsException: Configuration system failed to initialize ---> System.PlatformNotSupportedException: Operation is not supported on this platform.
  at System.Configuration.ClientConfigPaths..ctor (System.String exePath, System.Boolean includeUserConfig) [0x00050] in <5ae095f7408b4d5cb5cdbfc3d3c31d20>:0 
  at System.Configuration.ClientConfigPaths.GetPaths (System.String exePath, System.Boolean includeUserConfig) [0x00018] in <5ae095f7408b4d5cb5cdbfc3d3c31d20>:0 
  at System.Configuration.ClientConfigurationHost.get_ConfigPaths () [0x0000a] in <5ae095f7408b4d5cb5cdbfc3d3c31d20>:0 
  at System.Configuration.ClientConfigurationHost.GetStreamName (System.String configPath) [0x0006d] in <5ae095f7408b4d5cb5cdbfc3d3c31d20>:0 
  at System.Configuration.ClientConfigurationHost.get_IsAppConfigHttp () [0x00000] in <5ae095f7408b4d5cb5cdbfc3d3c31d20>:0 
  at System.Configuration.Internal.DelegatingConfigHost.get_IsAppConfigHttp () [0x00006] in <5ae095f7408b4d5cb5cdbfc3d3c31d20>:0 
  at System.Configuration.ClientConfigurationSystem..ctor () [0x00051] in <5ae095f7408b4d5cb5cdbfc3d3c31d20>:0 
  at System.Configuration.ConfigurationManager.EnsureConfigurationSystem () [0x00024] in <5ae095f7408b4d5cb5cdbfc3d3c31d20>:0 
   --- End of inner exception stack trace ---
  at System.Configuration.ConfigurationManager.PrepareConfigSystem () [0x0001a] in <5ae095f7408b4d5cb5cdbfc3d3c31d20>:0 
  at System.Configuration.ConfigurationManager.GetSection (System.String sectionName) [0x0000a] in <5ae095f7408b4d5cb5cdbfc3d3c31d20>:0 
  at System.Configuration.ConfigurationManager.get_AppSettings () [0x00000] in <5ae095f7408b4d5cb5cdbfc3d3c31d20>:0 
  at log4net.Util.SystemInfo.GetAppSetting (System.String key) [0x00000] in <00c34789746b40dda4cd7be2c85ba32f>:0 
log4net:ERROR Exception while reading ConfigurationSettings. Check your .config file is well formed XML.
System.Configuration.ConfigurationErrorsException: Configuration system failed to initialize ---> System.PlatformNotSupportedException: Operation is not supported on this platform.
  at System.Configuration.ClientConfigPaths..ctor (System.String exePath, System.Boolean includeUserConfig) [0x00050] in <5ae095f7408b4d5cb5cdbfc3d3c31d20>:0 
  at System.Configuration.ClientConfigPaths.GetPaths (System.String exePath, System.Boolean includeUserConfig) [0x00018] in <5ae095f7408b4d5cb5cdbfc3d3c31d20>:0 
  at System.Configuration.ClientConfigurationHost.get_ConfigPaths () [0x0000a] in <5ae095f7408b4d5cb5cdbfc3d3c31d20>:0 
  at System.Configuration.ClientConfigurationHost.GetStreamName (System.String configPath) [0x0006d] in <5ae095f7408b4d5cb5cdbfc3d3c31d20>:0 
  at System.Configuration.ClientConfigurationHost.get_IsAppConfigHttp () [0x00000] in <5ae095f7408b4d5cb5cdbfc3d3c31d20>:0 
  at System.Configuration.Internal.DelegatingConfigHost.get_IsAppConfigHttp () [0x00006] in <5ae095f7408b4d5cb5cdbfc3d3c31d20>:0 
  at System.Configuration.ClientConfigurationSystem..ctor () [0x00051] in <5ae095f7408b4d5cb5cdbfc3d3c31d20>:0 
  at System.Configuration.ConfigurationManager.EnsureConfigurationSystem () [0x00024] in <5ae095f7408b4d5cb5cdbfc3d3c31d20>:0 
   --- End of inner exception stack trace ---
  at System.Configuration.ConfigurationManager.PrepareConfigSystem () [0x0001a] in <5ae095f7408b4d5cb5cdbfc3d3c31d20>:0 
  at System.Configuration.ConfigurationManager.GetSection (System.String sectionName) [0x0000a] in <5ae095f7408b4d5cb5cdbfc3d3c31d20>:0 
  at System.Configuration.ConfigurationManager.get_AppSettings () [0x00000] in <5ae095f7408b4d5cb5cdbfc3d3c31d20>:0 
  at log4net.Util.SystemInfo.GetAppSetting (System.String key) [0x00000] in <00c34789746b40dda4cd7be2c85ba32f>:0 
Mono: successfully reloaded assembly
- Finished resetting the current domain, in  0.944 seconds
Domain Reload Profiling: 1859ms
	BeginReloadAssembly (224ms)
		ExecutionOrderSort (0ms)
		DisableScriptedObjects (17ms)
		BackupInstance (0ms)
		ReleaseScriptingObjects (0ms)
		CreateAndSetChildDomain (51ms)
	RebuildCommonClasses (39ms)
	RebuildNativeTypeToScriptingClass (16ms)
	initialDomainReloadingComplete (34ms)
	LoadAllAssembliesAndSetupDomain (602ms)
		LoadAssemblies (430ms)
		RebuildTransferFunctionScriptingTraits (0ms)
		AnalyzeDomain (282ms)
			TypeCache.Refresh (9ms)
				TypeCache.ScanAssembly (0ms)
			BuildScriptInfoCaches (257ms)
			ResolveRequiredComponents (13ms)
	FinalizeReload (945ms)
		ReleaseScriptCaches (0ms)
		RebuildScriptCaches (0ms)
		SetupLoadedEditorAssemblies (723ms)
			LogAssemblyErrors (0ms)
			InitializePlatformSupportModulesInManaged (3ms)
			SetLoadedEditorAssemblies (5ms)
			BeforeProcessingInitializeOnLoad (120ms)
			ProcessInitializeOnLoadAttributes (507ms)
			ProcessInitializeOnLoadMethodAttributes (85ms)
			AfterProcessingInitializeOnLoad (3ms)
			EditorAssembliesLoaded (0ms)
		ExecutionOrderSort2 (0ms)
		AwakeInstancesAfterBackupRestoration (15ms)
Refreshing native plugins compatible for Editor in 2.66 ms, found 4 plugins.
Preloading 0 native plugins for Editor in 0.00 ms.
Unloading 13 Unused Serialized files (Serialized files now loaded: 0)
Unloading 6681 unused Assets / (4.5 MB). Loaded Objects now: 7372.
Memory consumption went from 159.7 MB to 155.2 MB.
Total: 9.941300 ms (FindLiveObjects: 0.949000 ms CreateObjectMapping: 0.738500 ms MarkObjects: 5.742800 ms  DeleteObjects: 2.509300 ms)

Prepare: number of updated asset objects reloaded= 0
========================================================================
Received Prepare
Begin MonoManager ReloadAssembly
Duplicate assembly 'log4net.dll' with different versions detected, using 'Assets/Packages/log4net.3.0.4/lib/netstandard2.0/log4net.dll, AssemblyName=log4net, Version=3.0.4.0, Culture=neutral, PublicKeyToken=669e0ddf0bb1aa2a' and ignoring 'Packages/com.unity.collab-proxy/Lib/Editor/log4netPlastic.dll, AssemblyName=log4net, Version=1.2.15.0, Culture=neutral, PublicKeyToken=669e0ddf0bb1aa2a'.Symbol file LoadedFromMemory is not a mono symbol file
- Loaded All Assemblies, in  0.919 seconds
Refreshing native plugins compatible for Editor in 2.04 ms, found 4 plugins.
Native extension for WindowsStandalone target not found
log4net:ERROR Exception while reading ConfigurationSettings. Check your .config file is well formed XML.
System.Configuration.ConfigurationErrorsException: Configuration system failed to initialize ---> System.PlatformNotSupportedException: Operation is not supported on this platform.
  at System.Configuration.ClientConfigPaths..ctor (System.String exePath, System.Boolean includeUserConfig) [0x00050] in <5ae095f7408b4d5cb5cdbfc3d3c31d20>:0 
  at System.Configuration.ClientConfigPaths.GetPaths (System.String exePath, System.Boolean includeUserConfig) [0x00018] in <5ae095f7408b4d5cb5cdbfc3d3c31d20>:0 
  at System.Configuration.ClientConfigurationHost.get_ConfigPaths () [0x0000a] in <5ae095f7408b4d5cb5cdbfc3d3c31d20>:0 
  at System.Configuration.ClientConfigurationHost.GetStreamName (System.String configPath) [0x0006d] in <5ae095f7408b4d5cb5cdbfc3d3c31d20>:0 
  at System.Configuration.ClientConfigurationHost.get_IsAppConfigHttp () [0x00000] in <5ae095f7408b4d5cb5cdbfc3d3c31d20>:0 
  at System.Configuration.Internal.DelegatingConfigHost.get_IsAppConfigHttp () [0x00006] in <5ae095f7408b4d5cb5cdbfc3d3c31d20>:0 
  at System.Configuration.ClientConfigurationSystem..ctor () [0x00051] in <5ae095f7408b4d5cb5cdbfc3d3c31d20>:0 
  at System.Configuration.ConfigurationManager.EnsureConfigurationSystem () [0x00024] in <5ae095f7408b4d5cb5cdbfc3d3c31d20>:0 
   --- End of inner exception stack trace ---
  at System.Configuration.ConfigurationManager.EnsureConfigurationSystem () [0x00060] in <5ae095f7408b4d5cb5cdbfc3d3c31d20>:0 
  at System.Configuration.ConfigurationManager.PrepareConfigSystem () [0x0000a] in <5ae095f7408b4d5cb5cdbfc3d3c31d20>:0 
  at System.Configuration.ConfigurationManager.GetSection (System.String sectionName) [0x0000a] in <5ae095f7408b4d5cb5cdbfc3d3c31d20>:0 
  at System.Configuration.ConfigurationManager.get_AppSettings () [0x00000] in <5ae095f7408b4d5cb5cdbfc3d3c31d20>:0 
  at log4net.Util.SystemInfo.GetAppSetting (System.String key) [0x00000] in <00c34789746b40dda4cd7be2c85ba32f>:0 
log4net:ERROR Exception while reading ConfigurationSettings. Check your .config file is well formed XML.
System.Configuration.ConfigurationErrorsException: Configuration system failed to initialize ---> System.PlatformNotSupportedException: Operation is not supported on this platform.
  at System.Configuration.ClientConfigPaths..ctor (System.String exePath, System.Boolean includeUserConfig) [0x00050] in <5ae095f7408b4d5cb5cdbfc3d3c31d20>:0 
  at System.Configuration.ClientConfigPaths.GetPaths (System.String exePath, System.Boolean includeUserConfig) [0x00018] in <5ae095f7408b4d5cb5cdbfc3d3c31d20>:0 
  at System.Configuration.ClientConfigurationHost.get_ConfigPaths () [0x0000a] in <5ae095f7408b4d5cb5cdbfc3d3c31d20>:0 
  at System.Configuration.ClientConfigurationHost.GetStreamName (System.String configPath) [0x0006d] in <5ae095f7408b4d5cb5cdbfc3d3c31d20>:0 
  at System.Configuration.ClientConfigurationHost.get_IsAppConfigHttp () [0x00000] in <5ae095f7408b4d5cb5cdbfc3d3c31d20>:0 
  at System.Configuration.Internal.DelegatingConfigHost.get_IsAppConfigHttp () [0x00006] in <5ae095f7408b4d5cb5cdbfc3d3c31d20>:0 
  at System.Configuration.ClientConfigurationSystem..ctor () [0x00051] in <5ae095f7408b4d5cb5cdbfc3d3c31d20>:0 
  at System.Configuration.ConfigurationManager.EnsureConfigurationSystem () [0x00024] in <5ae095f7408b4d5cb5cdbfc3d3c31d20>:0 
   --- End of inner exception stack trace ---
  at System.Configuration.ConfigurationManager.PrepareConfigSystem () [0x0001a] in <5ae095f7408b4d5cb5cdbfc3d3c31d20>:0 
  at System.Configuration.ConfigurationManager.GetSection (System.String sectionName) [0x0000a] in <5ae095f7408b4d5cb5cdbfc3d3c31d20>:0 
  at System.Configuration.ConfigurationManager.get_AppSettings () [0x00000] in <5ae095f7408b4d5cb5cdbfc3d3c31d20>:0 
  at log4net.Util.SystemInfo.GetAppSetting (System.String key) [0x00000] in <00c34789746b40dda4cd7be2c85ba32f>:0 
log4net:ERROR Exception while reading ConfigurationSettings. Check your .config file is well formed XML.
System.Configuration.ConfigurationErrorsException: Configuration system failed to initialize ---> System.PlatformNotSupportedException: Operation is not supported on this platform.
  at System.Configuration.ClientConfigPaths..ctor (System.String exePath, System.Boolean includeUserConfig) [0x00050] in <5ae095f7408b4d5cb5cdbfc3d3c31d20>:0 
  at System.Configuration.ClientConfigPaths.GetPaths (System.String exePath, System.Boolean includeUserConfig) [0x00018] in <5ae095f7408b4d5cb5cdbfc3d3c31d20>:0 
  at System.Configuration.ClientConfigurationHost.get_ConfigPaths () [0x0000a] in <5ae095f7408b4d5cb5cdbfc3d3c31d20>:0 
  at System.Configuration.ClientConfigurationHost.GetStreamName (System.String configPath) [0x0006d] in <5ae095f7408b4d5cb5cdbfc3d3c31d20>:0 
  at System.Configuration.ClientConfigurationHost.get_IsAppConfigHttp () [0x00000] in <5ae095f7408b4d5cb5cdbfc3d3c31d20>:0 
  at System.Configuration.Internal.DelegatingConfigHost.get_IsAppConfigHttp () [0x00006] in <5ae095f7408b4d5cb5cdbfc3d3c31d20>:0 
  at System.Configuration.ClientConfigurationSystem..ctor () [0x00051] in <5ae095f7408b4d5cb5cdbfc3d3c31d20>:0 
  at System.Configuration.ConfigurationManager.EnsureConfigurationSystem () [0x00024] in <5ae095f7408b4d5cb5cdbfc3d3c31d20>:0 
   --- End of inner exception stack trace ---
  at System.Configuration.ConfigurationManager.PrepareConfigSystem () [0x0001a] in <5ae095f7408b4d5cb5cdbfc3d3c31d20>:0 
  at System.Configuration.ConfigurationManager.GetSection (System.String sectionName) [0x0000a] in <5ae095f7408b4d5cb5cdbfc3d3c31d20>:0 
  at System.Configuration.ConfigurationManager.get_AppSettings () [0x00000] in <5ae095f7408b4d5cb5cdbfc3d3c31d20>:0 
  at log4net.Util.SystemInfo.GetAppSetting (System.String key) [0x00000] in <00c34789746b40dda4cd7be2c85ba32f>:0 
log4net:ERROR Exception while reading ConfigurationSettings. Check your .config file is well formed XML.
System.Configuration.ConfigurationErrorsException: Configuration system failed to initialize ---> System.PlatformNotSupportedException: Operation is not supported on this platform.
  at System.Configuration.ClientConfigPaths..ctor (System.String exePath, System.Boolean includeUserConfig) [0x00050] in <5ae095f7408b4d5cb5cdbfc3d3c31d20>:0 
  at System.Configuration.ClientConfigPaths.GetPaths (System.String exePath, System.Boolean includeUserConfig) [0x00018] in <5ae095f7408b4d5cb5cdbfc3d3c31d20>:0 
  at System.Configuration.ClientConfigurationHost.get_ConfigPaths () [0x0000a] in <5ae095f7408b4d5cb5cdbfc3d3c31d20>:0 
  at System.Configuration.ClientConfigurationHost.GetStreamName (System.String configPath) [0x0006d] in <5ae095f7408b4d5cb5cdbfc3d3c31d20>:0 
  at System.Configuration.ClientConfigurationHost.get_IsAppConfigHttp () [0x00000] in <5ae095f7408b4d5cb5cdbfc3d3c31d20>:0 
  at System.Configuration.Internal.DelegatingConfigHost.get_IsAppConfigHttp () [0x00006] in <5ae095f7408b4d5cb5cdbfc3d3c31d20>:0 
  at System.Configuration.ClientConfigurationSystem..ctor () [0x00051] in <5ae095f7408b4d5cb5cdbfc3d3c31d20>:0 
  at System.Configuration.ConfigurationManager.EnsureConfigurationSystem () [0x00024] in <5ae095f7408b4d5cb5cdbfc3d3c31d20>:0 
   --- End of inner exception stack trace ---
  at System.Configuration.ConfigurationManager.PrepareConfigSystem () [0x0001a] in <5ae095f7408b4d5cb5cdbfc3d3c31d20>:0 
  at System.Configuration.ConfigurationManager.GetSection (System.String sectionName) [0x0000a] in <5ae095f7408b4d5cb5cdbfc3d3c31d20>:0 
  at System.Configuration.ConfigurationManager.get_AppSettings () [0x00000] in <5ae095f7408b4d5cb5cdbfc3d3c31d20>:0 
  at log4net.Util.SystemInfo.GetAppSetting (System.String key) [0x00000] in <00c34789746b40dda4cd7be2c85ba32f>:0 
log4net:ERROR Exception while reading ConfigurationSettings. Check your .config file is well formed XML.
System.Configuration.ConfigurationErrorsException: Configuration system failed to initialize ---> System.PlatformNotSupportedException: Operation is not supported on this platform.
  at System.Configuration.ClientConfigPaths..ctor (System.String exePath, System.Boolean includeUserConfig) [0x00050] in <5ae095f7408b4d5cb5cdbfc3d3c31d20>:0 
  at System.Configuration.ClientConfigPaths.GetPaths (System.String exePath, System.Boolean includeUserConfig) [0x00018] in <5ae095f7408b4d5cb5cdbfc3d3c31d20>:0 
  at System.Configuration.ClientConfigurationHost.get_ConfigPaths () [0x0000a] in <5ae095f7408b4d5cb5cdbfc3d3c31d20>:0 
  at System.Configuration.ClientConfigurationHost.GetStreamName (System.String configPath) [0x0006d] in <5ae095f7408b4d5cb5cdbfc3d3c31d20>:0 
  at System.Configuration.ClientConfigurationHost.get_IsAppConfigHttp () [0x00000] in <5ae095f7408b4d5cb5cdbfc3d3c31d20>:0 
  at System.Configuration.Internal.DelegatingConfigHost.get_IsAppConfigHttp () [0x00006] in <5ae095f7408b4d5cb5cdbfc3d3c31d20>:0 
  at System.Configuration.ClientConfigurationSystem..ctor () [0x00051] in <5ae095f7408b4d5cb5cdbfc3d3c31d20>:0 
  at System.Configuration.ConfigurationManager.EnsureConfigurationSystem () [0x00024] in <5ae095f7408b4d5cb5cdbfc3d3c31d20>:0 
   --- End of inner exception stack trace ---
  at System.Configuration.ConfigurationManager.PrepareConfigSystem () [0x0001a] in <5ae095f7408b4d5cb5cdbfc3d3c31d20>:0 
  at System.Configuration.ConfigurationManager.GetSection (System.String sectionName) [0x0000a] in <5ae095f7408b4d5cb5cdbfc3d3c31d20>:0 
  at System.Configuration.ConfigurationManager.get_AppSettings () [0x00000] in <5ae095f7408b4d5cb5cdbfc3d3c31d20>:0 
  at log4net.Util.SystemInfo.GetAppSetting (System.String key) [0x00000] in <00c34789746b40dda4cd7be2c85ba32f>:0 
log4net:ERROR Exception while reading ConfigurationSettings. Check your .config file is well formed XML.
System.Configuration.ConfigurationErrorsException: Configuration system failed to initialize ---> System.PlatformNotSupportedException: Operation is not supported on this platform.
  at System.Configuration.ClientConfigPaths..ctor (System.String exePath, System.Boolean includeUserConfig) [0x00050] in <5ae095f7408b4d5cb5cdbfc3d3c31d20>:0 
  at System.Configuration.ClientConfigPaths.GetPaths (System.String exePath, System.Boolean includeUserConfig) [0x00018] in <5ae095f7408b4d5cb5cdbfc3d3c31d20>:0 
  at System.Configuration.ClientConfigurationHost.get_ConfigPaths () [0x0000a] in <5ae095f7408b4d5cb5cdbfc3d3c31d20>:0 
  at System.Configuration.ClientConfigurationHost.GetStreamName (System.String configPath) [0x0006d] in <5ae095f7408b4d5cb5cdbfc3d3c31d20>:0 
  at System.Configuration.ClientConfigurationHost.get_IsAppConfigHttp () [0x00000] in <5ae095f7408b4d5cb5cdbfc3d3c31d20>:0 
  at System.Configuration.Internal.DelegatingConfigHost.get_IsAppConfigHttp () [0x00006] in <5ae095f7408b4d5cb5cdbfc3d3c31d20>:0 
  at System.Configuration.ClientConfigurationSystem..ctor () [0x00051] in <5ae095f7408b4d5cb5cdbfc3d3c31d20>:0 
  at System.Configuration.ConfigurationManager.EnsureConfigurationSystem () [0x00024] in <5ae095f7408b4d5cb5cdbfc3d3c31d20>:0 
   --- End of inner exception stack trace ---
  at System.Configuration.ConfigurationManager.PrepareConfigSystem () [0x0001a] in <5ae095f7408b4d5cb5cdbfc3d3c31d20>:0 
  at System.Configuration.ConfigurationManager.GetSection (System.String sectionName) [0x0000a] in <5ae095f7408b4d5cb5cdbfc3d3c31d20>:0 
  at System.Configuration.ConfigurationManager.get_AppSettings () [0x00000] in <5ae095f7408b4d5cb5cdbfc3d3c31d20>:0 
  at log4net.Util.SystemInfo.GetAppSetting (System.String key) [0x00000] in <00c34789746b40dda4cd7be2c85ba32f>:0 
log4net:ERROR Exception while reading ConfigurationSettings. Check your .config file is well formed XML.
System.Configuration.ConfigurationErrorsException: Configuration system failed to initialize ---> System.PlatformNotSupportedException: Operation is not supported on this platform.
  at System.Configuration.ClientConfigPaths..ctor (System.String exePath, System.Boolean includeUserConfig) [0x00050] in <5ae095f7408b4d5cb5cdbfc3d3c31d20>:0 
  at System.Configuration.ClientConfigPaths.GetPaths (System.String exePath, System.Boolean includeUserConfig) [0x00018] in <5ae095f7408b4d5cb5cdbfc3d3c31d20>:0 
  at System.Configuration.ClientConfigurationHost.get_ConfigPaths () [0x0000a] in <5ae095f7408b4d5cb5cdbfc3d3c31d20>:0 
  at System.Configuration.ClientConfigurationHost.GetStreamName (System.String configPath) [0x0006d] in <5ae095f7408b4d5cb5cdbfc3d3c31d20>:0 
  at System.Configuration.ClientConfigurationHost.get_IsAppConfigHttp () [0x00000] in <5ae095f7408b4d5cb5cdbfc3d3c31d20>:0 
  at System.Configuration.Internal.DelegatingConfigHost.get_IsAppConfigHttp () [0x00006] in <5ae095f7408b4d5cb5cdbfc3d3c31d20>:0 
  at System.Configuration.ClientConfigurationSystem..ctor () [0x00051] in <5ae095f7408b4d5cb5cdbfc3d3c31d20>:0 
  at System.Configuration.ConfigurationManager.EnsureConfigurationSystem () [0x00024] in <5ae095f7408b4d5cb5cdbfc3d3c31d20>:0 
   --- End of inner exception stack trace ---
  at System.Configuration.ConfigurationManager.PrepareConfigSystem () [0x0001a] in <5ae095f7408b4d5cb5cdbfc3d3c31d20>:0 
  at System.Configuration.ConfigurationManager.GetSection (System.String sectionName) [0x0000a] in <5ae095f7408b4d5cb5cdbfc3d3c31d20>:0 
  at System.Configuration.ConfigurationManager.get_AppSettings () [0x00000] in <5ae095f7408b4d5cb5cdbfc3d3c31d20>:0 
  at log4net.Util.SystemInfo.GetAppSetting (System.String key) [0x00000] in <00c34789746b40dda4cd7be2c85ba32f>:0 
Mono: successfully reloaded assembly
- Finished resetting the current domain, in  0.939 seconds
Domain Reload Profiling: 1858ms
	BeginReloadAssembly (222ms)
		ExecutionOrderSort (0ms)
		DisableScriptedObjects (17ms)
		BackupInstance (0ms)
		ReleaseScriptingObjects (0ms)
		CreateAndSetChildDomain (51ms)
	RebuildCommonClasses (38ms)
	RebuildNativeTypeToScriptingClass (16ms)
	initialDomainReloadingComplete (34ms)
	LoadAllAssembliesAndSetupDomain (609ms)
		LoadAssemblies (427ms)
		RebuildTransferFunctionScriptingTraits (0ms)
		AnalyzeDomain (290ms)
			TypeCache.Refresh (9ms)
				TypeCache.ScanAssembly (0ms)
			BuildScriptInfoCaches (264ms)
			ResolveRequiredComponents (13ms)
	FinalizeReload (940ms)
		ReleaseScriptCaches (0ms)
		RebuildScriptCaches (0ms)
		SetupLoadedEditorAssemblies (715ms)
			LogAssemblyErrors (0ms)
			InitializePlatformSupportModulesInManaged (2ms)
			SetLoadedEditorAssemblies (5ms)
			BeforeProcessingInitializeOnLoad (131ms)
			ProcessInitializeOnLoadAttributes (494ms)
			ProcessInitializeOnLoadMethodAttributes (81ms)
			AfterProcessingInitializeOnLoad (2ms)
			EditorAssembliesLoaded (0ms)
		ExecutionOrderSort2 (0ms)
		AwakeInstancesAfterBackupRestoration (15ms)
Refreshing native plugins compatible for Editor in 2.57 ms, found 4 plugins.
Preloading 0 native plugins for Editor in 0.00 ms.
Unloading 13 Unused Serialized files (Serialized files now loaded: 0)
Unloading 6681 unused Assets / (4.4 MB). Loaded Objects now: 7374.
Memory consumption went from 159.7 MB to 155.3 MB.
Total: 8.725700 ms (FindLiveObjects: 0.908400 ms CreateObjectMapping: 0.620800 ms MarkObjects: 5.007600 ms  DeleteObjects: 2.187200 ms)

Prepare: number of updated asset objects reloaded= 0
========================================================================
Received Import Request.
  Time since last request: 8848.829870 seconds.
  path: Assets/Fonts/RobotoMono-Regular SDF.asset
  artifactKey: Guid(38e0cbeaa2b87c74bbaecd865649aa55) Importer(815301076,1909f56bfc062723c751e8b465ee728b)
Start importing Assets/Fonts/RobotoMono-Regular SDF.asset using Guid(38e0cbeaa2b87c74bbaecd865649aa55) Importer(815301076,1909f56bfc062723c751e8b465ee728b) (PreviewImporter) -> (artifact id: 'c4a9da46def6c9293a8e2d601fcec96f') in 0.7021599 seconds
Number of updated asset objects reloaded before import = 0Number of asset objects unloaded after import = 6

========================================================================
Received Prepare
Begin MonoManager ReloadAssembly
Duplicate assembly 'log4net.dll' with different versions detected, using 'Assets/Packages/log4net.3.0.4/lib/netstandard2.0/log4net.dll, AssemblyName=log4net, Version=3.0.4.0, Culture=neutral, PublicKeyToken=669e0ddf0bb1aa2a' and ignoring 'Packages/com.unity.collab-proxy/Lib/Editor/log4netPlastic.dll, AssemblyName=log4net, Version=1.2.15.0, Culture=neutral, PublicKeyToken=669e0ddf0bb1aa2a'.Symbol file LoadedFromMemory is not a mono symbol file
- Loaded All Assemblies, in  0.963 seconds
Refreshing native plugins compatible for Editor in 2.07 ms, found 4 plugins.
Native extension for WindowsStandalone target not found
log4net:ERROR Exception while reading ConfigurationSettings. Check your .config file is well formed XML.
System.Configuration.ConfigurationErrorsException: Configuration system failed to initialize ---> System.PlatformNotSupportedException: Operation is not supported on this platform.
  at System.Configuration.ClientConfigPaths..ctor (System.String exePath, System.Boolean includeUserConfig) [0x00050] in <5ae095f7408b4d5cb5cdbfc3d3c31d20>:0 
  at System.Configuration.ClientConfigPaths.GetPaths (System.String exePath, System.Boolean includeUserConfig) [0x00018] in <5ae095f7408b4d5cb5cdbfc3d3c31d20>:0 
  at System.Configuration.ClientConfigurationHost.get_ConfigPaths () [0x0000a] in <5ae095f7408b4d5cb5cdbfc3d3c31d20>:0 
  at System.Configuration.ClientConfigurationHost.GetStreamName (System.String configPath) [0x0006d] in <5ae095f7408b4d5cb5cdbfc3d3c31d20>:0 
  at System.Configuration.ClientConfigurationHost.get_IsAppConfigHttp () [0x00000] in <5ae095f7408b4d5cb5cdbfc3d3c31d20>:0 
  at System.Configuration.Internal.DelegatingConfigHost.get_IsAppConfigHttp () [0x00006] in <5ae095f7408b4d5cb5cdbfc3d3c31d20>:0 
  at System.Configuration.ClientConfigurationSystem..ctor () [0x00051] in <5ae095f7408b4d5cb5cdbfc3d3c31d20>:0 
  at System.Configuration.ConfigurationManager.EnsureConfigurationSystem () [0x00024] in <5ae095f7408b4d5cb5cdbfc3d3c31d20>:0 
   --- End of inner exception stack trace ---
  at System.Configuration.ConfigurationManager.EnsureConfigurationSystem () [0x00060] in <5ae095f7408b4d5cb5cdbfc3d3c31d20>:0 
  at System.Configuration.ConfigurationManager.PrepareConfigSystem () [0x0000a] in <5ae095f7408b4d5cb5cdbfc3d3c31d20>:0 
  at System.Configuration.ConfigurationManager.GetSection (System.String sectionName) [0x0000a] in <5ae095f7408b4d5cb5cdbfc3d3c31d20>:0 
  at System.Configuration.ConfigurationManager.get_AppSettings () [0x00000] in <5ae095f7408b4d5cb5cdbfc3d3c31d20>:0 
  at log4net.Util.SystemInfo.GetAppSetting (System.String key) [0x00000] in <00c34789746b40dda4cd7be2c85ba32f>:0 
log4net:ERROR Exception while reading ConfigurationSettings. Check your .config file is well formed XML.
System.Configuration.ConfigurationErrorsException: Configuration system failed to initialize ---> System.PlatformNotSupportedException: Operation is not supported on this platform.
  at System.Configuration.ClientConfigPaths..ctor (System.String exePath, System.Boolean includeUserConfig) [0x00050] in <5ae095f7408b4d5cb5cdbfc3d3c31d20>:0 
  at System.Configuration.ClientConfigPaths.GetPaths (System.String exePath, System.Boolean includeUserConfig) [0x00018] in <5ae095f7408b4d5cb5cdbfc3d3c31d20>:0 
  at System.Configuration.ClientConfigurationHost.get_ConfigPaths () [0x0000a] in <5ae095f7408b4d5cb5cdbfc3d3c31d20>:0 
  at System.Configuration.ClientConfigurationHost.GetStreamName (System.String configPath) [0x0006d] in <5ae095f7408b4d5cb5cdbfc3d3c31d20>:0 
  at System.Configuration.ClientConfigurationHost.get_IsAppConfigHttp () [0x00000] in <5ae095f7408b4d5cb5cdbfc3d3c31d20>:0 
  at System.Configuration.Internal.DelegatingConfigHost.get_IsAppConfigHttp () [0x00006] in <5ae095f7408b4d5cb5cdbfc3d3c31d20>:0 
  at System.Configuration.ClientConfigurationSystem..ctor () [0x00051] in <5ae095f7408b4d5cb5cdbfc3d3c31d20>:0 
  at System.Configuration.ConfigurationManager.EnsureConfigurationSystem () [0x00024] in <5ae095f7408b4d5cb5cdbfc3d3c31d20>:0 
   --- End of inner exception stack trace ---
  at System.Configuration.ConfigurationManager.PrepareConfigSystem () [0x0001a] in <5ae095f7408b4d5cb5cdbfc3d3c31d20>:0 
  at System.Configuration.ConfigurationManager.GetSection (System.String sectionName) [0x0000a] in <5ae095f7408b4d5cb5cdbfc3d3c31d20>:0 
  at System.Configuration.ConfigurationManager.get_AppSettings () [0x00000] in <5ae095f7408b4d5cb5cdbfc3d3c31d20>:0 
  at log4net.Util.SystemInfo.GetAppSetting (System.String key) [0x00000] in <00c34789746b40dda4cd7be2c85ba32f>:0 
log4net:ERROR Exception while reading ConfigurationSettings. Check your .config file is well formed XML.
System.Configuration.ConfigurationErrorsException: Configuration system failed to initialize ---> System.PlatformNotSupportedException: Operation is not supported on this platform.
  at System.Configuration.ClientConfigPaths..ctor (System.String exePath, System.Boolean includeUserConfig) [0x00050] in <5ae095f7408b4d5cb5cdbfc3d3c31d20>:0 
  at System.Configuration.ClientConfigPaths.GetPaths (System.String exePath, System.Boolean includeUserConfig) [0x00018] in <5ae095f7408b4d5cb5cdbfc3d3c31d20>:0 
  at System.Configuration.ClientConfigurationHost.get_ConfigPaths () [0x0000a] in <5ae095f7408b4d5cb5cdbfc3d3c31d20>:0 
  at System.Configuration.ClientConfigurationHost.GetStreamName (System.String configPath) [0x0006d] in <5ae095f7408b4d5cb5cdbfc3d3c31d20>:0 
  at System.Configuration.ClientConfigurationHost.get_IsAppConfigHttp () [0x00000] in <5ae095f7408b4d5cb5cdbfc3d3c31d20>:0 
  at System.Configuration.Internal.DelegatingConfigHost.get_IsAppConfigHttp () [0x00006] in <5ae095f7408b4d5cb5cdbfc3d3c31d20>:0 
  at System.Configuration.ClientConfigurationSystem..ctor () [0x00051] in <5ae095f7408b4d5cb5cdbfc3d3c31d20>:0 
  at System.Configuration.ConfigurationManager.EnsureConfigurationSystem () [0x00024] in <5ae095f7408b4d5cb5cdbfc3d3c31d20>:0 
   --- End of inner exception stack trace ---
  at System.Configuration.ConfigurationManager.PrepareConfigSystem () [0x0001a] in <5ae095f7408b4d5cb5cdbfc3d3c31d20>:0 
  at System.Configuration.ConfigurationManager.GetSection (System.String sectionName) [0x0000a] in <5ae095f7408b4d5cb5cdbfc3d3c31d20>:0 
  at System.Configuration.ConfigurationManager.get_AppSettings () [0x00000] in <5ae095f7408b4d5cb5cdbfc3d3c31d20>:0 
  at log4net.Util.SystemInfo.GetAppSetting (System.String key) [0x00000] in <00c34789746b40dda4cd7be2c85ba32f>:0 
log4net:ERROR Exception while reading ConfigurationSettings. Check your .config file is well formed XML.
System.Configuration.ConfigurationErrorsException: Configuration system failed to initialize ---> System.PlatformNotSupportedException: Operation is not supported on this platform.
  at System.Configuration.ClientConfigPaths..ctor (System.String exePath, System.Boolean includeUserConfig) [0x00050] in <5ae095f7408b4d5cb5cdbfc3d3c31d20>:0 
  at System.Configuration.ClientConfigPaths.GetPaths (System.String exePath, System.Boolean includeUserConfig) [0x00018] in <5ae095f7408b4d5cb5cdbfc3d3c31d20>:0 
  at System.Configuration.ClientConfigurationHost.get_ConfigPaths () [0x0000a] in <5ae095f7408b4d5cb5cdbfc3d3c31d20>:0 
  at System.Configuration.ClientConfigurationHost.GetStreamName (System.String configPath) [0x0006d] in <5ae095f7408b4d5cb5cdbfc3d3c31d20>:0 
  at System.Configuration.ClientConfigurationHost.get_IsAppConfigHttp () [0x00000] in <5ae095f7408b4d5cb5cdbfc3d3c31d20>:0 
  at System.Configuration.Internal.DelegatingConfigHost.get_IsAppConfigHttp () [0x00006] in <5ae095f7408b4d5cb5cdbfc3d3c31d20>:0 
  at System.Configuration.ClientConfigurationSystem..ctor () [0x00051] in <5ae095f7408b4d5cb5cdbfc3d3c31d20>:0 
  at System.Configuration.ConfigurationManager.EnsureConfigurationSystem () [0x00024] in <5ae095f7408b4d5cb5cdbfc3d3c31d20>:0 
   --- End of inner exception stack trace ---
  at System.Configuration.ConfigurationManager.PrepareConfigSystem () [0x0001a] in <5ae095f7408b4d5cb5cdbfc3d3c31d20>:0 
  at System.Configuration.ConfigurationManager.GetSection (System.String sectionName) [0x0000a] in <5ae095f7408b4d5cb5cdbfc3d3c31d20>:0 
  at System.Configuration.ConfigurationManager.get_AppSettings () [0x00000] in <5ae095f7408b4d5cb5cdbfc3d3c31d20>:0 
  at log4net.Util.SystemInfo.GetAppSetting (System.String key) [0x00000] in <00c34789746b40dda4cd7be2c85ba32f>:0 
log4net:ERROR Exception while reading ConfigurationSettings. Check your .config file is well formed XML.
System.Configuration.ConfigurationErrorsException: Configuration system failed to initialize ---> System.PlatformNotSupportedException: Operation is not supported on this platform.
  at System.Configuration.ClientConfigPaths..ctor (System.String exePath, System.Boolean includeUserConfig) [0x00050] in <5ae095f7408b4d5cb5cdbfc3d3c31d20>:0 
  at System.Configuration.ClientConfigPaths.GetPaths (System.String exePath, System.Boolean includeUserConfig) [0x00018] in <5ae095f7408b4d5cb5cdbfc3d3c31d20>:0 
  at System.Configuration.ClientConfigurationHost.get_ConfigPaths () [0x0000a] in <5ae095f7408b4d5cb5cdbfc3d3c31d20>:0 
  at System.Configuration.ClientConfigurationHost.GetStreamName (System.String configPath) [0x0006d] in <5ae095f7408b4d5cb5cdbfc3d3c31d20>:0 
  at System.Configuration.ClientConfigurationHost.get_IsAppConfigHttp () [0x00000] in <5ae095f7408b4d5cb5cdbfc3d3c31d20>:0 
  at System.Configuration.Internal.DelegatingConfigHost.get_IsAppConfigHttp () [0x00006] in <5ae095f7408b4d5cb5cdbfc3d3c31d20>:0 
  at System.Configuration.ClientConfigurationSystem..ctor () [0x00051] in <5ae095f7408b4d5cb5cdbfc3d3c31d20>:0 
  at System.Configuration.ConfigurationManager.EnsureConfigurationSystem () [0x00024] in <5ae095f7408b4d5cb5cdbfc3d3c31d20>:0 
   --- End of inner exception stack trace ---
  at System.Configuration.ConfigurationManager.PrepareConfigSystem () [0x0001a] in <5ae095f7408b4d5cb5cdbfc3d3c31d20>:0 
  at System.Configuration.ConfigurationManager.GetSection (System.String sectionName) [0x0000a] in <5ae095f7408b4d5cb5cdbfc3d3c31d20>:0 
  at System.Configuration.ConfigurationManager.get_AppSettings () [0x00000] in <5ae095f7408b4d5cb5cdbfc3d3c31d20>:0 
  at log4net.Util.SystemInfo.GetAppSetting (System.String key) [0x00000] in <00c34789746b40dda4cd7be2c85ba32f>:0 
log4net:ERROR Exception while reading ConfigurationSettings. Check your .config file is well formed XML.
System.Configuration.ConfigurationErrorsException: Configuration system failed to initialize ---> System.PlatformNotSupportedException: Operation is not supported on this platform.
  at System.Configuration.ClientConfigPaths..ctor (System.String exePath, System.Boolean includeUserConfig) [0x00050] in <5ae095f7408b4d5cb5cdbfc3d3c31d20>:0 
  at System.Configuration.ClientConfigPaths.GetPaths (System.String exePath, System.Boolean includeUserConfig) [0x00018] in <5ae095f7408b4d5cb5cdbfc3d3c31d20>:0 
  at System.Configuration.ClientConfigurationHost.get_ConfigPaths () [0x0000a] in <5ae095f7408b4d5cb5cdbfc3d3c31d20>:0 
  at System.Configuration.ClientConfigurationHost.GetStreamName (System.String configPath) [0x0006d] in <5ae095f7408b4d5cb5cdbfc3d3c31d20>:0 
  at System.Configuration.ClientConfigurationHost.get_IsAppConfigHttp () [0x00000] in <5ae095f7408b4d5cb5cdbfc3d3c31d20>:0 
  at System.Configuration.Internal.DelegatingConfigHost.get_IsAppConfigHttp () [0x00006] in <5ae095f7408b4d5cb5cdbfc3d3c31d20>:0 
  at System.Configuration.ClientConfigurationSystem..ctor () [0x00051] in <5ae095f7408b4d5cb5cdbfc3d3c31d20>:0 
  at System.Configuration.ConfigurationManager.EnsureConfigurationSystem () [0x00024] in <5ae095f7408b4d5cb5cdbfc3d3c31d20>:0 
   --- End of inner exception stack trace ---
  at System.Configuration.ConfigurationManager.PrepareConfigSystem () [0x0001a] in <5ae095f7408b4d5cb5cdbfc3d3c31d20>:0 
  at System.Configuration.ConfigurationManager.GetSection (System.String sectionName) [0x0000a] in <5ae095f7408b4d5cb5cdbfc3d3c31d20>:0 
  at System.Configuration.ConfigurationManager.get_AppSettings () [0x00000] in <5ae095f7408b4d5cb5cdbfc3d3c31d20>:0 
  at log4net.Util.SystemInfo.GetAppSetting (System.String key) [0x00000] in <00c34789746b40dda4cd7be2c85ba32f>:0 
log4net:ERROR Exception while reading ConfigurationSettings. Check your .config file is well formed XML.
System.Configuration.ConfigurationErrorsException: Configuration system failed to initialize ---> System.PlatformNotSupportedException: Operation is not supported on this platform.
  at System.Configuration.ClientConfigPaths..ctor (System.String exePath, System.Boolean includeUserConfig) [0x00050] in <5ae095f7408b4d5cb5cdbfc3d3c31d20>:0 
  at System.Configuration.ClientConfigPaths.GetPaths (System.String exePath, System.Boolean includeUserConfig) [0x00018] in <5ae095f7408b4d5cb5cdbfc3d3c31d20>:0 
  at System.Configuration.ClientConfigurationHost.get_ConfigPaths () [0x0000a] in <5ae095f7408b4d5cb5cdbfc3d3c31d20>:0 
  at System.Configuration.ClientConfigurationHost.GetStreamName (System.String configPath) [0x0006d] in <5ae095f7408b4d5cb5cdbfc3d3c31d20>:0 
  at System.Configuration.ClientConfigurationHost.get_IsAppConfigHttp () [0x00000] in <5ae095f7408b4d5cb5cdbfc3d3c31d20>:0 
  at System.Configuration.Internal.DelegatingConfigHost.get_IsAppConfigHttp () [0x00006] in <5ae095f7408b4d5cb5cdbfc3d3c31d20>:0 
  at System.Configuration.ClientConfigurationSystem..ctor () [0x00051] in <5ae095f7408b4d5cb5cdbfc3d3c31d20>:0 
  at System.Configuration.ConfigurationManager.EnsureConfigurationSystem () [0x00024] in <5ae095f7408b4d5cb5cdbfc3d3c31d20>:0 
   --- End of inner exception stack trace ---
  at System.Configuration.ConfigurationManager.PrepareConfigSystem () [0x0001a] in <5ae095f7408b4d5cb5cdbfc3d3c31d20>:0 
  at System.Configuration.ConfigurationManager.GetSection (System.String sectionName) [0x0000a] in <5ae095f7408b4d5cb5cdbfc3d3c31d20>:0 
  at System.Configuration.ConfigurationManager.get_AppSettings () [0x00000] in <5ae095f7408b4d5cb5cdbfc3d3c31d20>:0 
  at log4net.Util.SystemInfo.GetAppSetting (System.String key) [0x00000] in <00c34789746b40dda4cd7be2c85ba32f>:0 
Mono: successfully reloaded assembly
- Finished resetting the current domain, in  0.952 seconds
Domain Reload Profiling: 1915ms
	BeginReloadAssembly (254ms)
		ExecutionOrderSort (0ms)
		DisableScriptedObjects (32ms)
		BackupInstance (0ms)
		ReleaseScriptingObjects (0ms)
		CreateAndSetChildDomain (65ms)
	RebuildCommonClasses (38ms)
	RebuildNativeTypeToScriptingClass (16ms)
	initialDomainReloadingComplete (33ms)
	LoadAllAssembliesAndSetupDomain (620ms)
		LoadAssemblies (445ms)
		RebuildTransferFunctionScriptingTraits (0ms)
		AnalyzeDomain (286ms)
			TypeCache.Refresh (9ms)
				TypeCache.ScanAssembly (0ms)
			BuildScriptInfoCaches (260ms)
			ResolveRequiredComponents (13ms)
	FinalizeReload (953ms)
		ReleaseScriptCaches (0ms)
		RebuildScriptCaches (0ms)
		SetupLoadedEditorAssemblies (728ms)
			LogAssemblyErrors (0ms)
			InitializePlatformSupportModulesInManaged (3ms)
			SetLoadedEditorAssemblies (5ms)
			BeforeProcessingInitializeOnLoad (124ms)
			ProcessInitializeOnLoadAttributes (509ms)
			ProcessInitializeOnLoadMethodAttributes (85ms)
			AfterProcessingInitializeOnLoad (2ms)
			EditorAssembliesLoaded (0ms)
		ExecutionOrderSort2 (0ms)
		AwakeInstancesAfterBackupRestoration (15ms)
Refreshing native plugins compatible for Editor in 2.65 ms, found 4 plugins.
Preloading 0 native plugins for Editor in 0.00 ms.
Unloading 13 Unused Serialized files (Serialized files now loaded: 0)
Unloading 6681 unused Assets / (4.5 MB). Loaded Objects now: 7441.
Memory consumption went from 162.7 MB to 158.2 MB.
Total: 9.978300 ms (FindLiveObjects: 1.041900 ms CreateObjectMapping: 0.677300 ms MarkObjects: 5.754500 ms  DeleteObjects: 2.503000 ms)

Prepare: number of updated asset objects reloaded= 0
========================================================================
Received Prepare
Begin MonoManager ReloadAssembly
Duplicate assembly 'log4net.dll' with different versions detected, using 'Assets/Packages/log4net.3.0.4/lib/netstandard2.0/log4net.dll, AssemblyName=log4net, Version=3.0.4.0, Culture=neutral, PublicKeyToken=669e0ddf0bb1aa2a' and ignoring 'Packages/com.unity.collab-proxy/Lib/Editor/log4netPlastic.dll, AssemblyName=log4net, Version=1.2.15.0, Culture=neutral, PublicKeyToken=669e0ddf0bb1aa2a'.Symbol file LoadedFromMemory is not a mono symbol file
- Loaded All Assemblies, in  0.910 seconds
Refreshing native plugins compatible for Editor in 2.05 ms, found 4 plugins.
Native extension for WindowsStandalone target not found
log4net:ERROR Exception while reading ConfigurationSettings. Check your .config file is well formed XML.
System.Configuration.ConfigurationErrorsException: Configuration system failed to initialize ---> System.PlatformNotSupportedException: Operation is not supported on this platform.
  at System.Configuration.ClientConfigPaths..ctor (System.String exePath, System.Boolean includeUserConfig) [0x00050] in <5ae095f7408b4d5cb5cdbfc3d3c31d20>:0 
  at System.Configuration.ClientConfigPaths.GetPaths (System.String exePath, System.Boolean includeUserConfig) [0x00018] in <5ae095f7408b4d5cb5cdbfc3d3c31d20>:0 
  at System.Configuration.ClientConfigurationHost.get_ConfigPaths () [0x0000a] in <5ae095f7408b4d5cb5cdbfc3d3c31d20>:0 
  at System.Configuration.ClientConfigurationHost.GetStreamName (System.String configPath) [0x0006d] in <5ae095f7408b4d5cb5cdbfc3d3c31d20>:0 
  at System.Configuration.ClientConfigurationHost.get_IsAppConfigHttp () [0x00000] in <5ae095f7408b4d5cb5cdbfc3d3c31d20>:0 
  at System.Configuration.Internal.DelegatingConfigHost.get_IsAppConfigHttp () [0x00006] in <5ae095f7408b4d5cb5cdbfc3d3c31d20>:0 
  at System.Configuration.ClientConfigurationSystem..ctor () [0x00051] in <5ae095f7408b4d5cb5cdbfc3d3c31d20>:0 
  at System.Configuration.ConfigurationManager.EnsureConfigurationSystem () [0x00024] in <5ae095f7408b4d5cb5cdbfc3d3c31d20>:0 
   --- End of inner exception stack trace ---
  at System.Configuration.ConfigurationManager.EnsureConfigurationSystem () [0x00060] in <5ae095f7408b4d5cb5cdbfc3d3c31d20>:0 
  at System.Configuration.ConfigurationManager.PrepareConfigSystem () [0x0000a] in <5ae095f7408b4d5cb5cdbfc3d3c31d20>:0 
  at System.Configuration.ConfigurationManager.GetSection (System.String sectionName) [0x0000a] in <5ae095f7408b4d5cb5cdbfc3d3c31d20>:0 
  at System.Configuration.ConfigurationManager.get_AppSettings () [0x00000] in <5ae095f7408b4d5cb5cdbfc3d3c31d20>:0 
  at log4net.Util.SystemInfo.GetAppSetting (System.String key) [0x00000] in <00c34789746b40dda4cd7be2c85ba32f>:0 
log4net:ERROR Exception while reading ConfigurationSettings. Check your .config file is well formed XML.
System.Configuration.ConfigurationErrorsException: Configuration system failed to initialize ---> System.PlatformNotSupportedException: Operation is not supported on this platform.
  at System.Configuration.ClientConfigPaths..ctor (System.String exePath, System.Boolean includeUserConfig) [0x00050] in <5ae095f7408b4d5cb5cdbfc3d3c31d20>:0 
  at System.Configuration.ClientConfigPaths.GetPaths (System.String exePath, System.Boolean includeUserConfig) [0x00018] in <5ae095f7408b4d5cb5cdbfc3d3c31d20>:0 
  at System.Configuration.ClientConfigurationHost.get_ConfigPaths () [0x0000a] in <5ae095f7408b4d5cb5cdbfc3d3c31d20>:0 
  at System.Configuration.ClientConfigurationHost.GetStreamName (System.String configPath) [0x0006d] in <5ae095f7408b4d5cb5cdbfc3d3c31d20>:0 
  at System.Configuration.ClientConfigurationHost.get_IsAppConfigHttp () [0x00000] in <5ae095f7408b4d5cb5cdbfc3d3c31d20>:0 
  at System.Configuration.Internal.DelegatingConfigHost.get_IsAppConfigHttp () [0x00006] in <5ae095f7408b4d5cb5cdbfc3d3c31d20>:0 
  at System.Configuration.ClientConfigurationSystem..ctor () [0x00051] in <5ae095f7408b4d5cb5cdbfc3d3c31d20>:0 
  at System.Configuration.ConfigurationManager.EnsureConfigurationSystem () [0x00024] in <5ae095f7408b4d5cb5cdbfc3d3c31d20>:0 
   --- End of inner exception stack trace ---
  at System.Configuration.ConfigurationManager.PrepareConfigSystem () [0x0001a] in <5ae095f7408b4d5cb5cdbfc3d3c31d20>:0 
  at System.Configuration.ConfigurationManager.GetSection (System.String sectionName) [0x0000a] in <5ae095f7408b4d5cb5cdbfc3d3c31d20>:0 
  at System.Configuration.ConfigurationManager.get_AppSettings () [0x00000] in <5ae095f7408b4d5cb5cdbfc3d3c31d20>:0 
  at log4net.Util.SystemInfo.GetAppSetting (System.String key) [0x00000] in <00c34789746b40dda4cd7be2c85ba32f>:0 
log4net:ERROR Exception while reading ConfigurationSettings. Check your .config file is well formed XML.
System.Configuration.ConfigurationErrorsException: Configuration system failed to initialize ---> System.PlatformNotSupportedException: Operation is not supported on this platform.
  at System.Configuration.ClientConfigPaths..ctor (System.String exePath, System.Boolean includeUserConfig) [0x00050] in <5ae095f7408b4d5cb5cdbfc3d3c31d20>:0 
  at System.Configuration.ClientConfigPaths.GetPaths (System.String exePath, System.Boolean includeUserConfig) [0x00018] in <5ae095f7408b4d5cb5cdbfc3d3c31d20>:0 
  at System.Configuration.ClientConfigurationHost.get_ConfigPaths () [0x0000a] in <5ae095f7408b4d5cb5cdbfc3d3c31d20>:0 
  at System.Configuration.ClientConfigurationHost.GetStreamName (System.String configPath) [0x0006d] in <5ae095f7408b4d5cb5cdbfc3d3c31d20>:0 
  at System.Configuration.ClientConfigurationHost.get_IsAppConfigHttp () [0x00000] in <5ae095f7408b4d5cb5cdbfc3d3c31d20>:0 
  at System.Configuration.Internal.DelegatingConfigHost.get_IsAppConfigHttp () [0x00006] in <5ae095f7408b4d5cb5cdbfc3d3c31d20>:0 
  at System.Configuration.ClientConfigurationSystem..ctor () [0x00051] in <5ae095f7408b4d5cb5cdbfc3d3c31d20>:0 
  at System.Configuration.ConfigurationManager.EnsureConfigurationSystem () [0x00024] in <5ae095f7408b4d5cb5cdbfc3d3c31d20>:0 
   --- End of inner exception stack trace ---
  at System.Configuration.ConfigurationManager.PrepareConfigSystem () [0x0001a] in <5ae095f7408b4d5cb5cdbfc3d3c31d20>:0 
  at System.Configuration.ConfigurationManager.GetSection (System.String sectionName) [0x0000a] in <5ae095f7408b4d5cb5cdbfc3d3c31d20>:0 
  at System.Configuration.ConfigurationManager.get_AppSettings () [0x00000] in <5ae095f7408b4d5cb5cdbfc3d3c31d20>:0 
  at log4net.Util.SystemInfo.GetAppSetting (System.String key) [0x00000] in <00c34789746b40dda4cd7be2c85ba32f>:0 
log4net:ERROR Exception while reading ConfigurationSettings. Check your .config file is well formed XML.
System.Configuration.ConfigurationErrorsException: Configuration system failed to initialize ---> System.PlatformNotSupportedException: Operation is not supported on this platform.
  at System.Configuration.ClientConfigPaths..ctor (System.String exePath, System.Boolean includeUserConfig) [0x00050] in <5ae095f7408b4d5cb5cdbfc3d3c31d20>:0 
  at System.Configuration.ClientConfigPaths.GetPaths (System.String exePath, System.Boolean includeUserConfig) [0x00018] in <5ae095f7408b4d5cb5cdbfc3d3c31d20>:0 
  at System.Configuration.ClientConfigurationHost.get_ConfigPaths () [0x0000a] in <5ae095f7408b4d5cb5cdbfc3d3c31d20>:0 
  at System.Configuration.ClientConfigurationHost.GetStreamName (System.String configPath) [0x0006d] in <5ae095f7408b4d5cb5cdbfc3d3c31d20>:0 
  at System.Configuration.ClientConfigurationHost.get_IsAppConfigHttp () [0x00000] in <5ae095f7408b4d5cb5cdbfc3d3c31d20>:0 
  at System.Configuration.Internal.DelegatingConfigHost.get_IsAppConfigHttp () [0x00006] in <5ae095f7408b4d5cb5cdbfc3d3c31d20>:0 
  at System.Configuration.ClientConfigurationSystem..ctor () [0x00051] in <5ae095f7408b4d5cb5cdbfc3d3c31d20>:0 
  at System.Configuration.ConfigurationManager.EnsureConfigurationSystem () [0x00024] in <5ae095f7408b4d5cb5cdbfc3d3c31d20>:0 
   --- End of inner exception stack trace ---
  at System.Configuration.ConfigurationManager.PrepareConfigSystem () [0x0001a] in <5ae095f7408b4d5cb5cdbfc3d3c31d20>:0 
  at System.Configuration.ConfigurationManager.GetSection (System.String sectionName) [0x0000a] in <5ae095f7408b4d5cb5cdbfc3d3c31d20>:0 
  at System.Configuration.ConfigurationManager.get_AppSettings () [0x00000] in <5ae095f7408b4d5cb5cdbfc3d3c31d20>:0 
  at log4net.Util.SystemInfo.GetAppSetting (System.String key) [0x00000] in <00c34789746b40dda4cd7be2c85ba32f>:0 
log4net:ERROR Exception while reading ConfigurationSettings. Check your .config file is well formed XML.
System.Configuration.ConfigurationErrorsException: Configuration system failed to initialize ---> System.PlatformNotSupportedException: Operation is not supported on this platform.
  at System.Configuration.ClientConfigPaths..ctor (System.String exePath, System.Boolean includeUserConfig) [0x00050] in <5ae095f7408b4d5cb5cdbfc3d3c31d20>:0 
  at System.Configuration.ClientConfigPaths.GetPaths (System.String exePath, System.Boolean includeUserConfig) [0x00018] in <5ae095f7408b4d5cb5cdbfc3d3c31d20>:0 
  at System.Configuration.ClientConfigurationHost.get_ConfigPaths () [0x0000a] in <5ae095f7408b4d5cb5cdbfc3d3c31d20>:0 
  at System.Configuration.ClientConfigurationHost.GetStreamName (System.String configPath) [0x0006d] in <5ae095f7408b4d5cb5cdbfc3d3c31d20>:0 
  at System.Configuration.ClientConfigurationHost.get_IsAppConfigHttp () [0x00000] in <5ae095f7408b4d5cb5cdbfc3d3c31d20>:0 
  at System.Configuration.Internal.DelegatingConfigHost.get_IsAppConfigHttp () [0x00006] in <5ae095f7408b4d5cb5cdbfc3d3c31d20>:0 
  at System.Configuration.ClientConfigurationSystem..ctor () [0x00051] in <5ae095f7408b4d5cb5cdbfc3d3c31d20>:0 
  at System.Configuration.ConfigurationManager.EnsureConfigurationSystem () [0x00024] in <5ae095f7408b4d5cb5cdbfc3d3c31d20>:0 
   --- End of inner exception stack trace ---
  at System.Configuration.ConfigurationManager.PrepareConfigSystem () [0x0001a] in <5ae095f7408b4d5cb5cdbfc3d3c31d20>:0 
  at System.Configuration.ConfigurationManager.GetSection (System.String sectionName) [0x0000a] in <5ae095f7408b4d5cb5cdbfc3d3c31d20>:0 
  at System.Configuration.ConfigurationManager.get_AppSettings () [0x00000] in <5ae095f7408b4d5cb5cdbfc3d3c31d20>:0 
  at log4net.Util.SystemInfo.GetAppSetting (System.String key) [0x00000] in <00c34789746b40dda4cd7be2c85ba32f>:0 
log4net:ERROR Exception while reading ConfigurationSettings. Check your .config file is well formed XML.
System.Configuration.ConfigurationErrorsException: Configuration system failed to initialize ---> System.PlatformNotSupportedException: Operation is not supported on this platform.
  at System.Configuration.ClientConfigPaths..ctor (System.String exePath, System.Boolean includeUserConfig) [0x00050] in <5ae095f7408b4d5cb5cdbfc3d3c31d20>:0 
  at System.Configuration.ClientConfigPaths.GetPaths (System.String exePath, System.Boolean includeUserConfig) [0x00018] in <5ae095f7408b4d5cb5cdbfc3d3c31d20>:0 
  at System.Configuration.ClientConfigurationHost.get_ConfigPaths () [0x0000a] in <5ae095f7408b4d5cb5cdbfc3d3c31d20>:0 
  at System.Configuration.ClientConfigurationHost.GetStreamName (System.String configPath) [0x0006d] in <5ae095f7408b4d5cb5cdbfc3d3c31d20>:0 
  at System.Configuration.ClientConfigurationHost.get_IsAppConfigHttp () [0x00000] in <5ae095f7408b4d5cb5cdbfc3d3c31d20>:0 
  at System.Configuration.Internal.DelegatingConfigHost.get_IsAppConfigHttp () [0x00006] in <5ae095f7408b4d5cb5cdbfc3d3c31d20>:0 
  at System.Configuration.ClientConfigurationSystem..ctor () [0x00051] in <5ae095f7408b4d5cb5cdbfc3d3c31d20>:0 
  at System.Configuration.ConfigurationManager.EnsureConfigurationSystem () [0x00024] in <5ae095f7408b4d5cb5cdbfc3d3c31d20>:0 
   --- End of inner exception stack trace ---
  at System.Configuration.ConfigurationManager.PrepareConfigSystem () [0x0001a] in <5ae095f7408b4d5cb5cdbfc3d3c31d20>:0 
  at System.Configuration.ConfigurationManager.GetSection (System.String sectionName) [0x0000a] in <5ae095f7408b4d5cb5cdbfc3d3c31d20>:0 
  at System.Configuration.ConfigurationManager.get_AppSettings () [0x00000] in <5ae095f7408b4d5cb5cdbfc3d3c31d20>:0 
  at log4net.Util.SystemInfo.GetAppSetting (System.String key) [0x00000] in <00c34789746b40dda4cd7be2c85ba32f>:0 
log4net:ERROR Exception while reading ConfigurationSettings. Check your .config file is well formed XML.
System.Configuration.ConfigurationErrorsException: Configuration system failed to initialize ---> System.PlatformNotSupportedException: Operation is not supported on this platform.
  at System.Configuration.ClientConfigPaths..ctor (System.String exePath, System.Boolean includeUserConfig) [0x00050] in <5ae095f7408b4d5cb5cdbfc3d3c31d20>:0 
  at System.Configuration.ClientConfigPaths.GetPaths (System.String exePath, System.Boolean includeUserConfig) [0x00018] in <5ae095f7408b4d5cb5cdbfc3d3c31d20>:0 
  at System.Configuration.ClientConfigurationHost.get_ConfigPaths () [0x0000a] in <5ae095f7408b4d5cb5cdbfc3d3c31d20>:0 
  at System.Configuration.ClientConfigurationHost.GetStreamName (System.String configPath) [0x0006d] in <5ae095f7408b4d5cb5cdbfc3d3c31d20>:0 
  at System.Configuration.ClientConfigurationHost.get_IsAppConfigHttp () [0x00000] in <5ae095f7408b4d5cb5cdbfc3d3c31d20>:0 
  at System.Configuration.Internal.DelegatingConfigHost.get_IsAppConfigHttp () [0x00006] in <5ae095f7408b4d5cb5cdbfc3d3c31d20>:0 
  at System.Configuration.ClientConfigurationSystem..ctor () [0x00051] in <5ae095f7408b4d5cb5cdbfc3d3c31d20>:0 
  at System.Configuration.ConfigurationManager.EnsureConfigurationSystem () [0x00024] in <5ae095f7408b4d5cb5cdbfc3d3c31d20>:0 
   --- End of inner exception stack trace ---
  at System.Configuration.ConfigurationManager.PrepareConfigSystem () [0x0001a] in <5ae095f7408b4d5cb5cdbfc3d3c31d20>:0 
  at System.Configuration.ConfigurationManager.GetSection (System.String sectionName) [0x0000a] in <5ae095f7408b4d5cb5cdbfc3d3c31d20>:0 
  at System.Configuration.ConfigurationManager.get_AppSettings () [0x00000] in <5ae095f7408b4d5cb5cdbfc3d3c31d20>:0 
  at log4net.Util.SystemInfo.GetAppSetting (System.String key) [0x00000] in <00c34789746b40dda4cd7be2c85ba32f>:0 
Mono: successfully reloaded assembly
- Finished resetting the current domain, in  0.915 seconds
Domain Reload Profiling: 1826ms
	BeginReloadAssembly (224ms)
		ExecutionOrderSort (0ms)
		DisableScriptedObjects (17ms)
		BackupInstance (0ms)
		ReleaseScriptingObjects (0ms)
		CreateAndSetChildDomain (52ms)
	RebuildCommonClasses (38ms)
	RebuildNativeTypeToScriptingClass (15ms)
	initialDomainReloadingComplete (32ms)
	LoadAllAssembliesAndSetupDomain (601ms)
		LoadAssemblies (428ms)
		RebuildTransferFunctionScriptingTraits (0ms)
		AnalyzeDomain (282ms)
			TypeCache.Refresh (9ms)
				TypeCache.ScanAssembly (0ms)
			BuildScriptInfoCaches (256ms)
			ResolveRequiredComponents (13ms)
	FinalizeReload (916ms)
		ReleaseScriptCaches (0ms)
		RebuildScriptCaches (0ms)
		SetupLoadedEditorAssemblies (697ms)
			LogAssemblyErrors (0ms)
			InitializePlatformSupportModulesInManaged (2ms)
			SetLoadedEditorAssemblies (5ms)
			BeforeProcessingInitializeOnLoad (129ms)
			ProcessInitializeOnLoadAttributes (477ms)
			ProcessInitializeOnLoadMethodAttributes (82ms)
			AfterProcessingInitializeOnLoad (2ms)
			EditorAssembliesLoaded (0ms)
		ExecutionOrderSort2 (0ms)
		AwakeInstancesAfterBackupRestoration (14ms)
Refreshing native plugins compatible for Editor in 2.34 ms, found 4 plugins.
Preloading 0 native plugins for Editor in 0.00 ms.
Unloading 13 Unused Serialized files (Serialized files now loaded: 0)
Unloading 6681 unused Assets / (4.4 MB). Loaded Objects now: 7443.
Memory consumption went from 162.5 MB to 158.2 MB.
Total: 8.753400 ms (FindLiveObjects: 0.918200 ms CreateObjectMapping: 0.459900 ms MarkObjects: 5.136200 ms  DeleteObjects: 2.237900 ms)

Prepare: number of updated asset objects reloaded= 0
========================================================================
Received Prepare
Begin MonoManager ReloadAssembly
Duplicate assembly 'log4net.dll' with different versions detected, using 'Assets/Packages/log4net.3.0.4/lib/netstandard2.0/log4net.dll, AssemblyName=log4net, Version=3.0.4.0, Culture=neutral, PublicKeyToken=669e0ddf0bb1aa2a' and ignoring 'Packages/com.unity.collab-proxy/Lib/Editor/log4netPlastic.dll, AssemblyName=log4net, Version=1.2.15.0, Culture=neutral, PublicKeyToken=669e0ddf0bb1aa2a'.Symbol file LoadedFromMemory is not a mono symbol file
- Loaded All Assemblies, in  0.919 seconds
Refreshing native plugins compatible for Editor in 2.19 ms, found 4 plugins.
Native extension for WindowsStandalone target not found
log4net:ERROR Exception while reading ConfigurationSettings. Check your .config file is well formed XML.
System.Configuration.ConfigurationErrorsException: Configuration system failed to initialize ---> System.PlatformNotSupportedException: Operation is not supported on this platform.
  at System.Configuration.ClientConfigPaths..ctor (System.String exePath, System.Boolean includeUserConfig) [0x00050] in <5ae095f7408b4d5cb5cdbfc3d3c31d20>:0 
  at System.Configuration.ClientConfigPaths.GetPaths (System.String exePath, System.Boolean includeUserConfig) [0x00018] in <5ae095f7408b4d5cb5cdbfc3d3c31d20>:0 
  at System.Configuration.ClientConfigurationHost.get_ConfigPaths () [0x0000a] in <5ae095f7408b4d5cb5cdbfc3d3c31d20>:0 
  at System.Configuration.ClientConfigurationHost.GetStreamName (System.String configPath) [0x0006d] in <5ae095f7408b4d5cb5cdbfc3d3c31d20>:0 
  at System.Configuration.ClientConfigurationHost.get_IsAppConfigHttp () [0x00000] in <5ae095f7408b4d5cb5cdbfc3d3c31d20>:0 
  at System.Configuration.Internal.DelegatingConfigHost.get_IsAppConfigHttp () [0x00006] in <5ae095f7408b4d5cb5cdbfc3d3c31d20>:0 
  at System.Configuration.ClientConfigurationSystem..ctor () [0x00051] in <5ae095f7408b4d5cb5cdbfc3d3c31d20>:0 
  at System.Configuration.ConfigurationManager.EnsureConfigurationSystem () [0x00024] in <5ae095f7408b4d5cb5cdbfc3d3c31d20>:0 
   --- End of inner exception stack trace ---
  at System.Configuration.ConfigurationManager.EnsureConfigurationSystem () [0x00060] in <5ae095f7408b4d5cb5cdbfc3d3c31d20>:0 
  at System.Configuration.ConfigurationManager.PrepareConfigSystem () [0x0000a] in <5ae095f7408b4d5cb5cdbfc3d3c31d20>:0 
  at System.Configuration.ConfigurationManager.GetSection (System.String sectionName) [0x0000a] in <5ae095f7408b4d5cb5cdbfc3d3c31d20>:0 
  at System.Configuration.ConfigurationManager.get_AppSettings () [0x00000] in <5ae095f7408b4d5cb5cdbfc3d3c31d20>:0 
  at log4net.Util.SystemInfo.GetAppSetting (System.String key) [0x00000] in <00c34789746b40dda4cd7be2c85ba32f>:0 
log4net:ERROR Exception while reading ConfigurationSettings. Check your .config file is well formed XML.
System.Configuration.ConfigurationErrorsException: Configuration system failed to initialize ---> System.PlatformNotSupportedException: Operation is not supported on this platform.
  at System.Configuration.ClientConfigPaths..ctor (System.String exePath, System.Boolean includeUserConfig) [0x00050] in <5ae095f7408b4d5cb5cdbfc3d3c31d20>:0 
  at System.Configuration.ClientConfigPaths.GetPaths (System.String exePath, System.Boolean includeUserConfig) [0x00018] in <5ae095f7408b4d5cb5cdbfc3d3c31d20>:0 
  at System.Configuration.ClientConfigurationHost.get_ConfigPaths () [0x0000a] in <5ae095f7408b4d5cb5cdbfc3d3c31d20>:0 
  at System.Configuration.ClientConfigurationHost.GetStreamName (System.String configPath) [0x0006d] in <5ae095f7408b4d5cb5cdbfc3d3c31d20>:0 
  at System.Configuration.ClientConfigurationHost.get_IsAppConfigHttp () [0x00000] in <5ae095f7408b4d5cb5cdbfc3d3c31d20>:0 
  at System.Configuration.Internal.DelegatingConfigHost.get_IsAppConfigHttp () [0x00006] in <5ae095f7408b4d5cb5cdbfc3d3c31d20>:0 
  at System.Configuration.ClientConfigurationSystem..ctor () [0x00051] in <5ae095f7408b4d5cb5cdbfc3d3c31d20>:0 
  at System.Configuration.ConfigurationManager.EnsureConfigurationSystem () [0x00024] in <5ae095f7408b4d5cb5cdbfc3d3c31d20>:0 
   --- End of inner exception stack trace ---
  at System.Configuration.ConfigurationManager.PrepareConfigSystem () [0x0001a] in <5ae095f7408b4d5cb5cdbfc3d3c31d20>:0 
  at System.Configuration.ConfigurationManager.GetSection (System.String sectionName) [0x0000a] in <5ae095f7408b4d5cb5cdbfc3d3c31d20>:0 
  at System.Configuration.ConfigurationManager.get_AppSettings () [0x00000] in <5ae095f7408b4d5cb5cdbfc3d3c31d20>:0 
  at log4net.Util.SystemInfo.GetAppSetting (System.String key) [0x00000] in <00c34789746b40dda4cd7be2c85ba32f>:0 
log4net:ERROR Exception while reading ConfigurationSettings. Check your .config file is well formed XML.
System.Configuration.ConfigurationErrorsException: Configuration system failed to initialize ---> System.PlatformNotSupportedException: Operation is not supported on this platform.
  at System.Configuration.ClientConfigPaths..ctor (System.String exePath, System.Boolean includeUserConfig) [0x00050] in <5ae095f7408b4d5cb5cdbfc3d3c31d20>:0 
  at System.Configuration.ClientConfigPaths.GetPaths (System.String exePath, System.Boolean includeUserConfig) [0x00018] in <5ae095f7408b4d5cb5cdbfc3d3c31d20>:0 
  at System.Configuration.ClientConfigurationHost.get_ConfigPaths () [0x0000a] in <5ae095f7408b4d5cb5cdbfc3d3c31d20>:0 
  at System.Configuration.ClientConfigurationHost.GetStreamName (System.String configPath) [0x0006d] in <5ae095f7408b4d5cb5cdbfc3d3c31d20>:0 
  at System.Configuration.ClientConfigurationHost.get_IsAppConfigHttp () [0x00000] in <5ae095f7408b4d5cb5cdbfc3d3c31d20>:0 
  at System.Configuration.Internal.DelegatingConfigHost.get_IsAppConfigHttp () [0x00006] in <5ae095f7408b4d5cb5cdbfc3d3c31d20>:0 
  at System.Configuration.ClientConfigurationSystem..ctor () [0x00051] in <5ae095f7408b4d5cb5cdbfc3d3c31d20>:0 
  at System.Configuration.ConfigurationManager.EnsureConfigurationSystem () [0x00024] in <5ae095f7408b4d5cb5cdbfc3d3c31d20>:0 
   --- End of inner exception stack trace ---
  at System.Configuration.ConfigurationManager.PrepareConfigSystem () [0x0001a] in <5ae095f7408b4d5cb5cdbfc3d3c31d20>:0 
  at System.Configuration.ConfigurationManager.GetSection (System.String sectionName) [0x0000a] in <5ae095f7408b4d5cb5cdbfc3d3c31d20>:0 
  at System.Configuration.ConfigurationManager.get_AppSettings () [0x00000] in <5ae095f7408b4d5cb5cdbfc3d3c31d20>:0 
  at log4net.Util.SystemInfo.GetAppSetting (System.String key) [0x00000] in <00c34789746b40dda4cd7be2c85ba32f>:0 
log4net:ERROR Exception while reading ConfigurationSettings. Check your .config file is well formed XML.
System.Configuration.ConfigurationErrorsException: Configuration system failed to initialize ---> System.PlatformNotSupportedException: Operation is not supported on this platform.
  at System.Configuration.ClientConfigPaths..ctor (System.String exePath, System.Boolean includeUserConfig) [0x00050] in <5ae095f7408b4d5cb5cdbfc3d3c31d20>:0 
  at System.Configuration.ClientConfigPaths.GetPaths (System.String exePath, System.Boolean includeUserConfig) [0x00018] in <5ae095f7408b4d5cb5cdbfc3d3c31d20>:0 
  at System.Configuration.ClientConfigurationHost.get_ConfigPaths () [0x0000a] in <5ae095f7408b4d5cb5cdbfc3d3c31d20>:0 
  at System.Configuration.ClientConfigurationHost.GetStreamName (System.String configPath) [0x0006d] in <5ae095f7408b4d5cb5cdbfc3d3c31d20>:0 
  at System.Configuration.ClientConfigurationHost.get_IsAppConfigHttp () [0x00000] in <5ae095f7408b4d5cb5cdbfc3d3c31d20>:0 
  at System.Configuration.Internal.DelegatingConfigHost.get_IsAppConfigHttp () [0x00006] in <5ae095f7408b4d5cb5cdbfc3d3c31d20>:0 
  at System.Configuration.ClientConfigurationSystem..ctor () [0x00051] in <5ae095f7408b4d5cb5cdbfc3d3c31d20>:0 
  at System.Configuration.ConfigurationManager.EnsureConfigurationSystem () [0x00024] in <5ae095f7408b4d5cb5cdbfc3d3c31d20>:0 
   --- End of inner exception stack trace ---
  at System.Configuration.ConfigurationManager.PrepareConfigSystem () [0x0001a] in <5ae095f7408b4d5cb5cdbfc3d3c31d20>:0 
  at System.Configuration.ConfigurationManager.GetSection (System.String sectionName) [0x0000a] in <5ae095f7408b4d5cb5cdbfc3d3c31d20>:0 
  at System.Configuration.ConfigurationManager.get_AppSettings () [0x00000] in <5ae095f7408b4d5cb5cdbfc3d3c31d20>:0 
  at log4net.Util.SystemInfo.GetAppSetting (System.String key) [0x00000] in <00c34789746b40dda4cd7be2c85ba32f>:0 
log4net:ERROR Exception while reading ConfigurationSettings. Check your .config file is well formed XML.
System.Configuration.ConfigurationErrorsException: Configuration system failed to initialize ---> System.PlatformNotSupportedException: Operation is not supported on this platform.
  at System.Configuration.ClientConfigPaths..ctor (System.String exePath, System.Boolean includeUserConfig) [0x00050] in <5ae095f7408b4d5cb5cdbfc3d3c31d20>:0 
  at System.Configuration.ClientConfigPaths.GetPaths (System.String exePath, System.Boolean includeUserConfig) [0x00018] in <5ae095f7408b4d5cb5cdbfc3d3c31d20>:0 
  at System.Configuration.ClientConfigurationHost.get_ConfigPaths () [0x0000a] in <5ae095f7408b4d5cb5cdbfc3d3c31d20>:0 
  at System.Configuration.ClientConfigurationHost.GetStreamName (System.String configPath) [0x0006d] in <5ae095f7408b4d5cb5cdbfc3d3c31d20>:0 
  at System.Configuration.ClientConfigurationHost.get_IsAppConfigHttp () [0x00000] in <5ae095f7408b4d5cb5cdbfc3d3c31d20>:0 
  at System.Configuration.Internal.DelegatingConfigHost.get_IsAppConfigHttp () [0x00006] in <5ae095f7408b4d5cb5cdbfc3d3c31d20>:0 
  at System.Configuration.ClientConfigurationSystem..ctor () [0x00051] in <5ae095f7408b4d5cb5cdbfc3d3c31d20>:0 
  at System.Configuration.ConfigurationManager.EnsureConfigurationSystem () [0x00024] in <5ae095f7408b4d5cb5cdbfc3d3c31d20>:0 
   --- End of inner exception stack trace ---
  at System.Configuration.ConfigurationManager.PrepareConfigSystem () [0x0001a] in <5ae095f7408b4d5cb5cdbfc3d3c31d20>:0 
  at System.Configuration.ConfigurationManager.GetSection (System.String sectionName) [0x0000a] in <5ae095f7408b4d5cb5cdbfc3d3c31d20>:0 
  at System.Configuration.ConfigurationManager.get_AppSettings () [0x00000] in <5ae095f7408b4d5cb5cdbfc3d3c31d20>:0 
  at log4net.Util.SystemInfo.GetAppSetting (System.String key) [0x00000] in <00c34789746b40dda4cd7be2c85ba32f>:0 
log4net:ERROR Exception while reading ConfigurationSettings. Check your .config file is well formed XML.
System.Configuration.ConfigurationErrorsException: Configuration system failed to initialize ---> System.PlatformNotSupportedException: Operation is not supported on this platform.
  at System.Configuration.ClientConfigPaths..ctor (System.String exePath, System.Boolean includeUserConfig) [0x00050] in <5ae095f7408b4d5cb5cdbfc3d3c31d20>:0 
  at System.Configuration.ClientConfigPaths.GetPaths (System.String exePath, System.Boolean includeUserConfig) [0x00018] in <5ae095f7408b4d5cb5cdbfc3d3c31d20>:0 
  at System.Configuration.ClientConfigurationHost.get_ConfigPaths () [0x0000a] in <5ae095f7408b4d5cb5cdbfc3d3c31d20>:0 
  at System.Configuration.ClientConfigurationHost.GetStreamName (System.String configPath) [0x0006d] in <5ae095f7408b4d5cb5cdbfc3d3c31d20>:0 
  at System.Configuration.ClientConfigurationHost.get_IsAppConfigHttp () [0x00000] in <5ae095f7408b4d5cb5cdbfc3d3c31d20>:0 
  at System.Configuration.Internal.DelegatingConfigHost.get_IsAppConfigHttp () [0x00006] in <5ae095f7408b4d5cb5cdbfc3d3c31d20>:0 
  at System.Configuration.ClientConfigurationSystem..ctor () [0x00051] in <5ae095f7408b4d5cb5cdbfc3d3c31d20>:0 
  at System.Configuration.ConfigurationManager.EnsureConfigurationSystem () [0x00024] in <5ae095f7408b4d5cb5cdbfc3d3c31d20>:0 
   --- End of inner exception stack trace ---
  at System.Configuration.ConfigurationManager.PrepareConfigSystem () [0x0001a] in <5ae095f7408b4d5cb5cdbfc3d3c31d20>:0 
  at System.Configuration.ConfigurationManager.GetSection (System.String sectionName) [0x0000a] in <5ae095f7408b4d5cb5cdbfc3d3c31d20>:0 
  at System.Configuration.ConfigurationManager.get_AppSettings () [0x00000] in <5ae095f7408b4d5cb5cdbfc3d3c31d20>:0 
  at log4net.Util.SystemInfo.GetAppSetting (System.String key) [0x00000] in <00c34789746b40dda4cd7be2c85ba32f>:0 
log4net:ERROR Exception while reading ConfigurationSettings. Check your .config file is well formed XML.
System.Configuration.ConfigurationErrorsException: Configuration system failed to initialize ---> System.PlatformNotSupportedException: Operation is not supported on this platform.
  at System.Configuration.ClientConfigPaths..ctor (System.String exePath, System.Boolean includeUserConfig) [0x00050] in <5ae095f7408b4d5cb5cdbfc3d3c31d20>:0 
  at System.Configuration.ClientConfigPaths.GetPaths (System.String exePath, System.Boolean includeUserConfig) [0x00018] in <5ae095f7408b4d5cb5cdbfc3d3c31d20>:0 
  at System.Configuration.ClientConfigurationHost.get_ConfigPaths () [0x0000a] in <5ae095f7408b4d5cb5cdbfc3d3c31d20>:0 
  at System.Configuration.ClientConfigurationHost.GetStreamName (System.String configPath) [0x0006d] in <5ae095f7408b4d5cb5cdbfc3d3c31d20>:0 
  at System.Configuration.ClientConfigurationHost.get_IsAppConfigHttp () [0x00000] in <5ae095f7408b4d5cb5cdbfc3d3c31d20>:0 
  at System.Configuration.Internal.DelegatingConfigHost.get_IsAppConfigHttp () [0x00006] in <5ae095f7408b4d5cb5cdbfc3d3c31d20>:0 
  at System.Configuration.ClientConfigurationSystem..ctor () [0x00051] in <5ae095f7408b4d5cb5cdbfc3d3c31d20>:0 
  at System.Configuration.ConfigurationManager.EnsureConfigurationSystem () [0x00024] in <5ae095f7408b4d5cb5cdbfc3d3c31d20>:0 
   --- End of inner exception stack trace ---
  at System.Configuration.ConfigurationManager.PrepareConfigSystem () [0x0001a] in <5ae095f7408b4d5cb5cdbfc3d3c31d20>:0 
  at System.Configuration.ConfigurationManager.GetSection (System.String sectionName) [0x0000a] in <5ae095f7408b4d5cb5cdbfc3d3c31d20>:0 
  at System.Configuration.ConfigurationManager.get_AppSettings () [0x00000] in <5ae095f7408b4d5cb5cdbfc3d3c31d20>:0 
  at log4net.Util.SystemInfo.GetAppSetting (System.String key) [0x00000] in <00c34789746b40dda4cd7be2c85ba32f>:0 
Mono: successfully reloaded assembly
- Finished resetting the current domain, in  0.920 seconds
Domain Reload Profiling: 1838ms
	BeginReloadAssembly (226ms)
		ExecutionOrderSort (0ms)
		DisableScriptedObjects (17ms)
		BackupInstance (0ms)
		ReleaseScriptingObjects (0ms)
		CreateAndSetChildDomain (51ms)
	RebuildCommonClasses (38ms)
	RebuildNativeTypeToScriptingClass (15ms)
	initialDomainReloadingComplete (33ms)
	LoadAllAssembliesAndSetupDomain (606ms)
		LoadAssemblies (431ms)
		RebuildTransferFunctionScriptingTraits (0ms)
		AnalyzeDomain (285ms)
			TypeCache.Refresh (9ms)
				TypeCache.ScanAssembly (0ms)
			BuildScriptInfoCaches (259ms)
			ResolveRequiredComponents (14ms)
	FinalizeReload (920ms)
		ReleaseScriptCaches (0ms)
		RebuildScriptCaches (0ms)
		SetupLoadedEditorAssemblies (699ms)
			LogAssemblyErrors (0ms)
			InitializePlatformSupportModulesInManaged (3ms)
			SetLoadedEditorAssemblies (5ms)
			BeforeProcessingInitializeOnLoad (124ms)
			ProcessInitializeOnLoadAttributes (486ms)
			ProcessInitializeOnLoadMethodAttributes (79ms)
			AfterProcessingInitializeOnLoad (2ms)
			EditorAssembliesLoaded (0ms)
		ExecutionOrderSort2 (0ms)
		AwakeInstancesAfterBackupRestoration (14ms)
Refreshing native plugins compatible for Editor in 2.22 ms, found 4 plugins.
Preloading 0 native plugins for Editor in 0.00 ms.
Unloading 13 Unused Serialized files (Serialized files now loaded: 0)
Unloading 6681 unused Assets / (4.5 MB). Loaded Objects now: 7445.
Memory consumption went from 162.5 MB to 158.0 MB.
Total: 8.770100 ms (FindLiveObjects: 0.919600 ms CreateObjectMapping: 0.467800 ms MarkObjects: 5.134200 ms  DeleteObjects: 2.246800 ms)

Prepare: number of updated asset objects reloaded= 0
