Using pre-set license
Built from '6000.0/staging' branch; Version is '6000.0.32f1 (b2e806cf271c) revision 11724806'; Using compiler version '193933523'; Build Type 'Release'
OS: 'Windows 11  (10.0.22631) 64bit Professional' Language: 'ru' Physical Memory: 31861 MB
BatchMode: 1, IsHumanControllingUs: 0, StartBugReporterOnCrash: 0, Is64bit: 1, IsPro: 1

COMMAND LINE ARGUMENTS:
C:\Program Files\Unity\Hub\Editor\6000.0.32f1\Editor\Unity.exe
-adb2
-batchMode
-noUpm
-name
AssetImportWorker1
-projectPath
C:/Users/Михаил/Documents/GitHub/RougeLight/Rouge Light Project
-logFile
Logs/AssetImportWorker1.log
-srvPort
56765
-job-worker-count
11
-background-job-worker-count
8
-gc-helper-count
1
Successfully changed project path to: C:/Users/Михаил/Documents/GitHub/RougeLight/Rouge Light Project
C:/Users/Михаил/Documents/GitHub/RougeLight/Rouge Light Project
[UnityMemory] Configuration Parameters - Can be set up in boot.config
    "memorysetup-bucket-allocator-granularity=16"
    "memorysetup-bucket-allocator-bucket-count=8"
    "memorysetup-bucket-allocator-block-size=33554432"
    "memorysetup-bucket-allocator-block-count=8"
    "memorysetup-main-allocator-block-size=16777216"
    "memorysetup-thread-allocator-block-size=16777216"
    "memorysetup-gfx-main-allocator-block-size=16777216"
    "memorysetup-gfx-thread-allocator-block-size=16777216"
    "memorysetup-cache-allocator-block-size=4194304"
    "memorysetup-typetree-allocator-block-size=2097152"
    "memorysetup-profiler-bucket-allocator-granularity=16"
    "memorysetup-profiler-bucket-allocator-bucket-count=8"
    "memorysetup-profiler-bucket-allocator-block-size=33554432"
    "memorysetup-profiler-bucket-allocator-block-count=8"
    "memorysetup-profiler-allocator-block-size=16777216"
    "memorysetup-profiler-editor-allocator-block-size=1048576"
    "memorysetup-temp-allocator-size-main=16777216"
    "memorysetup-job-temp-allocator-block-size=2097152"
    "memorysetup-job-temp-allocator-block-size-background=1048576"
    "memorysetup-job-temp-allocator-reduction-small-platforms=262144"
    "memorysetup-allocator-temp-initial-block-size-main=262144"
    "memorysetup-allocator-temp-initial-block-size-worker=262144"
    "memorysetup-temp-allocator-size-background-worker=32768"
    "memorysetup-temp-allocator-size-job-worker=262144"
    "memorysetup-temp-allocator-size-preload-manager=33554432"
    "memorysetup-temp-allocator-size-nav-mesh-worker=65536"
    "memorysetup-temp-allocator-size-audio-worker=65536"
    "memorysetup-temp-allocator-size-cloud-worker=32768"
    "memorysetup-temp-allocator-size-gi-baking-worker=262144"
    "memorysetup-temp-allocator-size-gi-baking-worker=262144"
    "memorysetup-temp-allocator-size-gi-baking-worker=262144"
    "memorysetup-temp-allocator-size-gi-baking-worker=262144"
    "memorysetup-temp-allocator-size-gi-baking-worker=262144"
    "memorysetup-temp-allocator-size-gfx=262144"
Player connection [3448]  Target information:

Player connection [3448]  * "[IP] 192.168.0.3 [Port] 0 [Flags] 2 [Guid] 2423489142 [EditorId] 2423489142 [Version] 1048832 [Id] WindowsEditor(7,KOMPUTER) [Debug] 1 [PackageName] WindowsEditor [ProjectName] Editor" 

Player connection [3448]  * "[IP] 10.102.37.150 [Port] 0 [Flags] 2 [Guid] 2423489142 [EditorId] 2423489142 [Version] 1048832 [Id] WindowsEditor(7,KOMPUTER) [Debug] 1 [PackageName] WindowsEditor [ProjectName] Editor" 

Player connection [3448] Host joined multi-casting on [225.0.0.222:54997]...
Player connection [3448] Host joined alternative multi-casting on [225.0.0.222:34997]...
JobSystem: Creating JobQueue using job-worker-count value 11
[Physics::Module] Initialized fallback backend.
[Physics::Module] Id: 0xdecafbad
Library Redirect Path: Library/
[Physics::Module] Selected backend.
[Physics::Module] Name: PhysX
[Physics::Module] Id: 0xf2b8ea05
[Physics::Module] SDK Version: 4.1.2
[Physics::Module] Integration Version: 1.0.0
[Physics::Module] Threading Mode: Multi-Threaded
Refreshing native plugins compatible for Editor in 1.60 ms, found 4 plugins.
Preloading 0 native plugins for Editor in 0.00 ms.
Initialize engine version: 6000.0.32f1 (b2e806cf271c)
[Subsystems] Discovering subsystems at path C:/Program Files/Unity/Hub/Editor/6000.0.32f1/Editor/Data/Resources/UnitySubsystems
[Subsystems] Discovering subsystems at path C:/Users/Михаил/Documents/GitHub/RougeLight/Rouge Light Project/Assets
GfxDevice: creating device client; kGfxThreadingModeNonThreaded
Direct3D:
    Version:  Direct3D 11.0 [level 11.1]
    Renderer: NVIDIA GeForce RTX 4080 SUPER (ID=0x2702)
    Vendor:   NVIDIA
    VRAM:     16047 MB
    Driver:   32.0.15.6614
Initialize mono
Mono path[0] = 'C:/Program Files/Unity/Hub/Editor/6000.0.32f1/Editor/Data/Managed'
Mono path[1] = 'C:/Program Files/Unity/Hub/Editor/6000.0.32f1/Editor/Data/MonoBleedingEdge/lib/mono/unityjit-win32'
Mono config path = 'C:/Program Files/Unity/Hub/Editor/6000.0.32f1/Editor/Data/MonoBleedingEdge/etc'
Using monoOptions --debugger-agent=transport=dt_socket,embedding=1,server=y,suspend=n,address=127.0.0.1:56832
Begin MonoManager ReloadAssembly
Registering precompiled unity dll's ...
Register platform support module: C:/Program Files/Unity/Hub/Editor/6000.0.32f1/Editor/Data/PlaybackEngines/WindowsStandaloneSupport/UnityEditor.WindowsStandalone.Extensions.dll
Register platform support module: C:/Program Files/Unity/Hub/Editor/6000.0.32f1/Editor/Data/PlaybackEngines/MetroSupport/UnityEditor.UWP.Extensions.dll
Register platform support module: C:/Program Files/Unity/Hub/Editor/6000.0.32f1/Editor/Data/PlaybackEngines/AndroidPlayer/UnityEditor.Android.Extensions.dll
Register platform support module: C:/Program Files/Unity/Hub/Editor/6000.0.32f1/Editor/Data/PlaybackEngines/iOSSupport/UnityEditor.iOS.Extensions.dll
Registered in 0.003028 seconds.
- Loaded All Assemblies, in  0.247 seconds
[usbmuxd] Start listen thread
[usbmuxd] Listen thread started
Native extension for iOS target not found
Native extension for Android target not found
Android Extension - Scanning For ADB Devices 198 ms
Native extension for UWP target not found
Native extension for WindowsStandalone target not found
Mono: successfully reloaded assembly
- Finished resetting the current domain, in  0.433 seconds
Domain Reload Profiling: 679ms
	BeginReloadAssembly (84ms)
		ExecutionOrderSort (0ms)
		DisableScriptedObjects (0ms)
		BackupInstance (0ms)
		ReleaseScriptingObjects (0ms)
		CreateAndSetChildDomain (0ms)
	RebuildCommonClasses (23ms)
	RebuildNativeTypeToScriptingClass (8ms)
	initialDomainReloadingComplete (30ms)
	LoadAllAssembliesAndSetupDomain (100ms)
		LoadAssemblies (82ms)
		RebuildTransferFunctionScriptingTraits (0ms)
		AnalyzeDomain (98ms)
			TypeCache.Refresh (97ms)
				TypeCache.ScanAssembly (88ms)
			BuildScriptInfoCaches (0ms)
			ResolveRequiredComponents (0ms)
	FinalizeReload (434ms)
		ReleaseScriptCaches (0ms)
		RebuildScriptCaches (0ms)
		SetupLoadedEditorAssemblies (405ms)
			LogAssemblyErrors (0ms)
			InitializePlatformSupportModulesInManaged (257ms)
			SetLoadedEditorAssemblies (2ms)
			BeforeProcessingInitializeOnLoad (32ms)
			ProcessInitializeOnLoadAttributes (74ms)
			ProcessInitializeOnLoadMethodAttributes (39ms)
			AfterProcessingInitializeOnLoad (0ms)
			EditorAssembliesLoaded (0ms)
		ExecutionOrderSort2 (0ms)
		AwakeInstancesAfterBackupRestoration (0ms)
========================================================================
Worker process is ready to serve import requests
Import Worker Mode flag is 0x00
Begin MonoManager ReloadAssembly
Duplicate assembly 'log4net.dll' with different versions detected, using 'Assets/Packages/log4net.3.0.4/lib/netstandard2.0/log4net.dll, AssemblyName=log4net, Version=3.0.4.0, Culture=neutral, PublicKeyToken=669e0ddf0bb1aa2a' and ignoring 'Packages/com.unity.collab-proxy/Lib/Editor/log4netPlastic.dll, AssemblyName=log4net, Version=1.2.15.0, Culture=neutral, PublicKeyToken=669e0ddf0bb1aa2a'.- Loaded All Assemblies, in  0.609 seconds
Refreshing native plugins compatible for Editor in 1.05 ms, found 4 plugins.
Native extension for iOS target not found
Native extension for Android target not found
Native extension for UWP target not found
Native extension for WindowsStandalone target not found
log4net:ERROR Exception while reading ConfigurationSettings. Check your .config file is well formed XML.
System.Configuration.ConfigurationErrorsException: Configuration system failed to initialize ---> System.PlatformNotSupportedException: Operation is not supported on this platform.
  at System.Configuration.ClientConfigPaths..ctor (System.String exePath, System.Boolean includeUserConfig) [0x00050] in <5ae095f7408b4d5cb5cdbfc3d3c31d20>:0 
  at System.Configuration.ClientConfigPaths.GetPaths (System.String exePath, System.Boolean includeUserConfig) [0x00018] in <5ae095f7408b4d5cb5cdbfc3d3c31d20>:0 
  at System.Configuration.ClientConfigurationHost.get_ConfigPaths () [0x0000a] in <5ae095f7408b4d5cb5cdbfc3d3c31d20>:0 
  at System.Configuration.ClientConfigurationHost.GetStreamName (System.String configPath) [0x0006d] in <5ae095f7408b4d5cb5cdbfc3d3c31d20>:0 
  at System.Configuration.ClientConfigurationHost.get_IsAppConfigHttp () [0x00000] in <5ae095f7408b4d5cb5cdbfc3d3c31d20>:0 
  at System.Configuration.Internal.DelegatingConfigHost.get_IsAppConfigHttp () [0x00006] in <5ae095f7408b4d5cb5cdbfc3d3c31d20>:0 
  at System.Configuration.ClientConfigurationSystem..ctor () [0x00051] in <5ae095f7408b4d5cb5cdbfc3d3c31d20>:0 
  at System.Configuration.ConfigurationManager.EnsureConfigurationSystem () [0x00024] in <5ae095f7408b4d5cb5cdbfc3d3c31d20>:0 
   --- End of inner exception stack trace ---
  at System.Configuration.ConfigurationManager.EnsureConfigurationSystem () [0x00060] in <5ae095f7408b4d5cb5cdbfc3d3c31d20>:0 
  at System.Configuration.ConfigurationManager.PrepareConfigSystem () [0x0000a] in <5ae095f7408b4d5cb5cdbfc3d3c31d20>:0 
  at System.Configuration.ConfigurationManager.GetSection (System.String sectionName) [0x0000a] in <5ae095f7408b4d5cb5cdbfc3d3c31d20>:0 
  at System.Configuration.ConfigurationManager.get_AppSettings () [0x00000] in <5ae095f7408b4d5cb5cdbfc3d3c31d20>:0 
  at log4net.Util.SystemInfo.GetAppSetting (System.String key) [0x00000] in <00c34789746b40dda4cd7be2c85ba32f>:0 
log4net:ERROR Exception while reading ConfigurationSettings. Check your .config file is well formed XML.
System.Configuration.ConfigurationErrorsException: Configuration system failed to initialize ---> System.PlatformNotSupportedException: Operation is not supported on this platform.
  at System.Configuration.ClientConfigPaths..ctor (System.String exePath, System.Boolean includeUserConfig) [0x00050] in <5ae095f7408b4d5cb5cdbfc3d3c31d20>:0 
  at System.Configuration.ClientConfigPaths.GetPaths (System.String exePath, System.Boolean includeUserConfig) [0x00018] in <5ae095f7408b4d5cb5cdbfc3d3c31d20>:0 
  at System.Configuration.ClientConfigurationHost.get_ConfigPaths () [0x0000a] in <5ae095f7408b4d5cb5cdbfc3d3c31d20>:0 
  at System.Configuration.ClientConfigurationHost.GetStreamName (System.String configPath) [0x0006d] in <5ae095f7408b4d5cb5cdbfc3d3c31d20>:0 
  at System.Configuration.ClientConfigurationHost.get_IsAppConfigHttp () [0x00000] in <5ae095f7408b4d5cb5cdbfc3d3c31d20>:0 
  at System.Configuration.Internal.DelegatingConfigHost.get_IsAppConfigHttp () [0x00006] in <5ae095f7408b4d5cb5cdbfc3d3c31d20>:0 
  at System.Configuration.ClientConfigurationSystem..ctor () [0x00051] in <5ae095f7408b4d5cb5cdbfc3d3c31d20>:0 
  at System.Configuration.ConfigurationManager.EnsureConfigurationSystem () [0x00024] in <5ae095f7408b4d5cb5cdbfc3d3c31d20>:0 
   --- End of inner exception stack trace ---
  at System.Configuration.ConfigurationManager.PrepareConfigSystem () [0x0001a] in <5ae095f7408b4d5cb5cdbfc3d3c31d20>:0 
  at System.Configuration.ConfigurationManager.GetSection (System.String sectionName) [0x0000a] in <5ae095f7408b4d5cb5cdbfc3d3c31d20>:0 
  at System.Configuration.ConfigurationManager.get_AppSettings () [0x00000] in <5ae095f7408b4d5cb5cdbfc3d3c31d20>:0 
  at log4net.Util.SystemInfo.GetAppSetting (System.String key) [0x00000] in <00c34789746b40dda4cd7be2c85ba32f>:0 
log4net:ERROR Exception while reading ConfigurationSettings. Check your .config file is well formed XML.
System.Configuration.ConfigurationErrorsException: Configuration system failed to initialize ---> System.PlatformNotSupportedException: Operation is not supported on this platform.
  at System.Configuration.ClientConfigPaths..ctor (System.String exePath, System.Boolean includeUserConfig) [0x00050] in <5ae095f7408b4d5cb5cdbfc3d3c31d20>:0 
  at System.Configuration.ClientConfigPaths.GetPaths (System.String exePath, System.Boolean includeUserConfig) [0x00018] in <5ae095f7408b4d5cb5cdbfc3d3c31d20>:0 
  at System.Configuration.ClientConfigurationHost.get_ConfigPaths () [0x0000a] in <5ae095f7408b4d5cb5cdbfc3d3c31d20>:0 
  at System.Configuration.ClientConfigurationHost.GetStreamName (System.String configPath) [0x0006d] in <5ae095f7408b4d5cb5cdbfc3d3c31d20>:0 
  at System.Configuration.ClientConfigurationHost.get_IsAppConfigHttp () [0x00000] in <5ae095f7408b4d5cb5cdbfc3d3c31d20>:0 
  at System.Configuration.Internal.DelegatingConfigHost.get_IsAppConfigHttp () [0x00006] in <5ae095f7408b4d5cb5cdbfc3d3c31d20>:0 
  at System.Configuration.ClientConfigurationSystem..ctor () [0x00051] in <5ae095f7408b4d5cb5cdbfc3d3c31d20>:0 
  at System.Configuration.ConfigurationManager.EnsureConfigurationSystem () [0x00024] in <5ae095f7408b4d5cb5cdbfc3d3c31d20>:0 
   --- End of inner exception stack trace ---
  at System.Configuration.ConfigurationManager.PrepareConfigSystem () [0x0001a] in <5ae095f7408b4d5cb5cdbfc3d3c31d20>:0 
  at System.Configuration.ConfigurationManager.GetSection (System.String sectionName) [0x0000a] in <5ae095f7408b4d5cb5cdbfc3d3c31d20>:0 
  at System.Configuration.ConfigurationManager.get_AppSettings () [0x00000] in <5ae095f7408b4d5cb5cdbfc3d3c31d20>:0 
  at log4net.Util.SystemInfo.GetAppSetting (System.String key) [0x00000] in <00c34789746b40dda4cd7be2c85ba32f>:0 
log4net:ERROR Exception while reading ConfigurationSettings. Check your .config file is well formed XML.
System.Configuration.ConfigurationErrorsException: Configuration system failed to initialize ---> System.PlatformNotSupportedException: Operation is not supported on this platform.
  at System.Configuration.ClientConfigPaths..ctor (System.String exePath, System.Boolean includeUserConfig) [0x00050] in <5ae095f7408b4d5cb5cdbfc3d3c31d20>:0 
  at System.Configuration.ClientConfigPaths.GetPaths (System.String exePath, System.Boolean includeUserConfig) [0x00018] in <5ae095f7408b4d5cb5cdbfc3d3c31d20>:0 
  at System.Configuration.ClientConfigurationHost.get_ConfigPaths () [0x0000a] in <5ae095f7408b4d5cb5cdbfc3d3c31d20>:0 
  at System.Configuration.ClientConfigurationHost.GetStreamName (System.String configPath) [0x0006d] in <5ae095f7408b4d5cb5cdbfc3d3c31d20>:0 
  at System.Configuration.ClientConfigurationHost.get_IsAppConfigHttp () [0x00000] in <5ae095f7408b4d5cb5cdbfc3d3c31d20>:0 
  at System.Configuration.Internal.DelegatingConfigHost.get_IsAppConfigHttp () [0x00006] in <5ae095f7408b4d5cb5cdbfc3d3c31d20>:0 
  at System.Configuration.ClientConfigurationSystem..ctor () [0x00051] in <5ae095f7408b4d5cb5cdbfc3d3c31d20>:0 
  at System.Configuration.ConfigurationManager.EnsureConfigurationSystem () [0x00024] in <5ae095f7408b4d5cb5cdbfc3d3c31d20>:0 
   --- End of inner exception stack trace ---
  at System.Configuration.ConfigurationManager.PrepareConfigSystem () [0x0001a] in <5ae095f7408b4d5cb5cdbfc3d3c31d20>:0 
  at System.Configuration.ConfigurationManager.GetSection (System.String sectionName) [0x0000a] in <5ae095f7408b4d5cb5cdbfc3d3c31d20>:0 
  at System.Configuration.ConfigurationManager.get_AppSettings () [0x00000] in <5ae095f7408b4d5cb5cdbfc3d3c31d20>:0 
  at log4net.Util.SystemInfo.GetAppSetting (System.String key) [0x00000] in <00c34789746b40dda4cd7be2c85ba32f>:0 
log4net:ERROR Exception while reading ConfigurationSettings. Check your .config file is well formed XML.
System.Configuration.ConfigurationErrorsException: Configuration system failed to initialize ---> System.PlatformNotSupportedException: Operation is not supported on this platform.
  at System.Configuration.ClientConfigPaths..ctor (System.String exePath, System.Boolean includeUserConfig) [0x00050] in <5ae095f7408b4d5cb5cdbfc3d3c31d20>:0 
  at System.Configuration.ClientConfigPaths.GetPaths (System.String exePath, System.Boolean includeUserConfig) [0x00018] in <5ae095f7408b4d5cb5cdbfc3d3c31d20>:0 
  at System.Configuration.ClientConfigurationHost.get_ConfigPaths () [0x0000a] in <5ae095f7408b4d5cb5cdbfc3d3c31d20>:0 
  at System.Configuration.ClientConfigurationHost.GetStreamName (System.String configPath) [0x0006d] in <5ae095f7408b4d5cb5cdbfc3d3c31d20>:0 
  at System.Configuration.ClientConfigurationHost.get_IsAppConfigHttp () [0x00000] in <5ae095f7408b4d5cb5cdbfc3d3c31d20>:0 
  at System.Configuration.Internal.DelegatingConfigHost.get_IsAppConfigHttp () [0x00006] in <5ae095f7408b4d5cb5cdbfc3d3c31d20>:0 
  at System.Configuration.ClientConfigurationSystem..ctor () [0x00051] in <5ae095f7408b4d5cb5cdbfc3d3c31d20>:0 
  at System.Configuration.ConfigurationManager.EnsureConfigurationSystem () [0x00024] in <5ae095f7408b4d5cb5cdbfc3d3c31d20>:0 
   --- End of inner exception stack trace ---
  at System.Configuration.ConfigurationManager.PrepareConfigSystem () [0x0001a] in <5ae095f7408b4d5cb5cdbfc3d3c31d20>:0 
  at System.Configuration.ConfigurationManager.GetSection (System.String sectionName) [0x0000a] in <5ae095f7408b4d5cb5cdbfc3d3c31d20>:0 
  at System.Configuration.ConfigurationManager.get_AppSettings () [0x00000] in <5ae095f7408b4d5cb5cdbfc3d3c31d20>:0 
  at log4net.Util.SystemInfo.GetAppSetting (System.String key) [0x00000] in <00c34789746b40dda4cd7be2c85ba32f>:0 
log4net:ERROR Exception while reading ConfigurationSettings. Check your .config file is well formed XML.
System.Configuration.ConfigurationErrorsException: Configuration system failed to initialize ---> System.PlatformNotSupportedException: Operation is not supported on this platform.
  at System.Configuration.ClientConfigPaths..ctor (System.String exePath, System.Boolean includeUserConfig) [0x00050] in <5ae095f7408b4d5cb5cdbfc3d3c31d20>:0 
  at System.Configuration.ClientConfigPaths.GetPaths (System.String exePath, System.Boolean includeUserConfig) [0x00018] in <5ae095f7408b4d5cb5cdbfc3d3c31d20>:0 
  at System.Configuration.ClientConfigurationHost.get_ConfigPaths () [0x0000a] in <5ae095f7408b4d5cb5cdbfc3d3c31d20>:0 
  at System.Configuration.ClientConfigurationHost.GetStreamName (System.String configPath) [0x0006d] in <5ae095f7408b4d5cb5cdbfc3d3c31d20>:0 
  at System.Configuration.ClientConfigurationHost.get_IsAppConfigHttp () [0x00000] in <5ae095f7408b4d5cb5cdbfc3d3c31d20>:0 
  at System.Configuration.Internal.DelegatingConfigHost.get_IsAppConfigHttp () [0x00006] in <5ae095f7408b4d5cb5cdbfc3d3c31d20>:0 
  at System.Configuration.ClientConfigurationSystem..ctor () [0x00051] in <5ae095f7408b4d5cb5cdbfc3d3c31d20>:0 
  at System.Configuration.ConfigurationManager.EnsureConfigurationSystem () [0x00024] in <5ae095f7408b4d5cb5cdbfc3d3c31d20>:0 
   --- End of inner exception stack trace ---
  at System.Configuration.ConfigurationManager.PrepareConfigSystem () [0x0001a] in <5ae095f7408b4d5cb5cdbfc3d3c31d20>:0 
  at System.Configuration.ConfigurationManager.GetSection (System.String sectionName) [0x0000a] in <5ae095f7408b4d5cb5cdbfc3d3c31d20>:0 
  at System.Configuration.ConfigurationManager.get_AppSettings () [0x00000] in <5ae095f7408b4d5cb5cdbfc3d3c31d20>:0 
  at log4net.Util.SystemInfo.GetAppSetting (System.String key) [0x00000] in <00c34789746b40dda4cd7be2c85ba32f>:0 
log4net:ERROR Exception while reading ConfigurationSettings. Check your .config file is well formed XML.
System.Configuration.ConfigurationErrorsException: Configuration system failed to initialize ---> System.PlatformNotSupportedException: Operation is not supported on this platform.
  at System.Configuration.ClientConfigPaths..ctor (System.String exePath, System.Boolean includeUserConfig) [0x00050] in <5ae095f7408b4d5cb5cdbfc3d3c31d20>:0 
  at System.Configuration.ClientConfigPaths.GetPaths (System.String exePath, System.Boolean includeUserConfig) [0x00018] in <5ae095f7408b4d5cb5cdbfc3d3c31d20>:0 
  at System.Configuration.ClientConfigurationHost.get_ConfigPaths () [0x0000a] in <5ae095f7408b4d5cb5cdbfc3d3c31d20>:0 
  at System.Configuration.ClientConfigurationHost.GetStreamName (System.String configPath) [0x0006d] in <5ae095f7408b4d5cb5cdbfc3d3c31d20>:0 
  at System.Configuration.ClientConfigurationHost.get_IsAppConfigHttp () [0x00000] in <5ae095f7408b4d5cb5cdbfc3d3c31d20>:0 
  at System.Configuration.Internal.DelegatingConfigHost.get_IsAppConfigHttp () [0x00006] in <5ae095f7408b4d5cb5cdbfc3d3c31d20>:0 
  at System.Configuration.ClientConfigurationSystem..ctor () [0x00051] in <5ae095f7408b4d5cb5cdbfc3d3c31d20>:0 
  at System.Configuration.ConfigurationManager.EnsureConfigurationSystem () [0x00024] in <5ae095f7408b4d5cb5cdbfc3d3c31d20>:0 
   --- End of inner exception stack trace ---
  at System.Configuration.ConfigurationManager.PrepareConfigSystem () [0x0001a] in <5ae095f7408b4d5cb5cdbfc3d3c31d20>:0 
  at System.Configuration.ConfigurationManager.GetSection (System.String sectionName) [0x0000a] in <5ae095f7408b4d5cb5cdbfc3d3c31d20>:0 
  at System.Configuration.ConfigurationManager.get_AppSettings () [0x00000] in <5ae095f7408b4d5cb5cdbfc3d3c31d20>:0 
  at log4net.Util.SystemInfo.GetAppSetting (System.String key) [0x00000] in <00c34789746b40dda4cd7be2c85ba32f>:0 
Mono: successfully reloaded assembly
- Finished resetting the current domain, in  0.574 seconds
Domain Reload Profiling: 1179ms
	BeginReloadAssembly (116ms)
		ExecutionOrderSort (0ms)
		DisableScriptedObjects (4ms)
		BackupInstance (0ms)
		ReleaseScriptingObjects (0ms)
		CreateAndSetChildDomain (31ms)
	RebuildCommonClasses (28ms)
	RebuildNativeTypeToScriptingClass (8ms)
	initialDomainReloadingComplete (27ms)
	LoadAllAssembliesAndSetupDomain (426ms)
		LoadAssemblies (283ms)
		RebuildTransferFunctionScriptingTraits (0ms)
		AnalyzeDomain (204ms)
			TypeCache.Refresh (138ms)
				TypeCache.ScanAssembly (125ms)
			BuildScriptInfoCaches (57ms)
			ResolveRequiredComponents (7ms)
	FinalizeReload (574ms)
		ReleaseScriptCaches (0ms)
		RebuildScriptCaches (0ms)
		SetupLoadedEditorAssemblies (478ms)
			LogAssemblyErrors (0ms)
			InitializePlatformSupportModulesInManaged (10ms)
			SetLoadedEditorAssemblies (2ms)
			BeforeProcessingInitializeOnLoad (74ms)
			ProcessInitializeOnLoadAttributes (318ms)
			ProcessInitializeOnLoadMethodAttributes (69ms)
			AfterProcessingInitializeOnLoad (4ms)
			EditorAssembliesLoaded (0ms)
		ExecutionOrderSort2 (0ms)
		AwakeInstancesAfterBackupRestoration (8ms)
Launched and connected shader compiler UnityShaderCompiler.exe after 0.01 seconds
Refreshing native plugins compatible for Editor in 1.89 ms, found 4 plugins.
Preloading 0 native plugins for Editor in 0.00 ms.
Unloading 205 Unused Serialized files (Serialized files now loaded: 0)
Unloading 6629 unused Assets / (4.1 MB). Loaded Objects now: 7299.
Memory consumption went from 178.7 MB to 174.6 MB.
Total: 7.521600 ms (FindLiveObjects: 0.722000 ms CreateObjectMapping: 0.228600 ms MarkObjects: 4.490000 ms  DeleteObjects: 2.080000 ms)

========================================================================
Received Import Request.
  Time since last request: 47630.728895 seconds.
  path: Assets/Scripts/Dictionary/EnemyTypesDirectory.cs
  artifactKey: Guid(126739bfd532513479bcf67f9cc8bd1b) Importer(815301076,1909f56bfc062723c751e8b465ee728b)
Start importing Assets/Scripts/Dictionary/EnemyTypesDirectory.cs using Guid(126739bfd532513479bcf67f9cc8bd1b) Importer(815301076,1909f56bfc062723c751e8b465ee728b) (PreviewImporter) -> (artifact id: '461d6f2dae17055a72936adc29abed5b') in 0.0040078 seconds
Number of updated asset objects reloaded before import = 0Number of asset objects unloaded after import = 0

========================================================================
Received Prepare
Refreshing native plugins compatible for Editor in 1.64 ms, found 4 plugins.
Preloading 0 native plugins for Editor in 0.00 ms.
Unloading 13 Unused Serialized files (Serialized files now loaded: 0)
Unloading 6613 unused Assets / (3.9 MB). Loaded Objects now: 7301.
Memory consumption went from 146.3 MB to 142.4 MB.
Total: 6.700100 ms (FindLiveObjects: 0.796000 ms CreateObjectMapping: 0.227000 ms MarkObjects: 3.981000 ms  DeleteObjects: 1.695400 ms)

Prepare: number of updated asset objects reloaded= 0
========================================================================
Received Prepare
Begin MonoManager ReloadAssembly
Duplicate assembly 'log4net.dll' with different versions detected, using 'Assets/Packages/log4net.3.0.4/lib/netstandard2.0/log4net.dll, AssemblyName=log4net, Version=3.0.4.0, Culture=neutral, PublicKeyToken=669e0ddf0bb1aa2a' and ignoring 'Packages/com.unity.collab-proxy/Lib/Editor/log4netPlastic.dll, AssemblyName=log4net, Version=1.2.15.0, Culture=neutral, PublicKeyToken=669e0ddf0bb1aa2a'.- Loaded All Assemblies, in  0.507 seconds
Refreshing native plugins compatible for Editor in 1.03 ms, found 4 plugins.
Native extension for iOS target not found
Native extension for Android target not found
Native extension for UWP target not found
Native extension for WindowsStandalone target not found
log4net:ERROR Exception while reading ConfigurationSettings. Check your .config file is well formed XML.
System.Configuration.ConfigurationErrorsException: Configuration system failed to initialize ---> System.PlatformNotSupportedException: Operation is not supported on this platform.
  at System.Configuration.ClientConfigPaths..ctor (System.String exePath, System.Boolean includeUserConfig) [0x00050] in <5ae095f7408b4d5cb5cdbfc3d3c31d20>:0 
  at System.Configuration.ClientConfigPaths.GetPaths (System.String exePath, System.Boolean includeUserConfig) [0x00018] in <5ae095f7408b4d5cb5cdbfc3d3c31d20>:0 
  at System.Configuration.ClientConfigurationHost.get_ConfigPaths () [0x0000a] in <5ae095f7408b4d5cb5cdbfc3d3c31d20>:0 
  at System.Configuration.ClientConfigurationHost.GetStreamName (System.String configPath) [0x0006d] in <5ae095f7408b4d5cb5cdbfc3d3c31d20>:0 
  at System.Configuration.ClientConfigurationHost.get_IsAppConfigHttp () [0x00000] in <5ae095f7408b4d5cb5cdbfc3d3c31d20>:0 
  at System.Configuration.Internal.DelegatingConfigHost.get_IsAppConfigHttp () [0x00006] in <5ae095f7408b4d5cb5cdbfc3d3c31d20>:0 
  at System.Configuration.ClientConfigurationSystem..ctor () [0x00051] in <5ae095f7408b4d5cb5cdbfc3d3c31d20>:0 
  at System.Configuration.ConfigurationManager.EnsureConfigurationSystem () [0x00024] in <5ae095f7408b4d5cb5cdbfc3d3c31d20>:0 
   --- End of inner exception stack trace ---
  at System.Configuration.ConfigurationManager.EnsureConfigurationSystem () [0x00060] in <5ae095f7408b4d5cb5cdbfc3d3c31d20>:0 
  at System.Configuration.ConfigurationManager.PrepareConfigSystem () [0x0000a] in <5ae095f7408b4d5cb5cdbfc3d3c31d20>:0 
  at System.Configuration.ConfigurationManager.GetSection (System.String sectionName) [0x0000a] in <5ae095f7408b4d5cb5cdbfc3d3c31d20>:0 
  at System.Configuration.ConfigurationManager.get_AppSettings () [0x00000] in <5ae095f7408b4d5cb5cdbfc3d3c31d20>:0 
  at log4net.Util.SystemInfo.GetAppSetting (System.String key) [0x00000] in <00c34789746b40dda4cd7be2c85ba32f>:0 
log4net:ERROR Exception while reading ConfigurationSettings. Check your .config file is well formed XML.
System.Configuration.ConfigurationErrorsException: Configuration system failed to initialize ---> System.PlatformNotSupportedException: Operation is not supported on this platform.
  at System.Configuration.ClientConfigPaths..ctor (System.String exePath, System.Boolean includeUserConfig) [0x00050] in <5ae095f7408b4d5cb5cdbfc3d3c31d20>:0 
  at System.Configuration.ClientConfigPaths.GetPaths (System.String exePath, System.Boolean includeUserConfig) [0x00018] in <5ae095f7408b4d5cb5cdbfc3d3c31d20>:0 
  at System.Configuration.ClientConfigurationHost.get_ConfigPaths () [0x0000a] in <5ae095f7408b4d5cb5cdbfc3d3c31d20>:0 
  at System.Configuration.ClientConfigurationHost.GetStreamName (System.String configPath) [0x0006d] in <5ae095f7408b4d5cb5cdbfc3d3c31d20>:0 
  at System.Configuration.ClientConfigurationHost.get_IsAppConfigHttp () [0x00000] in <5ae095f7408b4d5cb5cdbfc3d3c31d20>:0 
  at System.Configuration.Internal.DelegatingConfigHost.get_IsAppConfigHttp () [0x00006] in <5ae095f7408b4d5cb5cdbfc3d3c31d20>:0 
  at System.Configuration.ClientConfigurationSystem..ctor () [0x00051] in <5ae095f7408b4d5cb5cdbfc3d3c31d20>:0 
  at System.Configuration.ConfigurationManager.EnsureConfigurationSystem () [0x00024] in <5ae095f7408b4d5cb5cdbfc3d3c31d20>:0 
   --- End of inner exception stack trace ---
  at System.Configuration.ConfigurationManager.PrepareConfigSystem () [0x0001a] in <5ae095f7408b4d5cb5cdbfc3d3c31d20>:0 
  at System.Configuration.ConfigurationManager.GetSection (System.String sectionName) [0x0000a] in <5ae095f7408b4d5cb5cdbfc3d3c31d20>:0 
  at System.Configuration.ConfigurationManager.get_AppSettings () [0x00000] in <5ae095f7408b4d5cb5cdbfc3d3c31d20>:0 
  at log4net.Util.SystemInfo.GetAppSetting (System.String key) [0x00000] in <00c34789746b40dda4cd7be2c85ba32f>:0 
log4net:ERROR Exception while reading ConfigurationSettings. Check your .config file is well formed XML.
System.Configuration.ConfigurationErrorsException: Configuration system failed to initialize ---> System.PlatformNotSupportedException: Operation is not supported on this platform.
  at System.Configuration.ClientConfigPaths..ctor (System.String exePath, System.Boolean includeUserConfig) [0x00050] in <5ae095f7408b4d5cb5cdbfc3d3c31d20>:0 
  at System.Configuration.ClientConfigPaths.GetPaths (System.String exePath, System.Boolean includeUserConfig) [0x00018] in <5ae095f7408b4d5cb5cdbfc3d3c31d20>:0 
  at System.Configuration.ClientConfigurationHost.get_ConfigPaths () [0x0000a] in <5ae095f7408b4d5cb5cdbfc3d3c31d20>:0 
  at System.Configuration.ClientConfigurationHost.GetStreamName (System.String configPath) [0x0006d] in <5ae095f7408b4d5cb5cdbfc3d3c31d20>:0 
  at System.Configuration.ClientConfigurationHost.get_IsAppConfigHttp () [0x00000] in <5ae095f7408b4d5cb5cdbfc3d3c31d20>:0 
  at System.Configuration.Internal.DelegatingConfigHost.get_IsAppConfigHttp () [0x00006] in <5ae095f7408b4d5cb5cdbfc3d3c31d20>:0 
  at System.Configuration.ClientConfigurationSystem..ctor () [0x00051] in <5ae095f7408b4d5cb5cdbfc3d3c31d20>:0 
  at System.Configuration.ConfigurationManager.EnsureConfigurationSystem () [0x00024] in <5ae095f7408b4d5cb5cdbfc3d3c31d20>:0 
   --- End of inner exception stack trace ---
  at System.Configuration.ConfigurationManager.PrepareConfigSystem () [0x0001a] in <5ae095f7408b4d5cb5cdbfc3d3c31d20>:0 
  at System.Configuration.ConfigurationManager.GetSection (System.String sectionName) [0x0000a] in <5ae095f7408b4d5cb5cdbfc3d3c31d20>:0 
  at System.Configuration.ConfigurationManager.get_AppSettings () [0x00000] in <5ae095f7408b4d5cb5cdbfc3d3c31d20>:0 
  at log4net.Util.SystemInfo.GetAppSetting (System.String key) [0x00000] in <00c34789746b40dda4cd7be2c85ba32f>:0 
log4net:ERROR Exception while reading ConfigurationSettings. Check your .config file is well formed XML.
System.Configuration.ConfigurationErrorsException: Configuration system failed to initialize ---> System.PlatformNotSupportedException: Operation is not supported on this platform.
  at System.Configuration.ClientConfigPaths..ctor (System.String exePath, System.Boolean includeUserConfig) [0x00050] in <5ae095f7408b4d5cb5cdbfc3d3c31d20>:0 
  at System.Configuration.ClientConfigPaths.GetPaths (System.String exePath, System.Boolean includeUserConfig) [0x00018] in <5ae095f7408b4d5cb5cdbfc3d3c31d20>:0 
  at System.Configuration.ClientConfigurationHost.get_ConfigPaths () [0x0000a] in <5ae095f7408b4d5cb5cdbfc3d3c31d20>:0 
  at System.Configuration.ClientConfigurationHost.GetStreamName (System.String configPath) [0x0006d] in <5ae095f7408b4d5cb5cdbfc3d3c31d20>:0 
  at System.Configuration.ClientConfigurationHost.get_IsAppConfigHttp () [0x00000] in <5ae095f7408b4d5cb5cdbfc3d3c31d20>:0 
  at System.Configuration.Internal.DelegatingConfigHost.get_IsAppConfigHttp () [0x00006] in <5ae095f7408b4d5cb5cdbfc3d3c31d20>:0 
  at System.Configuration.ClientConfigurationSystem..ctor () [0x00051] in <5ae095f7408b4d5cb5cdbfc3d3c31d20>:0 
  at System.Configuration.ConfigurationManager.EnsureConfigurationSystem () [0x00024] in <5ae095f7408b4d5cb5cdbfc3d3c31d20>:0 
   --- End of inner exception stack trace ---
  at System.Configuration.ConfigurationManager.PrepareConfigSystem () [0x0001a] in <5ae095f7408b4d5cb5cdbfc3d3c31d20>:0 
  at System.Configuration.ConfigurationManager.GetSection (System.String sectionName) [0x0000a] in <5ae095f7408b4d5cb5cdbfc3d3c31d20>:0 
  at System.Configuration.ConfigurationManager.get_AppSettings () [0x00000] in <5ae095f7408b4d5cb5cdbfc3d3c31d20>:0 
  at log4net.Util.SystemInfo.GetAppSetting (System.String key) [0x00000] in <00c34789746b40dda4cd7be2c85ba32f>:0 
log4net:ERROR Exception while reading ConfigurationSettings. Check your .config file is well formed XML.
System.Configuration.ConfigurationErrorsException: Configuration system failed to initialize ---> System.PlatformNotSupportedException: Operation is not supported on this platform.
  at System.Configuration.ClientConfigPaths..ctor (System.String exePath, System.Boolean includeUserConfig) [0x00050] in <5ae095f7408b4d5cb5cdbfc3d3c31d20>:0 
  at System.Configuration.ClientConfigPaths.GetPaths (System.String exePath, System.Boolean includeUserConfig) [0x00018] in <5ae095f7408b4d5cb5cdbfc3d3c31d20>:0 
  at System.Configuration.ClientConfigurationHost.get_ConfigPaths () [0x0000a] in <5ae095f7408b4d5cb5cdbfc3d3c31d20>:0 
  at System.Configuration.ClientConfigurationHost.GetStreamName (System.String configPath) [0x0006d] in <5ae095f7408b4d5cb5cdbfc3d3c31d20>:0 
  at System.Configuration.ClientConfigurationHost.get_IsAppConfigHttp () [0x00000] in <5ae095f7408b4d5cb5cdbfc3d3c31d20>:0 
  at System.Configuration.Internal.DelegatingConfigHost.get_IsAppConfigHttp () [0x00006] in <5ae095f7408b4d5cb5cdbfc3d3c31d20>:0 
  at System.Configuration.ClientConfigurationSystem..ctor () [0x00051] in <5ae095f7408b4d5cb5cdbfc3d3c31d20>:0 
  at System.Configuration.ConfigurationManager.EnsureConfigurationSystem () [0x00024] in <5ae095f7408b4d5cb5cdbfc3d3c31d20>:0 
   --- End of inner exception stack trace ---
  at System.Configuration.ConfigurationManager.PrepareConfigSystem () [0x0001a] in <5ae095f7408b4d5cb5cdbfc3d3c31d20>:0 
  at System.Configuration.ConfigurationManager.GetSection (System.String sectionName) [0x0000a] in <5ae095f7408b4d5cb5cdbfc3d3c31d20>:0 
  at System.Configuration.ConfigurationManager.get_AppSettings () [0x00000] in <5ae095f7408b4d5cb5cdbfc3d3c31d20>:0 
  at log4net.Util.SystemInfo.GetAppSetting (System.String key) [0x00000] in <00c34789746b40dda4cd7be2c85ba32f>:0 
log4net:ERROR Exception while reading ConfigurationSettings. Check your .config file is well formed XML.
System.Configuration.ConfigurationErrorsException: Configuration system failed to initialize ---> System.PlatformNotSupportedException: Operation is not supported on this platform.
  at System.Configuration.ClientConfigPaths..ctor (System.String exePath, System.Boolean includeUserConfig) [0x00050] in <5ae095f7408b4d5cb5cdbfc3d3c31d20>:0 
  at System.Configuration.ClientConfigPaths.GetPaths (System.String exePath, System.Boolean includeUserConfig) [0x00018] in <5ae095f7408b4d5cb5cdbfc3d3c31d20>:0 
  at System.Configuration.ClientConfigurationHost.get_ConfigPaths () [0x0000a] in <5ae095f7408b4d5cb5cdbfc3d3c31d20>:0 
  at System.Configuration.ClientConfigurationHost.GetStreamName (System.String configPath) [0x0006d] in <5ae095f7408b4d5cb5cdbfc3d3c31d20>:0 
  at System.Configuration.ClientConfigurationHost.get_IsAppConfigHttp () [0x00000] in <5ae095f7408b4d5cb5cdbfc3d3c31d20>:0 
  at System.Configuration.Internal.DelegatingConfigHost.get_IsAppConfigHttp () [0x00006] in <5ae095f7408b4d5cb5cdbfc3d3c31d20>:0 
  at System.Configuration.ClientConfigurationSystem..ctor () [0x00051] in <5ae095f7408b4d5cb5cdbfc3d3c31d20>:0 
  at System.Configuration.ConfigurationManager.EnsureConfigurationSystem () [0x00024] in <5ae095f7408b4d5cb5cdbfc3d3c31d20>:0 
   --- End of inner exception stack trace ---
  at System.Configuration.ConfigurationManager.PrepareConfigSystem () [0x0001a] in <5ae095f7408b4d5cb5cdbfc3d3c31d20>:0 
  at System.Configuration.ConfigurationManager.GetSection (System.String sectionName) [0x0000a] in <5ae095f7408b4d5cb5cdbfc3d3c31d20>:0 
  at System.Configuration.ConfigurationManager.get_AppSettings () [0x00000] in <5ae095f7408b4d5cb5cdbfc3d3c31d20>:0 
  at log4net.Util.SystemInfo.GetAppSetting (System.String key) [0x00000] in <00c34789746b40dda4cd7be2c85ba32f>:0 
log4net:ERROR Exception while reading ConfigurationSettings. Check your .config file is well formed XML.
System.Configuration.ConfigurationErrorsException: Configuration system failed to initialize ---> System.PlatformNotSupportedException: Operation is not supported on this platform.
  at System.Configuration.ClientConfigPaths..ctor (System.String exePath, System.Boolean includeUserConfig) [0x00050] in <5ae095f7408b4d5cb5cdbfc3d3c31d20>:0 
  at System.Configuration.ClientConfigPaths.GetPaths (System.String exePath, System.Boolean includeUserConfig) [0x00018] in <5ae095f7408b4d5cb5cdbfc3d3c31d20>:0 
  at System.Configuration.ClientConfigurationHost.get_ConfigPaths () [0x0000a] in <5ae095f7408b4d5cb5cdbfc3d3c31d20>:0 
  at System.Configuration.ClientConfigurationHost.GetStreamName (System.String configPath) [0x0006d] in <5ae095f7408b4d5cb5cdbfc3d3c31d20>:0 
  at System.Configuration.ClientConfigurationHost.get_IsAppConfigHttp () [0x00000] in <5ae095f7408b4d5cb5cdbfc3d3c31d20>:0 
  at System.Configuration.Internal.DelegatingConfigHost.get_IsAppConfigHttp () [0x00006] in <5ae095f7408b4d5cb5cdbfc3d3c31d20>:0 
  at System.Configuration.ClientConfigurationSystem..ctor () [0x00051] in <5ae095f7408b4d5cb5cdbfc3d3c31d20>:0 
  at System.Configuration.ConfigurationManager.EnsureConfigurationSystem () [0x00024] in <5ae095f7408b4d5cb5cdbfc3d3c31d20>:0 
   --- End of inner exception stack trace ---
  at System.Configuration.ConfigurationManager.PrepareConfigSystem () [0x0001a] in <5ae095f7408b4d5cb5cdbfc3d3c31d20>:0 
  at System.Configuration.ConfigurationManager.GetSection (System.String sectionName) [0x0000a] in <5ae095f7408b4d5cb5cdbfc3d3c31d20>:0 
  at System.Configuration.ConfigurationManager.get_AppSettings () [0x00000] in <5ae095f7408b4d5cb5cdbfc3d3c31d20>:0 
  at log4net.Util.SystemInfo.GetAppSetting (System.String key) [0x00000] in <00c34789746b40dda4cd7be2c85ba32f>:0 
Mono: successfully reloaded assembly
- Finished resetting the current domain, in  0.494 seconds
Domain Reload Profiling: 1001ms
	BeginReloadAssembly (144ms)
		ExecutionOrderSort (0ms)
		DisableScriptedObjects (8ms)
		BackupInstance (0ms)
		ReleaseScriptingObjects (0ms)
		CreateAndSetChildDomain (46ms)
	RebuildCommonClasses (21ms)
	RebuildNativeTypeToScriptingClass (8ms)
	initialDomainReloadingComplete (21ms)
	LoadAllAssembliesAndSetupDomain (312ms)
		LoadAssemblies (226ms)
		RebuildTransferFunctionScriptingTraits (0ms)
		AnalyzeDomain (142ms)
			TypeCache.Refresh (6ms)
				TypeCache.ScanAssembly (1ms)
			BuildScriptInfoCaches (127ms)
			ResolveRequiredComponents (7ms)
	FinalizeReload (495ms)
		ReleaseScriptCaches (0ms)
		RebuildScriptCaches (0ms)
		SetupLoadedEditorAssemblies (371ms)
			LogAssemblyErrors (0ms)
			InitializePlatformSupportModulesInManaged (10ms)
			SetLoadedEditorAssemblies (2ms)
			BeforeProcessingInitializeOnLoad (70ms)
			ProcessInitializeOnLoadAttributes (248ms)
			ProcessInitializeOnLoadMethodAttributes (37ms)
			AfterProcessingInitializeOnLoad (3ms)
			EditorAssembliesLoaded (0ms)
		ExecutionOrderSort2 (0ms)
		AwakeInstancesAfterBackupRestoration (8ms)
Refreshing native plugins compatible for Editor in 1.40 ms, found 4 plugins.
Preloading 0 native plugins for Editor in 0.00 ms.
Unloading 13 Unused Serialized files (Serialized files now loaded: 0)
Unloading 6627 unused Assets / (3.9 MB). Loaded Objects now: 7304.
Memory consumption went from 151.4 MB to 147.5 MB.
Total: 6.300800 ms (FindLiveObjects: 0.686000 ms CreateObjectMapping: 0.224500 ms MarkObjects: 3.782400 ms  DeleteObjects: 1.607200 ms)

Prepare: number of updated asset objects reloaded= 0
========================================================================
Received Prepare
Begin MonoManager ReloadAssembly
Duplicate assembly 'log4net.dll' with different versions detected, using 'Assets/Packages/log4net.3.0.4/lib/netstandard2.0/log4net.dll, AssemblyName=log4net, Version=3.0.4.0, Culture=neutral, PublicKeyToken=669e0ddf0bb1aa2a' and ignoring 'Packages/com.unity.collab-proxy/Lib/Editor/log4netPlastic.dll, AssemblyName=log4net, Version=1.2.15.0, Culture=neutral, PublicKeyToken=669e0ddf0bb1aa2a'.- Loaded All Assemblies, in  0.521 seconds
Refreshing native plugins compatible for Editor in 1.03 ms, found 4 plugins.
Native extension for iOS target not found
Native extension for Android target not found
Native extension for UWP target not found
Native extension for WindowsStandalone target not found
log4net:ERROR Exception while reading ConfigurationSettings. Check your .config file is well formed XML.
System.Configuration.ConfigurationErrorsException: Configuration system failed to initialize ---> System.PlatformNotSupportedException: Operation is not supported on this platform.
  at System.Configuration.ClientConfigPaths..ctor (System.String exePath, System.Boolean includeUserConfig) [0x00050] in <5ae095f7408b4d5cb5cdbfc3d3c31d20>:0 
  at System.Configuration.ClientConfigPaths.GetPaths (System.String exePath, System.Boolean includeUserConfig) [0x00018] in <5ae095f7408b4d5cb5cdbfc3d3c31d20>:0 
  at System.Configuration.ClientConfigurationHost.get_ConfigPaths () [0x0000a] in <5ae095f7408b4d5cb5cdbfc3d3c31d20>:0 
  at System.Configuration.ClientConfigurationHost.GetStreamName (System.String configPath) [0x0006d] in <5ae095f7408b4d5cb5cdbfc3d3c31d20>:0 
  at System.Configuration.ClientConfigurationHost.get_IsAppConfigHttp () [0x00000] in <5ae095f7408b4d5cb5cdbfc3d3c31d20>:0 
  at System.Configuration.Internal.DelegatingConfigHost.get_IsAppConfigHttp () [0x00006] in <5ae095f7408b4d5cb5cdbfc3d3c31d20>:0 
  at System.Configuration.ClientConfigurationSystem..ctor () [0x00051] in <5ae095f7408b4d5cb5cdbfc3d3c31d20>:0 
  at System.Configuration.ConfigurationManager.EnsureConfigurationSystem () [0x00024] in <5ae095f7408b4d5cb5cdbfc3d3c31d20>:0 
   --- End of inner exception stack trace ---
  at System.Configuration.ConfigurationManager.EnsureConfigurationSystem () [0x00060] in <5ae095f7408b4d5cb5cdbfc3d3c31d20>:0 
  at System.Configuration.ConfigurationManager.PrepareConfigSystem () [0x0000a] in <5ae095f7408b4d5cb5cdbfc3d3c31d20>:0 
  at System.Configuration.ConfigurationManager.GetSection (System.String sectionName) [0x0000a] in <5ae095f7408b4d5cb5cdbfc3d3c31d20>:0 
  at System.Configuration.ConfigurationManager.get_AppSettings () [0x00000] in <5ae095f7408b4d5cb5cdbfc3d3c31d20>:0 
  at log4net.Util.SystemInfo.GetAppSetting (System.String key) [0x00000] in <00c34789746b40dda4cd7be2c85ba32f>:0 
log4net:ERROR Exception while reading ConfigurationSettings. Check your .config file is well formed XML.
System.Configuration.ConfigurationErrorsException: Configuration system failed to initialize ---> System.PlatformNotSupportedException: Operation is not supported on this platform.
  at System.Configuration.ClientConfigPaths..ctor (System.String exePath, System.Boolean includeUserConfig) [0x00050] in <5ae095f7408b4d5cb5cdbfc3d3c31d20>:0 
  at System.Configuration.ClientConfigPaths.GetPaths (System.String exePath, System.Boolean includeUserConfig) [0x00018] in <5ae095f7408b4d5cb5cdbfc3d3c31d20>:0 
  at System.Configuration.ClientConfigurationHost.get_ConfigPaths () [0x0000a] in <5ae095f7408b4d5cb5cdbfc3d3c31d20>:0 
  at System.Configuration.ClientConfigurationHost.GetStreamName (System.String configPath) [0x0006d] in <5ae095f7408b4d5cb5cdbfc3d3c31d20>:0 
  at System.Configuration.ClientConfigurationHost.get_IsAppConfigHttp () [0x00000] in <5ae095f7408b4d5cb5cdbfc3d3c31d20>:0 
  at System.Configuration.Internal.DelegatingConfigHost.get_IsAppConfigHttp () [0x00006] in <5ae095f7408b4d5cb5cdbfc3d3c31d20>:0 
  at System.Configuration.ClientConfigurationSystem..ctor () [0x00051] in <5ae095f7408b4d5cb5cdbfc3d3c31d20>:0 
  at System.Configuration.ConfigurationManager.EnsureConfigurationSystem () [0x00024] in <5ae095f7408b4d5cb5cdbfc3d3c31d20>:0 
   --- End of inner exception stack trace ---
  at System.Configuration.ConfigurationManager.PrepareConfigSystem () [0x0001a] in <5ae095f7408b4d5cb5cdbfc3d3c31d20>:0 
  at System.Configuration.ConfigurationManager.GetSection (System.String sectionName) [0x0000a] in <5ae095f7408b4d5cb5cdbfc3d3c31d20>:0 
  at System.Configuration.ConfigurationManager.get_AppSettings () [0x00000] in <5ae095f7408b4d5cb5cdbfc3d3c31d20>:0 
  at log4net.Util.SystemInfo.GetAppSetting (System.String key) [0x00000] in <00c34789746b40dda4cd7be2c85ba32f>:0 
log4net:ERROR Exception while reading ConfigurationSettings. Check your .config file is well formed XML.
System.Configuration.ConfigurationErrorsException: Configuration system failed to initialize ---> System.PlatformNotSupportedException: Operation is not supported on this platform.
  at System.Configuration.ClientConfigPaths..ctor (System.String exePath, System.Boolean includeUserConfig) [0x00050] in <5ae095f7408b4d5cb5cdbfc3d3c31d20>:0 
  at System.Configuration.ClientConfigPaths.GetPaths (System.String exePath, System.Boolean includeUserConfig) [0x00018] in <5ae095f7408b4d5cb5cdbfc3d3c31d20>:0 
  at System.Configuration.ClientConfigurationHost.get_ConfigPaths () [0x0000a] in <5ae095f7408b4d5cb5cdbfc3d3c31d20>:0 
  at System.Configuration.ClientConfigurationHost.GetStreamName (System.String configPath) [0x0006d] in <5ae095f7408b4d5cb5cdbfc3d3c31d20>:0 
  at System.Configuration.ClientConfigurationHost.get_IsAppConfigHttp () [0x00000] in <5ae095f7408b4d5cb5cdbfc3d3c31d20>:0 
  at System.Configuration.Internal.DelegatingConfigHost.get_IsAppConfigHttp () [0x00006] in <5ae095f7408b4d5cb5cdbfc3d3c31d20>:0 
  at System.Configuration.ClientConfigurationSystem..ctor () [0x00051] in <5ae095f7408b4d5cb5cdbfc3d3c31d20>:0 
  at System.Configuration.ConfigurationManager.EnsureConfigurationSystem () [0x00024] in <5ae095f7408b4d5cb5cdbfc3d3c31d20>:0 
   --- End of inner exception stack trace ---
  at System.Configuration.ConfigurationManager.PrepareConfigSystem () [0x0001a] in <5ae095f7408b4d5cb5cdbfc3d3c31d20>:0 
  at System.Configuration.ConfigurationManager.GetSection (System.String sectionName) [0x0000a] in <5ae095f7408b4d5cb5cdbfc3d3c31d20>:0 
  at System.Configuration.ConfigurationManager.get_AppSettings () [0x00000] in <5ae095f7408b4d5cb5cdbfc3d3c31d20>:0 
  at log4net.Util.SystemInfo.GetAppSetting (System.String key) [0x00000] in <00c34789746b40dda4cd7be2c85ba32f>:0 
log4net:ERROR Exception while reading ConfigurationSettings. Check your .config file is well formed XML.
System.Configuration.ConfigurationErrorsException: Configuration system failed to initialize ---> System.PlatformNotSupportedException: Operation is not supported on this platform.
  at System.Configuration.ClientConfigPaths..ctor (System.String exePath, System.Boolean includeUserConfig) [0x00050] in <5ae095f7408b4d5cb5cdbfc3d3c31d20>:0 
  at System.Configuration.ClientConfigPaths.GetPaths (System.String exePath, System.Boolean includeUserConfig) [0x00018] in <5ae095f7408b4d5cb5cdbfc3d3c31d20>:0 
  at System.Configuration.ClientConfigurationHost.get_ConfigPaths () [0x0000a] in <5ae095f7408b4d5cb5cdbfc3d3c31d20>:0 
  at System.Configuration.ClientConfigurationHost.GetStreamName (System.String configPath) [0x0006d] in <5ae095f7408b4d5cb5cdbfc3d3c31d20>:0 
  at System.Configuration.ClientConfigurationHost.get_IsAppConfigHttp () [0x00000] in <5ae095f7408b4d5cb5cdbfc3d3c31d20>:0 
  at System.Configuration.Internal.DelegatingConfigHost.get_IsAppConfigHttp () [0x00006] in <5ae095f7408b4d5cb5cdbfc3d3c31d20>:0 
  at System.Configuration.ClientConfigurationSystem..ctor () [0x00051] in <5ae095f7408b4d5cb5cdbfc3d3c31d20>:0 
  at System.Configuration.ConfigurationManager.EnsureConfigurationSystem () [0x00024] in <5ae095f7408b4d5cb5cdbfc3d3c31d20>:0 
   --- End of inner exception stack trace ---
  at System.Configuration.ConfigurationManager.PrepareConfigSystem () [0x0001a] in <5ae095f7408b4d5cb5cdbfc3d3c31d20>:0 
  at System.Configuration.ConfigurationManager.GetSection (System.String sectionName) [0x0000a] in <5ae095f7408b4d5cb5cdbfc3d3c31d20>:0 
  at System.Configuration.ConfigurationManager.get_AppSettings () [0x00000] in <5ae095f7408b4d5cb5cdbfc3d3c31d20>:0 
  at log4net.Util.SystemInfo.GetAppSetting (System.String key) [0x00000] in <00c34789746b40dda4cd7be2c85ba32f>:0 
log4net:ERROR Exception while reading ConfigurationSettings. Check your .config file is well formed XML.
System.Configuration.ConfigurationErrorsException: Configuration system failed to initialize ---> System.PlatformNotSupportedException: Operation is not supported on this platform.
  at System.Configuration.ClientConfigPaths..ctor (System.String exePath, System.Boolean includeUserConfig) [0x00050] in <5ae095f7408b4d5cb5cdbfc3d3c31d20>:0 
  at System.Configuration.ClientConfigPaths.GetPaths (System.String exePath, System.Boolean includeUserConfig) [0x00018] in <5ae095f7408b4d5cb5cdbfc3d3c31d20>:0 
  at System.Configuration.ClientConfigurationHost.get_ConfigPaths () [0x0000a] in <5ae095f7408b4d5cb5cdbfc3d3c31d20>:0 
  at System.Configuration.ClientConfigurationHost.GetStreamName (System.String configPath) [0x0006d] in <5ae095f7408b4d5cb5cdbfc3d3c31d20>:0 
  at System.Configuration.ClientConfigurationHost.get_IsAppConfigHttp () [0x00000] in <5ae095f7408b4d5cb5cdbfc3d3c31d20>:0 
  at System.Configuration.Internal.DelegatingConfigHost.get_IsAppConfigHttp () [0x00006] in <5ae095f7408b4d5cb5cdbfc3d3c31d20>:0 
  at System.Configuration.ClientConfigurationSystem..ctor () [0x00051] in <5ae095f7408b4d5cb5cdbfc3d3c31d20>:0 
  at System.Configuration.ConfigurationManager.EnsureConfigurationSystem () [0x00024] in <5ae095f7408b4d5cb5cdbfc3d3c31d20>:0 
   --- End of inner exception stack trace ---
  at System.Configuration.ConfigurationManager.PrepareConfigSystem () [0x0001a] in <5ae095f7408b4d5cb5cdbfc3d3c31d20>:0 
  at System.Configuration.ConfigurationManager.GetSection (System.String sectionName) [0x0000a] in <5ae095f7408b4d5cb5cdbfc3d3c31d20>:0 
  at System.Configuration.ConfigurationManager.get_AppSettings () [0x00000] in <5ae095f7408b4d5cb5cdbfc3d3c31d20>:0 
  at log4net.Util.SystemInfo.GetAppSetting (System.String key) [0x00000] in <00c34789746b40dda4cd7be2c85ba32f>:0 
log4net:ERROR Exception while reading ConfigurationSettings. Check your .config file is well formed XML.
System.Configuration.ConfigurationErrorsException: Configuration system failed to initialize ---> System.PlatformNotSupportedException: Operation is not supported on this platform.
  at System.Configuration.ClientConfigPaths..ctor (System.String exePath, System.Boolean includeUserConfig) [0x00050] in <5ae095f7408b4d5cb5cdbfc3d3c31d20>:0 
  at System.Configuration.ClientConfigPaths.GetPaths (System.String exePath, System.Boolean includeUserConfig) [0x00018] in <5ae095f7408b4d5cb5cdbfc3d3c31d20>:0 
  at System.Configuration.ClientConfigurationHost.get_ConfigPaths () [0x0000a] in <5ae095f7408b4d5cb5cdbfc3d3c31d20>:0 
  at System.Configuration.ClientConfigurationHost.GetStreamName (System.String configPath) [0x0006d] in <5ae095f7408b4d5cb5cdbfc3d3c31d20>:0 
  at System.Configuration.ClientConfigurationHost.get_IsAppConfigHttp () [0x00000] in <5ae095f7408b4d5cb5cdbfc3d3c31d20>:0 
  at System.Configuration.Internal.DelegatingConfigHost.get_IsAppConfigHttp () [0x00006] in <5ae095f7408b4d5cb5cdbfc3d3c31d20>:0 
  at System.Configuration.ClientConfigurationSystem..ctor () [0x00051] in <5ae095f7408b4d5cb5cdbfc3d3c31d20>:0 
  at System.Configuration.ConfigurationManager.EnsureConfigurationSystem () [0x00024] in <5ae095f7408b4d5cb5cdbfc3d3c31d20>:0 
   --- End of inner exception stack trace ---
  at System.Configuration.ConfigurationManager.PrepareConfigSystem () [0x0001a] in <5ae095f7408b4d5cb5cdbfc3d3c31d20>:0 
  at System.Configuration.ConfigurationManager.GetSection (System.String sectionName) [0x0000a] in <5ae095f7408b4d5cb5cdbfc3d3c31d20>:0 
  at System.Configuration.ConfigurationManager.get_AppSettings () [0x00000] in <5ae095f7408b4d5cb5cdbfc3d3c31d20>:0 
  at log4net.Util.SystemInfo.GetAppSetting (System.String key) [0x00000] in <00c34789746b40dda4cd7be2c85ba32f>:0 
log4net:ERROR Exception while reading ConfigurationSettings. Check your .config file is well formed XML.
System.Configuration.ConfigurationErrorsException: Configuration system failed to initialize ---> System.PlatformNotSupportedException: Operation is not supported on this platform.
  at System.Configuration.ClientConfigPaths..ctor (System.String exePath, System.Boolean includeUserConfig) [0x00050] in <5ae095f7408b4d5cb5cdbfc3d3c31d20>:0 
  at System.Configuration.ClientConfigPaths.GetPaths (System.String exePath, System.Boolean includeUserConfig) [0x00018] in <5ae095f7408b4d5cb5cdbfc3d3c31d20>:0 
  at System.Configuration.ClientConfigurationHost.get_ConfigPaths () [0x0000a] in <5ae095f7408b4d5cb5cdbfc3d3c31d20>:0 
  at System.Configuration.ClientConfigurationHost.GetStreamName (System.String configPath) [0x0006d] in <5ae095f7408b4d5cb5cdbfc3d3c31d20>:0 
  at System.Configuration.ClientConfigurationHost.get_IsAppConfigHttp () [0x00000] in <5ae095f7408b4d5cb5cdbfc3d3c31d20>:0 
  at System.Configuration.Internal.DelegatingConfigHost.get_IsAppConfigHttp () [0x00006] in <5ae095f7408b4d5cb5cdbfc3d3c31d20>:0 
  at System.Configuration.ClientConfigurationSystem..ctor () [0x00051] in <5ae095f7408b4d5cb5cdbfc3d3c31d20>:0 
  at System.Configuration.ConfigurationManager.EnsureConfigurationSystem () [0x00024] in <5ae095f7408b4d5cb5cdbfc3d3c31d20>:0 
   --- End of inner exception stack trace ---
  at System.Configuration.ConfigurationManager.PrepareConfigSystem () [0x0001a] in <5ae095f7408b4d5cb5cdbfc3d3c31d20>:0 
  at System.Configuration.ConfigurationManager.GetSection (System.String sectionName) [0x0000a] in <5ae095f7408b4d5cb5cdbfc3d3c31d20>:0 
  at System.Configuration.ConfigurationManager.get_AppSettings () [0x00000] in <5ae095f7408b4d5cb5cdbfc3d3c31d20>:0 
  at log4net.Util.SystemInfo.GetAppSetting (System.String key) [0x00000] in <00c34789746b40dda4cd7be2c85ba32f>:0 
Mono: successfully reloaded assembly
- Finished resetting the current domain, in  0.507 seconds
Domain Reload Profiling: 1027ms
	BeginReloadAssembly (150ms)
		ExecutionOrderSort (0ms)
		DisableScriptedObjects (9ms)
		BackupInstance (0ms)
		ReleaseScriptingObjects (0ms)
		CreateAndSetChildDomain (45ms)
	RebuildCommonClasses (23ms)
	RebuildNativeTypeToScriptingClass (8ms)
	initialDomainReloadingComplete (22ms)
	LoadAllAssembliesAndSetupDomain (316ms)
		LoadAssemblies (238ms)
		RebuildTransferFunctionScriptingTraits (0ms)
		AnalyzeDomain (141ms)
			TypeCache.Refresh (4ms)
				TypeCache.ScanAssembly (0ms)
			BuildScriptInfoCaches (128ms)
			ResolveRequiredComponents (6ms)
	FinalizeReload (507ms)
		ReleaseScriptCaches (0ms)
		RebuildScriptCaches (0ms)
		SetupLoadedEditorAssemblies (380ms)
			LogAssemblyErrors (0ms)
			InitializePlatformSupportModulesInManaged (10ms)
			SetLoadedEditorAssemblies (2ms)
			BeforeProcessingInitializeOnLoad (74ms)
			ProcessInitializeOnLoadAttributes (258ms)
			ProcessInitializeOnLoadMethodAttributes (33ms)
			AfterProcessingInitializeOnLoad (3ms)
			EditorAssembliesLoaded (0ms)
		ExecutionOrderSort2 (0ms)
		AwakeInstancesAfterBackupRestoration (7ms)
Refreshing native plugins compatible for Editor in 1.39 ms, found 4 plugins.
Preloading 0 native plugins for Editor in 0.00 ms.
Unloading 13 Unused Serialized files (Serialized files now loaded: 0)
Unloading 6627 unused Assets / (4.0 MB). Loaded Objects now: 7306.
Memory consumption went from 151.4 MB to 147.4 MB.
Total: 6.837700 ms (FindLiveObjects: 0.683800 ms CreateObjectMapping: 0.222500 ms MarkObjects: 4.298900 ms  DeleteObjects: 1.631800 ms)

Prepare: number of updated asset objects reloaded= 0
========================================================================
Received Prepare
Refreshing native plugins compatible for Editor in 1.58 ms, found 4 plugins.
Preloading 0 native plugins for Editor in 0.00 ms.
Unloading 13 Unused Serialized files (Serialized files now loaded: 0)
Unloading 6613 unused Assets / (3.7 MB). Loaded Objects now: 7306.
Memory consumption went from 151.5 MB to 147.8 MB.
Total: 7.332000 ms (FindLiveObjects: 0.836100 ms CreateObjectMapping: 0.264800 ms MarkObjects: 4.417000 ms  DeleteObjects: 1.813100 ms)

Prepare: number of updated asset objects reloaded= 0
========================================================================
Received Prepare
Begin MonoManager ReloadAssembly
Duplicate assembly 'log4net.dll' with different versions detected, using 'Assets/Packages/log4net.3.0.4/lib/netstandard2.0/log4net.dll, AssemblyName=log4net, Version=3.0.4.0, Culture=neutral, PublicKeyToken=669e0ddf0bb1aa2a' and ignoring 'Packages/com.unity.collab-proxy/Lib/Editor/log4netPlastic.dll, AssemblyName=log4net, Version=1.2.15.0, Culture=neutral, PublicKeyToken=669e0ddf0bb1aa2a'.- Loaded All Assemblies, in  0.523 seconds
Refreshing native plugins compatible for Editor in 1.36 ms, found 4 plugins.
Native extension for iOS target not found
Native extension for Android target not found
Native extension for UWP target not found
Native extension for WindowsStandalone target not found
log4net:ERROR Exception while reading ConfigurationSettings. Check your .config file is well formed XML.
System.Configuration.ConfigurationErrorsException: Configuration system failed to initialize ---> System.PlatformNotSupportedException: Operation is not supported on this platform.
  at System.Configuration.ClientConfigPaths..ctor (System.String exePath, System.Boolean includeUserConfig) [0x00050] in <5ae095f7408b4d5cb5cdbfc3d3c31d20>:0 
  at System.Configuration.ClientConfigPaths.GetPaths (System.String exePath, System.Boolean includeUserConfig) [0x00018] in <5ae095f7408b4d5cb5cdbfc3d3c31d20>:0 
  at System.Configuration.ClientConfigurationHost.get_ConfigPaths () [0x0000a] in <5ae095f7408b4d5cb5cdbfc3d3c31d20>:0 
  at System.Configuration.ClientConfigurationHost.GetStreamName (System.String configPath) [0x0006d] in <5ae095f7408b4d5cb5cdbfc3d3c31d20>:0 
  at System.Configuration.ClientConfigurationHost.get_IsAppConfigHttp () [0x00000] in <5ae095f7408b4d5cb5cdbfc3d3c31d20>:0 
  at System.Configuration.Internal.DelegatingConfigHost.get_IsAppConfigHttp () [0x00006] in <5ae095f7408b4d5cb5cdbfc3d3c31d20>:0 
  at System.Configuration.ClientConfigurationSystem..ctor () [0x00051] in <5ae095f7408b4d5cb5cdbfc3d3c31d20>:0 
  at System.Configuration.ConfigurationManager.EnsureConfigurationSystem () [0x00024] in <5ae095f7408b4d5cb5cdbfc3d3c31d20>:0 
   --- End of inner exception stack trace ---
  at System.Configuration.ConfigurationManager.EnsureConfigurationSystem () [0x00060] in <5ae095f7408b4d5cb5cdbfc3d3c31d20>:0 
  at System.Configuration.ConfigurationManager.PrepareConfigSystem () [0x0000a] in <5ae095f7408b4d5cb5cdbfc3d3c31d20>:0 
  at System.Configuration.ConfigurationManager.GetSection (System.String sectionName) [0x0000a] in <5ae095f7408b4d5cb5cdbfc3d3c31d20>:0 
  at System.Configuration.ConfigurationManager.get_AppSettings () [0x00000] in <5ae095f7408b4d5cb5cdbfc3d3c31d20>:0 
  at log4net.Util.SystemInfo.GetAppSetting (System.String key) [0x00000] in <00c34789746b40dda4cd7be2c85ba32f>:0 
log4net:ERROR Exception while reading ConfigurationSettings. Check your .config file is well formed XML.
System.Configuration.ConfigurationErrorsException: Configuration system failed to initialize ---> System.PlatformNotSupportedException: Operation is not supported on this platform.
  at System.Configuration.ClientConfigPaths..ctor (System.String exePath, System.Boolean includeUserConfig) [0x00050] in <5ae095f7408b4d5cb5cdbfc3d3c31d20>:0 
  at System.Configuration.ClientConfigPaths.GetPaths (System.String exePath, System.Boolean includeUserConfig) [0x00018] in <5ae095f7408b4d5cb5cdbfc3d3c31d20>:0 
  at System.Configuration.ClientConfigurationHost.get_ConfigPaths () [0x0000a] in <5ae095f7408b4d5cb5cdbfc3d3c31d20>:0 
  at System.Configuration.ClientConfigurationHost.GetStreamName (System.String configPath) [0x0006d] in <5ae095f7408b4d5cb5cdbfc3d3c31d20>:0 
  at System.Configuration.ClientConfigurationHost.get_IsAppConfigHttp () [0x00000] in <5ae095f7408b4d5cb5cdbfc3d3c31d20>:0 
  at System.Configuration.Internal.DelegatingConfigHost.get_IsAppConfigHttp () [0x00006] in <5ae095f7408b4d5cb5cdbfc3d3c31d20>:0 
  at System.Configuration.ClientConfigurationSystem..ctor () [0x00051] in <5ae095f7408b4d5cb5cdbfc3d3c31d20>:0 
  at System.Configuration.ConfigurationManager.EnsureConfigurationSystem () [0x00024] in <5ae095f7408b4d5cb5cdbfc3d3c31d20>:0 
   --- End of inner exception stack trace ---
  at System.Configuration.ConfigurationManager.PrepareConfigSystem () [0x0001a] in <5ae095f7408b4d5cb5cdbfc3d3c31d20>:0 
  at System.Configuration.ConfigurationManager.GetSection (System.String sectionName) [0x0000a] in <5ae095f7408b4d5cb5cdbfc3d3c31d20>:0 
  at System.Configuration.ConfigurationManager.get_AppSettings () [0x00000] in <5ae095f7408b4d5cb5cdbfc3d3c31d20>:0 
  at log4net.Util.SystemInfo.GetAppSetting (System.String key) [0x00000] in <00c34789746b40dda4cd7be2c85ba32f>:0 
log4net:ERROR Exception while reading ConfigurationSettings. Check your .config file is well formed XML.
System.Configuration.ConfigurationErrorsException: Configuration system failed to initialize ---> System.PlatformNotSupportedException: Operation is not supported on this platform.
  at System.Configuration.ClientConfigPaths..ctor (System.String exePath, System.Boolean includeUserConfig) [0x00050] in <5ae095f7408b4d5cb5cdbfc3d3c31d20>:0 
  at System.Configuration.ClientConfigPaths.GetPaths (System.String exePath, System.Boolean includeUserConfig) [0x00018] in <5ae095f7408b4d5cb5cdbfc3d3c31d20>:0 
  at System.Configuration.ClientConfigurationHost.get_ConfigPaths () [0x0000a] in <5ae095f7408b4d5cb5cdbfc3d3c31d20>:0 
  at System.Configuration.ClientConfigurationHost.GetStreamName (System.String configPath) [0x0006d] in <5ae095f7408b4d5cb5cdbfc3d3c31d20>:0 
  at System.Configuration.ClientConfigurationHost.get_IsAppConfigHttp () [0x00000] in <5ae095f7408b4d5cb5cdbfc3d3c31d20>:0 
  at System.Configuration.Internal.DelegatingConfigHost.get_IsAppConfigHttp () [0x00006] in <5ae095f7408b4d5cb5cdbfc3d3c31d20>:0 
  at System.Configuration.ClientConfigurationSystem..ctor () [0x00051] in <5ae095f7408b4d5cb5cdbfc3d3c31d20>:0 
  at System.Configuration.ConfigurationManager.EnsureConfigurationSystem () [0x00024] in <5ae095f7408b4d5cb5cdbfc3d3c31d20>:0 
   --- End of inner exception stack trace ---
  at System.Configuration.ConfigurationManager.PrepareConfigSystem () [0x0001a] in <5ae095f7408b4d5cb5cdbfc3d3c31d20>:0 
  at System.Configuration.ConfigurationManager.GetSection (System.String sectionName) [0x0000a] in <5ae095f7408b4d5cb5cdbfc3d3c31d20>:0 
  at System.Configuration.ConfigurationManager.get_AppSettings () [0x00000] in <5ae095f7408b4d5cb5cdbfc3d3c31d20>:0 
  at log4net.Util.SystemInfo.GetAppSetting (System.String key) [0x00000] in <00c34789746b40dda4cd7be2c85ba32f>:0 
log4net:ERROR Exception while reading ConfigurationSettings. Check your .config file is well formed XML.
System.Configuration.ConfigurationErrorsException: Configuration system failed to initialize ---> System.PlatformNotSupportedException: Operation is not supported on this platform.
  at System.Configuration.ClientConfigPaths..ctor (System.String exePath, System.Boolean includeUserConfig) [0x00050] in <5ae095f7408b4d5cb5cdbfc3d3c31d20>:0 
  at System.Configuration.ClientConfigPaths.GetPaths (System.String exePath, System.Boolean includeUserConfig) [0x00018] in <5ae095f7408b4d5cb5cdbfc3d3c31d20>:0 
  at System.Configuration.ClientConfigurationHost.get_ConfigPaths () [0x0000a] in <5ae095f7408b4d5cb5cdbfc3d3c31d20>:0 
  at System.Configuration.ClientConfigurationHost.GetStreamName (System.String configPath) [0x0006d] in <5ae095f7408b4d5cb5cdbfc3d3c31d20>:0 
  at System.Configuration.ClientConfigurationHost.get_IsAppConfigHttp () [0x00000] in <5ae095f7408b4d5cb5cdbfc3d3c31d20>:0 
  at System.Configuration.Internal.DelegatingConfigHost.get_IsAppConfigHttp () [0x00006] in <5ae095f7408b4d5cb5cdbfc3d3c31d20>:0 
  at System.Configuration.ClientConfigurationSystem..ctor () [0x00051] in <5ae095f7408b4d5cb5cdbfc3d3c31d20>:0 
  at System.Configuration.ConfigurationManager.EnsureConfigurationSystem () [0x00024] in <5ae095f7408b4d5cb5cdbfc3d3c31d20>:0 
   --- End of inner exception stack trace ---
  at System.Configuration.ConfigurationManager.PrepareConfigSystem () [0x0001a] in <5ae095f7408b4d5cb5cdbfc3d3c31d20>:0 
  at System.Configuration.ConfigurationManager.GetSection (System.String sectionName) [0x0000a] in <5ae095f7408b4d5cb5cdbfc3d3c31d20>:0 
  at System.Configuration.ConfigurationManager.get_AppSettings () [0x00000] in <5ae095f7408b4d5cb5cdbfc3d3c31d20>:0 
  at log4net.Util.SystemInfo.GetAppSetting (System.String key) [0x00000] in <00c34789746b40dda4cd7be2c85ba32f>:0 
log4net:ERROR Exception while reading ConfigurationSettings. Check your .config file is well formed XML.
System.Configuration.ConfigurationErrorsException: Configuration system failed to initialize ---> System.PlatformNotSupportedException: Operation is not supported on this platform.
  at System.Configuration.ClientConfigPaths..ctor (System.String exePath, System.Boolean includeUserConfig) [0x00050] in <5ae095f7408b4d5cb5cdbfc3d3c31d20>:0 
  at System.Configuration.ClientConfigPaths.GetPaths (System.String exePath, System.Boolean includeUserConfig) [0x00018] in <5ae095f7408b4d5cb5cdbfc3d3c31d20>:0 
  at System.Configuration.ClientConfigurationHost.get_ConfigPaths () [0x0000a] in <5ae095f7408b4d5cb5cdbfc3d3c31d20>:0 
  at System.Configuration.ClientConfigurationHost.GetStreamName (System.String configPath) [0x0006d] in <5ae095f7408b4d5cb5cdbfc3d3c31d20>:0 
  at System.Configuration.ClientConfigurationHost.get_IsAppConfigHttp () [0x00000] in <5ae095f7408b4d5cb5cdbfc3d3c31d20>:0 
  at System.Configuration.Internal.DelegatingConfigHost.get_IsAppConfigHttp () [0x00006] in <5ae095f7408b4d5cb5cdbfc3d3c31d20>:0 
  at System.Configuration.ClientConfigurationSystem..ctor () [0x00051] in <5ae095f7408b4d5cb5cdbfc3d3c31d20>:0 
  at System.Configuration.ConfigurationManager.EnsureConfigurationSystem () [0x00024] in <5ae095f7408b4d5cb5cdbfc3d3c31d20>:0 
   --- End of inner exception stack trace ---
  at System.Configuration.ConfigurationManager.PrepareConfigSystem () [0x0001a] in <5ae095f7408b4d5cb5cdbfc3d3c31d20>:0 
  at System.Configuration.ConfigurationManager.GetSection (System.String sectionName) [0x0000a] in <5ae095f7408b4d5cb5cdbfc3d3c31d20>:0 
  at System.Configuration.ConfigurationManager.get_AppSettings () [0x00000] in <5ae095f7408b4d5cb5cdbfc3d3c31d20>:0 
  at log4net.Util.SystemInfo.GetAppSetting (System.String key) [0x00000] in <00c34789746b40dda4cd7be2c85ba32f>:0 
log4net:ERROR Exception while reading ConfigurationSettings. Check your .config file is well formed XML.
System.Configuration.ConfigurationErrorsException: Configuration system failed to initialize ---> System.PlatformNotSupportedException: Operation is not supported on this platform.
  at System.Configuration.ClientConfigPaths..ctor (System.String exePath, System.Boolean includeUserConfig) [0x00050] in <5ae095f7408b4d5cb5cdbfc3d3c31d20>:0 
  at System.Configuration.ClientConfigPaths.GetPaths (System.String exePath, System.Boolean includeUserConfig) [0x00018] in <5ae095f7408b4d5cb5cdbfc3d3c31d20>:0 
  at System.Configuration.ClientConfigurationHost.get_ConfigPaths () [0x0000a] in <5ae095f7408b4d5cb5cdbfc3d3c31d20>:0 
  at System.Configuration.ClientConfigurationHost.GetStreamName (System.String configPath) [0x0006d] in <5ae095f7408b4d5cb5cdbfc3d3c31d20>:0 
  at System.Configuration.ClientConfigurationHost.get_IsAppConfigHttp () [0x00000] in <5ae095f7408b4d5cb5cdbfc3d3c31d20>:0 
  at System.Configuration.Internal.DelegatingConfigHost.get_IsAppConfigHttp () [0x00006] in <5ae095f7408b4d5cb5cdbfc3d3c31d20>:0 
  at System.Configuration.ClientConfigurationSystem..ctor () [0x00051] in <5ae095f7408b4d5cb5cdbfc3d3c31d20>:0 
  at System.Configuration.ConfigurationManager.EnsureConfigurationSystem () [0x00024] in <5ae095f7408b4d5cb5cdbfc3d3c31d20>:0 
   --- End of inner exception stack trace ---
  at System.Configuration.ConfigurationManager.PrepareConfigSystem () [0x0001a] in <5ae095f7408b4d5cb5cdbfc3d3c31d20>:0 
  at System.Configuration.ConfigurationManager.GetSection (System.String sectionName) [0x0000a] in <5ae095f7408b4d5cb5cdbfc3d3c31d20>:0 
  at System.Configuration.ConfigurationManager.get_AppSettings () [0x00000] in <5ae095f7408b4d5cb5cdbfc3d3c31d20>:0 
  at log4net.Util.SystemInfo.GetAppSetting (System.String key) [0x00000] in <00c34789746b40dda4cd7be2c85ba32f>:0 
log4net:ERROR Exception while reading ConfigurationSettings. Check your .config file is well formed XML.
System.Configuration.ConfigurationErrorsException: Configuration system failed to initialize ---> System.PlatformNotSupportedException: Operation is not supported on this platform.
  at System.Configuration.ClientConfigPaths..ctor (System.String exePath, System.Boolean includeUserConfig) [0x00050] in <5ae095f7408b4d5cb5cdbfc3d3c31d20>:0 
  at System.Configuration.ClientConfigPaths.GetPaths (System.String exePath, System.Boolean includeUserConfig) [0x00018] in <5ae095f7408b4d5cb5cdbfc3d3c31d20>:0 
  at System.Configuration.ClientConfigurationHost.get_ConfigPaths () [0x0000a] in <5ae095f7408b4d5cb5cdbfc3d3c31d20>:0 
  at System.Configuration.ClientConfigurationHost.GetStreamName (System.String configPath) [0x0006d] in <5ae095f7408b4d5cb5cdbfc3d3c31d20>:0 
  at System.Configuration.ClientConfigurationHost.get_IsAppConfigHttp () [0x00000] in <5ae095f7408b4d5cb5cdbfc3d3c31d20>:0 
  at System.Configuration.Internal.DelegatingConfigHost.get_IsAppConfigHttp () [0x00006] in <5ae095f7408b4d5cb5cdbfc3d3c31d20>:0 
  at System.Configuration.ClientConfigurationSystem..ctor () [0x00051] in <5ae095f7408b4d5cb5cdbfc3d3c31d20>:0 
  at System.Configuration.ConfigurationManager.EnsureConfigurationSystem () [0x00024] in <5ae095f7408b4d5cb5cdbfc3d3c31d20>:0 
   --- End of inner exception stack trace ---
  at System.Configuration.ConfigurationManager.PrepareConfigSystem () [0x0001a] in <5ae095f7408b4d5cb5cdbfc3d3c31d20>:0 
  at System.Configuration.ConfigurationManager.GetSection (System.String sectionName) [0x0000a] in <5ae095f7408b4d5cb5cdbfc3d3c31d20>:0 
  at System.Configuration.ConfigurationManager.get_AppSettings () [0x00000] in <5ae095f7408b4d5cb5cdbfc3d3c31d20>:0 
  at log4net.Util.SystemInfo.GetAppSetting (System.String key) [0x00000] in <00c34789746b40dda4cd7be2c85ba32f>:0 
Mono: successfully reloaded assembly
- Finished resetting the current domain, in  0.546 seconds
Domain Reload Profiling: 1070ms
	BeginReloadAssembly (141ms)
		ExecutionOrderSort (0ms)
		DisableScriptedObjects (8ms)
		BackupInstance (0ms)
		ReleaseScriptingObjects (0ms)
		CreateAndSetChildDomain (42ms)
	RebuildCommonClasses (21ms)
	RebuildNativeTypeToScriptingClass (10ms)
	initialDomainReloadingComplete (21ms)
	LoadAllAssembliesAndSetupDomain (330ms)
		LoadAssemblies (242ms)
		RebuildTransferFunctionScriptingTraits (0ms)
		AnalyzeDomain (144ms)
			TypeCache.Refresh (7ms)
				TypeCache.ScanAssembly (1ms)
			BuildScriptInfoCaches (128ms)
			ResolveRequiredComponents (7ms)
	FinalizeReload (546ms)
		ReleaseScriptCaches (0ms)
		RebuildScriptCaches (0ms)
		SetupLoadedEditorAssemblies (414ms)
			LogAssemblyErrors (0ms)
			InitializePlatformSupportModulesInManaged (11ms)
			SetLoadedEditorAssemblies (2ms)
			BeforeProcessingInitializeOnLoad (80ms)
			ProcessInitializeOnLoadAttributes (277ms)
			ProcessInitializeOnLoadMethodAttributes (40ms)
			AfterProcessingInitializeOnLoad (3ms)
			EditorAssembliesLoaded (0ms)
		ExecutionOrderSort2 (0ms)
		AwakeInstancesAfterBackupRestoration (9ms)
Refreshing native plugins compatible for Editor in 1.61 ms, found 4 plugins.
Preloading 0 native plugins for Editor in 0.00 ms.
Unloading 13 Unused Serialized files (Serialized files now loaded: 0)
Unloading 6627 unused Assets / (3.9 MB). Loaded Objects now: 7308.
Memory consumption went from 151.4 MB to 147.4 MB.
Total: 7.454900 ms (FindLiveObjects: 0.823700 ms CreateObjectMapping: 0.354800 ms MarkObjects: 4.174800 ms  DeleteObjects: 2.100700 ms)

Prepare: number of updated asset objects reloaded= 0
========================================================================
Received Prepare
Begin MonoManager ReloadAssembly
Duplicate assembly 'log4net.dll' with different versions detected, using 'Assets/Packages/log4net.3.0.4/lib/netstandard2.0/log4net.dll, AssemblyName=log4net, Version=3.0.4.0, Culture=neutral, PublicKeyToken=669e0ddf0bb1aa2a' and ignoring 'Packages/com.unity.collab-proxy/Lib/Editor/log4netPlastic.dll, AssemblyName=log4net, Version=1.2.15.0, Culture=neutral, PublicKeyToken=669e0ddf0bb1aa2a'.- Loaded All Assemblies, in  0.506 seconds
Refreshing native plugins compatible for Editor in 1.03 ms, found 4 plugins.
Native extension for iOS target not found
Native extension for Android target not found
Native extension for UWP target not found
Native extension for WindowsStandalone target not found
log4net:ERROR Exception while reading ConfigurationSettings. Check your .config file is well formed XML.
System.Configuration.ConfigurationErrorsException: Configuration system failed to initialize ---> System.PlatformNotSupportedException: Operation is not supported on this platform.
  at System.Configuration.ClientConfigPaths..ctor (System.String exePath, System.Boolean includeUserConfig) [0x00050] in <5ae095f7408b4d5cb5cdbfc3d3c31d20>:0 
  at System.Configuration.ClientConfigPaths.GetPaths (System.String exePath, System.Boolean includeUserConfig) [0x00018] in <5ae095f7408b4d5cb5cdbfc3d3c31d20>:0 
  at System.Configuration.ClientConfigurationHost.get_ConfigPaths () [0x0000a] in <5ae095f7408b4d5cb5cdbfc3d3c31d20>:0 
  at System.Configuration.ClientConfigurationHost.GetStreamName (System.String configPath) [0x0006d] in <5ae095f7408b4d5cb5cdbfc3d3c31d20>:0 
  at System.Configuration.ClientConfigurationHost.get_IsAppConfigHttp () [0x00000] in <5ae095f7408b4d5cb5cdbfc3d3c31d20>:0 
  at System.Configuration.Internal.DelegatingConfigHost.get_IsAppConfigHttp () [0x00006] in <5ae095f7408b4d5cb5cdbfc3d3c31d20>:0 
  at System.Configuration.ClientConfigurationSystem..ctor () [0x00051] in <5ae095f7408b4d5cb5cdbfc3d3c31d20>:0 
  at System.Configuration.ConfigurationManager.EnsureConfigurationSystem () [0x00024] in <5ae095f7408b4d5cb5cdbfc3d3c31d20>:0 
   --- End of inner exception stack trace ---
  at System.Configuration.ConfigurationManager.EnsureConfigurationSystem () [0x00060] in <5ae095f7408b4d5cb5cdbfc3d3c31d20>:0 
  at System.Configuration.ConfigurationManager.PrepareConfigSystem () [0x0000a] in <5ae095f7408b4d5cb5cdbfc3d3c31d20>:0 
  at System.Configuration.ConfigurationManager.GetSection (System.String sectionName) [0x0000a] in <5ae095f7408b4d5cb5cdbfc3d3c31d20>:0 
  at System.Configuration.ConfigurationManager.get_AppSettings () [0x00000] in <5ae095f7408b4d5cb5cdbfc3d3c31d20>:0 
  at log4net.Util.SystemInfo.GetAppSetting (System.String key) [0x00000] in <00c34789746b40dda4cd7be2c85ba32f>:0 
log4net:ERROR Exception while reading ConfigurationSettings. Check your .config file is well formed XML.
System.Configuration.ConfigurationErrorsException: Configuration system failed to initialize ---> System.PlatformNotSupportedException: Operation is not supported on this platform.
  at System.Configuration.ClientConfigPaths..ctor (System.String exePath, System.Boolean includeUserConfig) [0x00050] in <5ae095f7408b4d5cb5cdbfc3d3c31d20>:0 
  at System.Configuration.ClientConfigPaths.GetPaths (System.String exePath, System.Boolean includeUserConfig) [0x00018] in <5ae095f7408b4d5cb5cdbfc3d3c31d20>:0 
  at System.Configuration.ClientConfigurationHost.get_ConfigPaths () [0x0000a] in <5ae095f7408b4d5cb5cdbfc3d3c31d20>:0 
  at System.Configuration.ClientConfigurationHost.GetStreamName (System.String configPath) [0x0006d] in <5ae095f7408b4d5cb5cdbfc3d3c31d20>:0 
  at System.Configuration.ClientConfigurationHost.get_IsAppConfigHttp () [0x00000] in <5ae095f7408b4d5cb5cdbfc3d3c31d20>:0 
  at System.Configuration.Internal.DelegatingConfigHost.get_IsAppConfigHttp () [0x00006] in <5ae095f7408b4d5cb5cdbfc3d3c31d20>:0 
  at System.Configuration.ClientConfigurationSystem..ctor () [0x00051] in <5ae095f7408b4d5cb5cdbfc3d3c31d20>:0 
  at System.Configuration.ConfigurationManager.EnsureConfigurationSystem () [0x00024] in <5ae095f7408b4d5cb5cdbfc3d3c31d20>:0 
   --- End of inner exception stack trace ---
  at System.Configuration.ConfigurationManager.PrepareConfigSystem () [0x0001a] in <5ae095f7408b4d5cb5cdbfc3d3c31d20>:0 
  at System.Configuration.ConfigurationManager.GetSection (System.String sectionName) [0x0000a] in <5ae095f7408b4d5cb5cdbfc3d3c31d20>:0 
  at System.Configuration.ConfigurationManager.get_AppSettings () [0x00000] in <5ae095f7408b4d5cb5cdbfc3d3c31d20>:0 
  at log4net.Util.SystemInfo.GetAppSetting (System.String key) [0x00000] in <00c34789746b40dda4cd7be2c85ba32f>:0 
log4net:ERROR Exception while reading ConfigurationSettings. Check your .config file is well formed XML.
System.Configuration.ConfigurationErrorsException: Configuration system failed to initialize ---> System.PlatformNotSupportedException: Operation is not supported on this platform.
  at System.Configuration.ClientConfigPaths..ctor (System.String exePath, System.Boolean includeUserConfig) [0x00050] in <5ae095f7408b4d5cb5cdbfc3d3c31d20>:0 
  at System.Configuration.ClientConfigPaths.GetPaths (System.String exePath, System.Boolean includeUserConfig) [0x00018] in <5ae095f7408b4d5cb5cdbfc3d3c31d20>:0 
  at System.Configuration.ClientConfigurationHost.get_ConfigPaths () [0x0000a] in <5ae095f7408b4d5cb5cdbfc3d3c31d20>:0 
  at System.Configuration.ClientConfigurationHost.GetStreamName (System.String configPath) [0x0006d] in <5ae095f7408b4d5cb5cdbfc3d3c31d20>:0 
  at System.Configuration.ClientConfigurationHost.get_IsAppConfigHttp () [0x00000] in <5ae095f7408b4d5cb5cdbfc3d3c31d20>:0 
  at System.Configuration.Internal.DelegatingConfigHost.get_IsAppConfigHttp () [0x00006] in <5ae095f7408b4d5cb5cdbfc3d3c31d20>:0 
  at System.Configuration.ClientConfigurationSystem..ctor () [0x00051] in <5ae095f7408b4d5cb5cdbfc3d3c31d20>:0 
  at System.Configuration.ConfigurationManager.EnsureConfigurationSystem () [0x00024] in <5ae095f7408b4d5cb5cdbfc3d3c31d20>:0 
   --- End of inner exception stack trace ---
  at System.Configuration.ConfigurationManager.PrepareConfigSystem () [0x0001a] in <5ae095f7408b4d5cb5cdbfc3d3c31d20>:0 
  at System.Configuration.ConfigurationManager.GetSection (System.String sectionName) [0x0000a] in <5ae095f7408b4d5cb5cdbfc3d3c31d20>:0 
  at System.Configuration.ConfigurationManager.get_AppSettings () [0x00000] in <5ae095f7408b4d5cb5cdbfc3d3c31d20>:0 
  at log4net.Util.SystemInfo.GetAppSetting (System.String key) [0x00000] in <00c34789746b40dda4cd7be2c85ba32f>:0 
log4net:ERROR Exception while reading ConfigurationSettings. Check your .config file is well formed XML.
System.Configuration.ConfigurationErrorsException: Configuration system failed to initialize ---> System.PlatformNotSupportedException: Operation is not supported on this platform.
  at System.Configuration.ClientConfigPaths..ctor (System.String exePath, System.Boolean includeUserConfig) [0x00050] in <5ae095f7408b4d5cb5cdbfc3d3c31d20>:0 
  at System.Configuration.ClientConfigPaths.GetPaths (System.String exePath, System.Boolean includeUserConfig) [0x00018] in <5ae095f7408b4d5cb5cdbfc3d3c31d20>:0 
  at System.Configuration.ClientConfigurationHost.get_ConfigPaths () [0x0000a] in <5ae095f7408b4d5cb5cdbfc3d3c31d20>:0 
  at System.Configuration.ClientConfigurationHost.GetStreamName (System.String configPath) [0x0006d] in <5ae095f7408b4d5cb5cdbfc3d3c31d20>:0 
  at System.Configuration.ClientConfigurationHost.get_IsAppConfigHttp () [0x00000] in <5ae095f7408b4d5cb5cdbfc3d3c31d20>:0 
  at System.Configuration.Internal.DelegatingConfigHost.get_IsAppConfigHttp () [0x00006] in <5ae095f7408b4d5cb5cdbfc3d3c31d20>:0 
  at System.Configuration.ClientConfigurationSystem..ctor () [0x00051] in <5ae095f7408b4d5cb5cdbfc3d3c31d20>:0 
  at System.Configuration.ConfigurationManager.EnsureConfigurationSystem () [0x00024] in <5ae095f7408b4d5cb5cdbfc3d3c31d20>:0 
   --- End of inner exception stack trace ---
  at System.Configuration.ConfigurationManager.PrepareConfigSystem () [0x0001a] in <5ae095f7408b4d5cb5cdbfc3d3c31d20>:0 
  at System.Configuration.ConfigurationManager.GetSection (System.String sectionName) [0x0000a] in <5ae095f7408b4d5cb5cdbfc3d3c31d20>:0 
  at System.Configuration.ConfigurationManager.get_AppSettings () [0x00000] in <5ae095f7408b4d5cb5cdbfc3d3c31d20>:0 
  at log4net.Util.SystemInfo.GetAppSetting (System.String key) [0x00000] in <00c34789746b40dda4cd7be2c85ba32f>:0 
log4net:ERROR Exception while reading ConfigurationSettings. Check your .config file is well formed XML.
System.Configuration.ConfigurationErrorsException: Configuration system failed to initialize ---> System.PlatformNotSupportedException: Operation is not supported on this platform.
  at System.Configuration.ClientConfigPaths..ctor (System.String exePath, System.Boolean includeUserConfig) [0x00050] in <5ae095f7408b4d5cb5cdbfc3d3c31d20>:0 
  at System.Configuration.ClientConfigPaths.GetPaths (System.String exePath, System.Boolean includeUserConfig) [0x00018] in <5ae095f7408b4d5cb5cdbfc3d3c31d20>:0 
  at System.Configuration.ClientConfigurationHost.get_ConfigPaths () [0x0000a] in <5ae095f7408b4d5cb5cdbfc3d3c31d20>:0 
  at System.Configuration.ClientConfigurationHost.GetStreamName (System.String configPath) [0x0006d] in <5ae095f7408b4d5cb5cdbfc3d3c31d20>:0 
  at System.Configuration.ClientConfigurationHost.get_IsAppConfigHttp () [0x00000] in <5ae095f7408b4d5cb5cdbfc3d3c31d20>:0 
  at System.Configuration.Internal.DelegatingConfigHost.get_IsAppConfigHttp () [0x00006] in <5ae095f7408b4d5cb5cdbfc3d3c31d20>:0 
  at System.Configuration.ClientConfigurationSystem..ctor () [0x00051] in <5ae095f7408b4d5cb5cdbfc3d3c31d20>:0 
  at System.Configuration.ConfigurationManager.EnsureConfigurationSystem () [0x00024] in <5ae095f7408b4d5cb5cdbfc3d3c31d20>:0 
   --- End of inner exception stack trace ---
  at System.Configuration.ConfigurationManager.PrepareConfigSystem () [0x0001a] in <5ae095f7408b4d5cb5cdbfc3d3c31d20>:0 
  at System.Configuration.ConfigurationManager.GetSection (System.String sectionName) [0x0000a] in <5ae095f7408b4d5cb5cdbfc3d3c31d20>:0 
  at System.Configuration.ConfigurationManager.get_AppSettings () [0x00000] in <5ae095f7408b4d5cb5cdbfc3d3c31d20>:0 
  at log4net.Util.SystemInfo.GetAppSetting (System.String key) [0x00000] in <00c34789746b40dda4cd7be2c85ba32f>:0 
log4net:ERROR Exception while reading ConfigurationSettings. Check your .config file is well formed XML.
System.Configuration.ConfigurationErrorsException: Configuration system failed to initialize ---> System.PlatformNotSupportedException: Operation is not supported on this platform.
  at System.Configuration.ClientConfigPaths..ctor (System.String exePath, System.Boolean includeUserConfig) [0x00050] in <5ae095f7408b4d5cb5cdbfc3d3c31d20>:0 
  at System.Configuration.ClientConfigPaths.GetPaths (System.String exePath, System.Boolean includeUserConfig) [0x00018] in <5ae095f7408b4d5cb5cdbfc3d3c31d20>:0 
  at System.Configuration.ClientConfigurationHost.get_ConfigPaths () [0x0000a] in <5ae095f7408b4d5cb5cdbfc3d3c31d20>:0 
  at System.Configuration.ClientConfigurationHost.GetStreamName (System.String configPath) [0x0006d] in <5ae095f7408b4d5cb5cdbfc3d3c31d20>:0 
  at System.Configuration.ClientConfigurationHost.get_IsAppConfigHttp () [0x00000] in <5ae095f7408b4d5cb5cdbfc3d3c31d20>:0 
  at System.Configuration.Internal.DelegatingConfigHost.get_IsAppConfigHttp () [0x00006] in <5ae095f7408b4d5cb5cdbfc3d3c31d20>:0 
  at System.Configuration.ClientConfigurationSystem..ctor () [0x00051] in <5ae095f7408b4d5cb5cdbfc3d3c31d20>:0 
  at System.Configuration.ConfigurationManager.EnsureConfigurationSystem () [0x00024] in <5ae095f7408b4d5cb5cdbfc3d3c31d20>:0 
   --- End of inner exception stack trace ---
  at System.Configuration.ConfigurationManager.PrepareConfigSystem () [0x0001a] in <5ae095f7408b4d5cb5cdbfc3d3c31d20>:0 
  at System.Configuration.ConfigurationManager.GetSection (System.String sectionName) [0x0000a] in <5ae095f7408b4d5cb5cdbfc3d3c31d20>:0 
  at System.Configuration.ConfigurationManager.get_AppSettings () [0x00000] in <5ae095f7408b4d5cb5cdbfc3d3c31d20>:0 
  at log4net.Util.SystemInfo.GetAppSetting (System.String key) [0x00000] in <00c34789746b40dda4cd7be2c85ba32f>:0 
log4net:ERROR Exception while reading ConfigurationSettings. Check your .config file is well formed XML.
System.Configuration.ConfigurationErrorsException: Configuration system failed to initialize ---> System.PlatformNotSupportedException: Operation is not supported on this platform.
  at System.Configuration.ClientConfigPaths..ctor (System.String exePath, System.Boolean includeUserConfig) [0x00050] in <5ae095f7408b4d5cb5cdbfc3d3c31d20>:0 
  at System.Configuration.ClientConfigPaths.GetPaths (System.String exePath, System.Boolean includeUserConfig) [0x00018] in <5ae095f7408b4d5cb5cdbfc3d3c31d20>:0 
  at System.Configuration.ClientConfigurationHost.get_ConfigPaths () [0x0000a] in <5ae095f7408b4d5cb5cdbfc3d3c31d20>:0 
  at System.Configuration.ClientConfigurationHost.GetStreamName (System.String configPath) [0x0006d] in <5ae095f7408b4d5cb5cdbfc3d3c31d20>:0 
  at System.Configuration.ClientConfigurationHost.get_IsAppConfigHttp () [0x00000] in <5ae095f7408b4d5cb5cdbfc3d3c31d20>:0 
  at System.Configuration.Internal.DelegatingConfigHost.get_IsAppConfigHttp () [0x00006] in <5ae095f7408b4d5cb5cdbfc3d3c31d20>:0 
  at System.Configuration.ClientConfigurationSystem..ctor () [0x00051] in <5ae095f7408b4d5cb5cdbfc3d3c31d20>:0 
  at System.Configuration.ConfigurationManager.EnsureConfigurationSystem () [0x00024] in <5ae095f7408b4d5cb5cdbfc3d3c31d20>:0 
   --- End of inner exception stack trace ---
  at System.Configuration.ConfigurationManager.PrepareConfigSystem () [0x0001a] in <5ae095f7408b4d5cb5cdbfc3d3c31d20>:0 
  at System.Configuration.ConfigurationManager.GetSection (System.String sectionName) [0x0000a] in <5ae095f7408b4d5cb5cdbfc3d3c31d20>:0 
  at System.Configuration.ConfigurationManager.get_AppSettings () [0x00000] in <5ae095f7408b4d5cb5cdbfc3d3c31d20>:0 
  at log4net.Util.SystemInfo.GetAppSetting (System.String key) [0x00000] in <00c34789746b40dda4cd7be2c85ba32f>:0 
Mono: successfully reloaded assembly
- Finished resetting the current domain, in  0.490 seconds
Domain Reload Profiling: 996ms
	BeginReloadAssembly (139ms)
		ExecutionOrderSort (0ms)
		DisableScriptedObjects (8ms)
		BackupInstance (0ms)
		ReleaseScriptingObjects (0ms)
		CreateAndSetChildDomain (40ms)
	RebuildCommonClasses (22ms)
	RebuildNativeTypeToScriptingClass (8ms)
	initialDomainReloadingComplete (17ms)
	LoadAllAssembliesAndSetupDomain (319ms)
		LoadAssemblies (238ms)
		RebuildTransferFunctionScriptingTraits (0ms)
		AnalyzeDomain (140ms)
			TypeCache.Refresh (4ms)
				TypeCache.ScanAssembly (0ms)
			BuildScriptInfoCaches (126ms)
			ResolveRequiredComponents (6ms)
	FinalizeReload (491ms)
		ReleaseScriptCaches (0ms)
		RebuildScriptCaches (0ms)
		SetupLoadedEditorAssemblies (364ms)
			LogAssemblyErrors (0ms)
			InitializePlatformSupportModulesInManaged (10ms)
			SetLoadedEditorAssemblies (2ms)
			BeforeProcessingInitializeOnLoad (69ms)
			ProcessInitializeOnLoadAttributes (242ms)
			ProcessInitializeOnLoadMethodAttributes (38ms)
			AfterProcessingInitializeOnLoad (3ms)
			EditorAssembliesLoaded (0ms)
		ExecutionOrderSort2 (0ms)
		AwakeInstancesAfterBackupRestoration (7ms)
Refreshing native plugins compatible for Editor in 1.42 ms, found 4 plugins.
Preloading 0 native plugins for Editor in 0.00 ms.
Unloading 13 Unused Serialized files (Serialized files now loaded: 0)
Unloading 6627 unused Assets / (3.7 MB). Loaded Objects now: 7310.
Memory consumption went from 151.4 MB to 147.7 MB.
Total: 6.190800 ms (FindLiveObjects: 0.711100 ms CreateObjectMapping: 0.224900 ms MarkObjects: 3.742200 ms  DeleteObjects: 1.511900 ms)

Prepare: number of updated asset objects reloaded= 0
========================================================================
Received Prepare
Refreshing native plugins compatible for Editor in 1.42 ms, found 4 plugins.
Preloading 0 native plugins for Editor in 0.00 ms.
Unloading 13 Unused Serialized files (Serialized files now loaded: 0)
Unloading 6613 unused Assets / (3.7 MB). Loaded Objects now: 7310.
Memory consumption went from 151.5 MB to 147.8 MB.
Total: 6.624000 ms (FindLiveObjects: 0.762000 ms CreateObjectMapping: 0.247000 ms MarkObjects: 3.954600 ms  DeleteObjects: 1.659800 ms)

Prepare: number of updated asset objects reloaded= 0
========================================================================
Received Prepare
Begin MonoManager ReloadAssembly
Duplicate assembly 'log4net.dll' with different versions detected, using 'Assets/Packages/log4net.3.0.4/lib/netstandard2.0/log4net.dll, AssemblyName=log4net, Version=3.0.4.0, Culture=neutral, PublicKeyToken=669e0ddf0bb1aa2a' and ignoring 'Packages/com.unity.collab-proxy/Lib/Editor/log4netPlastic.dll, AssemblyName=log4net, Version=1.2.15.0, Culture=neutral, PublicKeyToken=669e0ddf0bb1aa2a'.- Loaded All Assemblies, in  0.511 seconds
Refreshing native plugins compatible for Editor in 1.15 ms, found 4 plugins.
Native extension for iOS target not found
Native extension for Android target not found
Native extension for UWP target not found
Native extension for WindowsStandalone target not found
log4net:ERROR Exception while reading ConfigurationSettings. Check your .config file is well formed XML.
System.Configuration.ConfigurationErrorsException: Configuration system failed to initialize ---> System.PlatformNotSupportedException: Operation is not supported on this platform.
  at System.Configuration.ClientConfigPaths..ctor (System.String exePath, System.Boolean includeUserConfig) [0x00050] in <5ae095f7408b4d5cb5cdbfc3d3c31d20>:0 
  at System.Configuration.ClientConfigPaths.GetPaths (System.String exePath, System.Boolean includeUserConfig) [0x00018] in <5ae095f7408b4d5cb5cdbfc3d3c31d20>:0 
  at System.Configuration.ClientConfigurationHost.get_ConfigPaths () [0x0000a] in <5ae095f7408b4d5cb5cdbfc3d3c31d20>:0 
  at System.Configuration.ClientConfigurationHost.GetStreamName (System.String configPath) [0x0006d] in <5ae095f7408b4d5cb5cdbfc3d3c31d20>:0 
  at System.Configuration.ClientConfigurationHost.get_IsAppConfigHttp () [0x00000] in <5ae095f7408b4d5cb5cdbfc3d3c31d20>:0 
  at System.Configuration.Internal.DelegatingConfigHost.get_IsAppConfigHttp () [0x00006] in <5ae095f7408b4d5cb5cdbfc3d3c31d20>:0 
  at System.Configuration.ClientConfigurationSystem..ctor () [0x00051] in <5ae095f7408b4d5cb5cdbfc3d3c31d20>:0 
  at System.Configuration.ConfigurationManager.EnsureConfigurationSystem () [0x00024] in <5ae095f7408b4d5cb5cdbfc3d3c31d20>:0 
   --- End of inner exception stack trace ---
  at System.Configuration.ConfigurationManager.EnsureConfigurationSystem () [0x00060] in <5ae095f7408b4d5cb5cdbfc3d3c31d20>:0 
  at System.Configuration.ConfigurationManager.PrepareConfigSystem () [0x0000a] in <5ae095f7408b4d5cb5cdbfc3d3c31d20>:0 
  at System.Configuration.ConfigurationManager.GetSection (System.String sectionName) [0x0000a] in <5ae095f7408b4d5cb5cdbfc3d3c31d20>:0 
  at System.Configuration.ConfigurationManager.get_AppSettings () [0x00000] in <5ae095f7408b4d5cb5cdbfc3d3c31d20>:0 
  at log4net.Util.SystemInfo.GetAppSetting (System.String key) [0x00000] in <00c34789746b40dda4cd7be2c85ba32f>:0 
log4net:ERROR Exception while reading ConfigurationSettings. Check your .config file is well formed XML.
System.Configuration.ConfigurationErrorsException: Configuration system failed to initialize ---> System.PlatformNotSupportedException: Operation is not supported on this platform.
  at System.Configuration.ClientConfigPaths..ctor (System.String exePath, System.Boolean includeUserConfig) [0x00050] in <5ae095f7408b4d5cb5cdbfc3d3c31d20>:0 
  at System.Configuration.ClientConfigPaths.GetPaths (System.String exePath, System.Boolean includeUserConfig) [0x00018] in <5ae095f7408b4d5cb5cdbfc3d3c31d20>:0 
  at System.Configuration.ClientConfigurationHost.get_ConfigPaths () [0x0000a] in <5ae095f7408b4d5cb5cdbfc3d3c31d20>:0 
  at System.Configuration.ClientConfigurationHost.GetStreamName (System.String configPath) [0x0006d] in <5ae095f7408b4d5cb5cdbfc3d3c31d20>:0 
  at System.Configuration.ClientConfigurationHost.get_IsAppConfigHttp () [0x00000] in <5ae095f7408b4d5cb5cdbfc3d3c31d20>:0 
  at System.Configuration.Internal.DelegatingConfigHost.get_IsAppConfigHttp () [0x00006] in <5ae095f7408b4d5cb5cdbfc3d3c31d20>:0 
  at System.Configuration.ClientConfigurationSystem..ctor () [0x00051] in <5ae095f7408b4d5cb5cdbfc3d3c31d20>:0 
  at System.Configuration.ConfigurationManager.EnsureConfigurationSystem () [0x00024] in <5ae095f7408b4d5cb5cdbfc3d3c31d20>:0 
   --- End of inner exception stack trace ---
  at System.Configuration.ConfigurationManager.PrepareConfigSystem () [0x0001a] in <5ae095f7408b4d5cb5cdbfc3d3c31d20>:0 
  at System.Configuration.ConfigurationManager.GetSection (System.String sectionName) [0x0000a] in <5ae095f7408b4d5cb5cdbfc3d3c31d20>:0 
  at System.Configuration.ConfigurationManager.get_AppSettings () [0x00000] in <5ae095f7408b4d5cb5cdbfc3d3c31d20>:0 
  at log4net.Util.SystemInfo.GetAppSetting (System.String key) [0x00000] in <00c34789746b40dda4cd7be2c85ba32f>:0 
log4net:ERROR Exception while reading ConfigurationSettings. Check your .config file is well formed XML.
System.Configuration.ConfigurationErrorsException: Configuration system failed to initialize ---> System.PlatformNotSupportedException: Operation is not supported on this platform.
  at System.Configuration.ClientConfigPaths..ctor (System.String exePath, System.Boolean includeUserConfig) [0x00050] in <5ae095f7408b4d5cb5cdbfc3d3c31d20>:0 
  at System.Configuration.ClientConfigPaths.GetPaths (System.String exePath, System.Boolean includeUserConfig) [0x00018] in <5ae095f7408b4d5cb5cdbfc3d3c31d20>:0 
  at System.Configuration.ClientConfigurationHost.get_ConfigPaths () [0x0000a] in <5ae095f7408b4d5cb5cdbfc3d3c31d20>:0 
  at System.Configuration.ClientConfigurationHost.GetStreamName (System.String configPath) [0x0006d] in <5ae095f7408b4d5cb5cdbfc3d3c31d20>:0 
  at System.Configuration.ClientConfigurationHost.get_IsAppConfigHttp () [0x00000] in <5ae095f7408b4d5cb5cdbfc3d3c31d20>:0 
  at System.Configuration.Internal.DelegatingConfigHost.get_IsAppConfigHttp () [0x00006] in <5ae095f7408b4d5cb5cdbfc3d3c31d20>:0 
  at System.Configuration.ClientConfigurationSystem..ctor () [0x00051] in <5ae095f7408b4d5cb5cdbfc3d3c31d20>:0 
  at System.Configuration.ConfigurationManager.EnsureConfigurationSystem () [0x00024] in <5ae095f7408b4d5cb5cdbfc3d3c31d20>:0 
   --- End of inner exception stack trace ---
  at System.Configuration.ConfigurationManager.PrepareConfigSystem () [0x0001a] in <5ae095f7408b4d5cb5cdbfc3d3c31d20>:0 
  at System.Configuration.ConfigurationManager.GetSection (System.String sectionName) [0x0000a] in <5ae095f7408b4d5cb5cdbfc3d3c31d20>:0 
  at System.Configuration.ConfigurationManager.get_AppSettings () [0x00000] in <5ae095f7408b4d5cb5cdbfc3d3c31d20>:0 
  at log4net.Util.SystemInfo.GetAppSetting (System.String key) [0x00000] in <00c34789746b40dda4cd7be2c85ba32f>:0 
log4net:ERROR Exception while reading ConfigurationSettings. Check your .config file is well formed XML.
System.Configuration.ConfigurationErrorsException: Configuration system failed to initialize ---> System.PlatformNotSupportedException: Operation is not supported on this platform.
  at System.Configuration.ClientConfigPaths..ctor (System.String exePath, System.Boolean includeUserConfig) [0x00050] in <5ae095f7408b4d5cb5cdbfc3d3c31d20>:0 
  at System.Configuration.ClientConfigPaths.GetPaths (System.String exePath, System.Boolean includeUserConfig) [0x00018] in <5ae095f7408b4d5cb5cdbfc3d3c31d20>:0 
  at System.Configuration.ClientConfigurationHost.get_ConfigPaths () [0x0000a] in <5ae095f7408b4d5cb5cdbfc3d3c31d20>:0 
  at System.Configuration.ClientConfigurationHost.GetStreamName (System.String configPath) [0x0006d] in <5ae095f7408b4d5cb5cdbfc3d3c31d20>:0 
  at System.Configuration.ClientConfigurationHost.get_IsAppConfigHttp () [0x00000] in <5ae095f7408b4d5cb5cdbfc3d3c31d20>:0 
  at System.Configuration.Internal.DelegatingConfigHost.get_IsAppConfigHttp () [0x00006] in <5ae095f7408b4d5cb5cdbfc3d3c31d20>:0 
  at System.Configuration.ClientConfigurationSystem..ctor () [0x00051] in <5ae095f7408b4d5cb5cdbfc3d3c31d20>:0 
  at System.Configuration.ConfigurationManager.EnsureConfigurationSystem () [0x00024] in <5ae095f7408b4d5cb5cdbfc3d3c31d20>:0 
   --- End of inner exception stack trace ---
  at System.Configuration.ConfigurationManager.PrepareConfigSystem () [0x0001a] in <5ae095f7408b4d5cb5cdbfc3d3c31d20>:0 
  at System.Configuration.ConfigurationManager.GetSection (System.String sectionName) [0x0000a] in <5ae095f7408b4d5cb5cdbfc3d3c31d20>:0 
  at System.Configuration.ConfigurationManager.get_AppSettings () [0x00000] in <5ae095f7408b4d5cb5cdbfc3d3c31d20>:0 
  at log4net.Util.SystemInfo.GetAppSetting (System.String key) [0x00000] in <00c34789746b40dda4cd7be2c85ba32f>:0 
log4net:ERROR Exception while reading ConfigurationSettings. Check your .config file is well formed XML.
System.Configuration.ConfigurationErrorsException: Configuration system failed to initialize ---> System.PlatformNotSupportedException: Operation is not supported on this platform.
  at System.Configuration.ClientConfigPaths..ctor (System.String exePath, System.Boolean includeUserConfig) [0x00050] in <5ae095f7408b4d5cb5cdbfc3d3c31d20>:0 
  at System.Configuration.ClientConfigPaths.GetPaths (System.String exePath, System.Boolean includeUserConfig) [0x00018] in <5ae095f7408b4d5cb5cdbfc3d3c31d20>:0 
  at System.Configuration.ClientConfigurationHost.get_ConfigPaths () [0x0000a] in <5ae095f7408b4d5cb5cdbfc3d3c31d20>:0 
  at System.Configuration.ClientConfigurationHost.GetStreamName (System.String configPath) [0x0006d] in <5ae095f7408b4d5cb5cdbfc3d3c31d20>:0 
  at System.Configuration.ClientConfigurationHost.get_IsAppConfigHttp () [0x00000] in <5ae095f7408b4d5cb5cdbfc3d3c31d20>:0 
  at System.Configuration.Internal.DelegatingConfigHost.get_IsAppConfigHttp () [0x00006] in <5ae095f7408b4d5cb5cdbfc3d3c31d20>:0 
  at System.Configuration.ClientConfigurationSystem..ctor () [0x00051] in <5ae095f7408b4d5cb5cdbfc3d3c31d20>:0 
  at System.Configuration.ConfigurationManager.EnsureConfigurationSystem () [0x00024] in <5ae095f7408b4d5cb5cdbfc3d3c31d20>:0 
   --- End of inner exception stack trace ---
  at System.Configuration.ConfigurationManager.PrepareConfigSystem () [0x0001a] in <5ae095f7408b4d5cb5cdbfc3d3c31d20>:0 
  at System.Configuration.ConfigurationManager.GetSection (System.String sectionName) [0x0000a] in <5ae095f7408b4d5cb5cdbfc3d3c31d20>:0 
  at System.Configuration.ConfigurationManager.get_AppSettings () [0x00000] in <5ae095f7408b4d5cb5cdbfc3d3c31d20>:0 
  at log4net.Util.SystemInfo.GetAppSetting (System.String key) [0x00000] in <00c34789746b40dda4cd7be2c85ba32f>:0 
log4net:ERROR Exception while reading ConfigurationSettings. Check your .config file is well formed XML.
System.Configuration.ConfigurationErrorsException: Configuration system failed to initialize ---> System.PlatformNotSupportedException: Operation is not supported on this platform.
  at System.Configuration.ClientConfigPaths..ctor (System.String exePath, System.Boolean includeUserConfig) [0x00050] in <5ae095f7408b4d5cb5cdbfc3d3c31d20>:0 
  at System.Configuration.ClientConfigPaths.GetPaths (System.String exePath, System.Boolean includeUserConfig) [0x00018] in <5ae095f7408b4d5cb5cdbfc3d3c31d20>:0 
  at System.Configuration.ClientConfigurationHost.get_ConfigPaths () [0x0000a] in <5ae095f7408b4d5cb5cdbfc3d3c31d20>:0 
  at System.Configuration.ClientConfigurationHost.GetStreamName (System.String configPath) [0x0006d] in <5ae095f7408b4d5cb5cdbfc3d3c31d20>:0 
  at System.Configuration.ClientConfigurationHost.get_IsAppConfigHttp () [0x00000] in <5ae095f7408b4d5cb5cdbfc3d3c31d20>:0 
  at System.Configuration.Internal.DelegatingConfigHost.get_IsAppConfigHttp () [0x00006] in <5ae095f7408b4d5cb5cdbfc3d3c31d20>:0 
  at System.Configuration.ClientConfigurationSystem..ctor () [0x00051] in <5ae095f7408b4d5cb5cdbfc3d3c31d20>:0 
  at System.Configuration.ConfigurationManager.EnsureConfigurationSystem () [0x00024] in <5ae095f7408b4d5cb5cdbfc3d3c31d20>:0 
   --- End of inner exception stack trace ---
  at System.Configuration.ConfigurationManager.PrepareConfigSystem () [0x0001a] in <5ae095f7408b4d5cb5cdbfc3d3c31d20>:0 
  at System.Configuration.ConfigurationManager.GetSection (System.String sectionName) [0x0000a] in <5ae095f7408b4d5cb5cdbfc3d3c31d20>:0 
  at System.Configuration.ConfigurationManager.get_AppSettings () [0x00000] in <5ae095f7408b4d5cb5cdbfc3d3c31d20>:0 
  at log4net.Util.SystemInfo.GetAppSetting (System.String key) [0x00000] in <00c34789746b40dda4cd7be2c85ba32f>:0 
log4net:ERROR Exception while reading ConfigurationSettings. Check your .config file is well formed XML.
System.Configuration.ConfigurationErrorsException: Configuration system failed to initialize ---> System.PlatformNotSupportedException: Operation is not supported on this platform.
  at System.Configuration.ClientConfigPaths..ctor (System.String exePath, System.Boolean includeUserConfig) [0x00050] in <5ae095f7408b4d5cb5cdbfc3d3c31d20>:0 
  at System.Configuration.ClientConfigPaths.GetPaths (System.String exePath, System.Boolean includeUserConfig) [0x00018] in <5ae095f7408b4d5cb5cdbfc3d3c31d20>:0 
  at System.Configuration.ClientConfigurationHost.get_ConfigPaths () [0x0000a] in <5ae095f7408b4d5cb5cdbfc3d3c31d20>:0 
  at System.Configuration.ClientConfigurationHost.GetStreamName (System.String configPath) [0x0006d] in <5ae095f7408b4d5cb5cdbfc3d3c31d20>:0 
  at System.Configuration.ClientConfigurationHost.get_IsAppConfigHttp () [0x00000] in <5ae095f7408b4d5cb5cdbfc3d3c31d20>:0 
  at System.Configuration.Internal.DelegatingConfigHost.get_IsAppConfigHttp () [0x00006] in <5ae095f7408b4d5cb5cdbfc3d3c31d20>:0 
  at System.Configuration.ClientConfigurationSystem..ctor () [0x00051] in <5ae095f7408b4d5cb5cdbfc3d3c31d20>:0 
  at System.Configuration.ConfigurationManager.EnsureConfigurationSystem () [0x00024] in <5ae095f7408b4d5cb5cdbfc3d3c31d20>:0 
   --- End of inner exception stack trace ---
  at System.Configuration.ConfigurationManager.PrepareConfigSystem () [0x0001a] in <5ae095f7408b4d5cb5cdbfc3d3c31d20>:0 
  at System.Configuration.ConfigurationManager.GetSection (System.String sectionName) [0x0000a] in <5ae095f7408b4d5cb5cdbfc3d3c31d20>:0 
  at System.Configuration.ConfigurationManager.get_AppSettings () [0x00000] in <5ae095f7408b4d5cb5cdbfc3d3c31d20>:0 
  at log4net.Util.SystemInfo.GetAppSetting (System.String key) [0x00000] in <00c34789746b40dda4cd7be2c85ba32f>:0 
Mono: successfully reloaded assembly
- Finished resetting the current domain, in  0.509 seconds
Domain Reload Profiling: 1019ms
	BeginReloadAssembly (135ms)
		ExecutionOrderSort (0ms)
		DisableScriptedObjects (8ms)
		BackupInstance (0ms)
		ReleaseScriptingObjects (0ms)
		CreateAndSetChildDomain (40ms)
	RebuildCommonClasses (26ms)
	RebuildNativeTypeToScriptingClass (9ms)
	initialDomainReloadingComplete (18ms)
	LoadAllAssembliesAndSetupDomain (323ms)
		LoadAssemblies (228ms)
		RebuildTransferFunctionScriptingTraits (0ms)
		AnalyzeDomain (150ms)
			TypeCache.Refresh (7ms)
				TypeCache.ScanAssembly (1ms)
			BuildScriptInfoCaches (134ms)
			ResolveRequiredComponents (6ms)
	FinalizeReload (509ms)
		ReleaseScriptCaches (0ms)
		RebuildScriptCaches (0ms)
		SetupLoadedEditorAssemblies (383ms)
			LogAssemblyErrors (0ms)
			InitializePlatformSupportModulesInManaged (10ms)
			SetLoadedEditorAssemblies (2ms)
			BeforeProcessingInitializeOnLoad (69ms)
			ProcessInitializeOnLoadAttributes (259ms)
			ProcessInitializeOnLoadMethodAttributes (40ms)
			AfterProcessingInitializeOnLoad (3ms)
			EditorAssembliesLoaded (0ms)
		ExecutionOrderSort2 (0ms)
		AwakeInstancesAfterBackupRestoration (10ms)
Refreshing native plugins compatible for Editor in 1.71 ms, found 4 plugins.
Preloading 0 native plugins for Editor in 0.00 ms.
Unloading 13 Unused Serialized files (Serialized files now loaded: 0)
Unloading 6627 unused Assets / (4.3 MB). Loaded Objects now: 7312.
Memory consumption went from 151.3 MB to 147.0 MB.
Total: 7.218900 ms (FindLiveObjects: 0.844500 ms CreateObjectMapping: 0.259500 ms MarkObjects: 3.962200 ms  DeleteObjects: 2.151800 ms)

Prepare: number of updated asset objects reloaded= 0
========================================================================
Received Prepare
Begin MonoManager ReloadAssembly
Duplicate assembly 'log4net.dll' with different versions detected, using 'Assets/Packages/log4net.3.0.4/lib/netstandard2.0/log4net.dll, AssemblyName=log4net, Version=3.0.4.0, Culture=neutral, PublicKeyToken=669e0ddf0bb1aa2a' and ignoring 'Packages/com.unity.collab-proxy/Lib/Editor/log4netPlastic.dll, AssemblyName=log4net, Version=1.2.15.0, Culture=neutral, PublicKeyToken=669e0ddf0bb1aa2a'.- Loaded All Assemblies, in  0.527 seconds
Refreshing native plugins compatible for Editor in 1.72 ms, found 4 plugins.
Native extension for iOS target not found
Native extension for Android target not found
Native extension for UWP target not found
Native extension for WindowsStandalone target not found
log4net:ERROR Exception while reading ConfigurationSettings. Check your .config file is well formed XML.
System.Configuration.ConfigurationErrorsException: Configuration system failed to initialize ---> System.PlatformNotSupportedException: Operation is not supported on this platform.
  at System.Configuration.ClientConfigPaths..ctor (System.String exePath, System.Boolean includeUserConfig) [0x00050] in <5ae095f7408b4d5cb5cdbfc3d3c31d20>:0 
  at System.Configuration.ClientConfigPaths.GetPaths (System.String exePath, System.Boolean includeUserConfig) [0x00018] in <5ae095f7408b4d5cb5cdbfc3d3c31d20>:0 
  at System.Configuration.ClientConfigurationHost.get_ConfigPaths () [0x0000a] in <5ae095f7408b4d5cb5cdbfc3d3c31d20>:0 
  at System.Configuration.ClientConfigurationHost.GetStreamName (System.String configPath) [0x0006d] in <5ae095f7408b4d5cb5cdbfc3d3c31d20>:0 
  at System.Configuration.ClientConfigurationHost.get_IsAppConfigHttp () [0x00000] in <5ae095f7408b4d5cb5cdbfc3d3c31d20>:0 
  at System.Configuration.Internal.DelegatingConfigHost.get_IsAppConfigHttp () [0x00006] in <5ae095f7408b4d5cb5cdbfc3d3c31d20>:0 
  at System.Configuration.ClientConfigurationSystem..ctor () [0x00051] in <5ae095f7408b4d5cb5cdbfc3d3c31d20>:0 
  at System.Configuration.ConfigurationManager.EnsureConfigurationSystem () [0x00024] in <5ae095f7408b4d5cb5cdbfc3d3c31d20>:0 
   --- End of inner exception stack trace ---
  at System.Configuration.ConfigurationManager.EnsureConfigurationSystem () [0x00060] in <5ae095f7408b4d5cb5cdbfc3d3c31d20>:0 
  at System.Configuration.ConfigurationManager.PrepareConfigSystem () [0x0000a] in <5ae095f7408b4d5cb5cdbfc3d3c31d20>:0 
  at System.Configuration.ConfigurationManager.GetSection (System.String sectionName) [0x0000a] in <5ae095f7408b4d5cb5cdbfc3d3c31d20>:0 
  at System.Configuration.ConfigurationManager.get_AppSettings () [0x00000] in <5ae095f7408b4d5cb5cdbfc3d3c31d20>:0 
  at log4net.Util.SystemInfo.GetAppSetting (System.String key) [0x00000] in <00c34789746b40dda4cd7be2c85ba32f>:0 
log4net:ERROR Exception while reading ConfigurationSettings. Check your .config file is well formed XML.
System.Configuration.ConfigurationErrorsException: Configuration system failed to initialize ---> System.PlatformNotSupportedException: Operation is not supported on this platform.
  at System.Configuration.ClientConfigPaths..ctor (System.String exePath, System.Boolean includeUserConfig) [0x00050] in <5ae095f7408b4d5cb5cdbfc3d3c31d20>:0 
  at System.Configuration.ClientConfigPaths.GetPaths (System.String exePath, System.Boolean includeUserConfig) [0x00018] in <5ae095f7408b4d5cb5cdbfc3d3c31d20>:0 
  at System.Configuration.ClientConfigurationHost.get_ConfigPaths () [0x0000a] in <5ae095f7408b4d5cb5cdbfc3d3c31d20>:0 
  at System.Configuration.ClientConfigurationHost.GetStreamName (System.String configPath) [0x0006d] in <5ae095f7408b4d5cb5cdbfc3d3c31d20>:0 
  at System.Configuration.ClientConfigurationHost.get_IsAppConfigHttp () [0x00000] in <5ae095f7408b4d5cb5cdbfc3d3c31d20>:0 
  at System.Configuration.Internal.DelegatingConfigHost.get_IsAppConfigHttp () [0x00006] in <5ae095f7408b4d5cb5cdbfc3d3c31d20>:0 
  at System.Configuration.ClientConfigurationSystem..ctor () [0x00051] in <5ae095f7408b4d5cb5cdbfc3d3c31d20>:0 
  at System.Configuration.ConfigurationManager.EnsureConfigurationSystem () [0x00024] in <5ae095f7408b4d5cb5cdbfc3d3c31d20>:0 
   --- End of inner exception stack trace ---
  at System.Configuration.ConfigurationManager.PrepareConfigSystem () [0x0001a] in <5ae095f7408b4d5cb5cdbfc3d3c31d20>:0 
  at System.Configuration.ConfigurationManager.GetSection (System.String sectionName) [0x0000a] in <5ae095f7408b4d5cb5cdbfc3d3c31d20>:0 
  at System.Configuration.ConfigurationManager.get_AppSettings () [0x00000] in <5ae095f7408b4d5cb5cdbfc3d3c31d20>:0 
  at log4net.Util.SystemInfo.GetAppSetting (System.String key) [0x00000] in <00c34789746b40dda4cd7be2c85ba32f>:0 
log4net:ERROR Exception while reading ConfigurationSettings. Check your .config file is well formed XML.
System.Configuration.ConfigurationErrorsException: Configuration system failed to initialize ---> System.PlatformNotSupportedException: Operation is not supported on this platform.
  at System.Configuration.ClientConfigPaths..ctor (System.String exePath, System.Boolean includeUserConfig) [0x00050] in <5ae095f7408b4d5cb5cdbfc3d3c31d20>:0 
  at System.Configuration.ClientConfigPaths.GetPaths (System.String exePath, System.Boolean includeUserConfig) [0x00018] in <5ae095f7408b4d5cb5cdbfc3d3c31d20>:0 
  at System.Configuration.ClientConfigurationHost.get_ConfigPaths () [0x0000a] in <5ae095f7408b4d5cb5cdbfc3d3c31d20>:0 
  at System.Configuration.ClientConfigurationHost.GetStreamName (System.String configPath) [0x0006d] in <5ae095f7408b4d5cb5cdbfc3d3c31d20>:0 
  at System.Configuration.ClientConfigurationHost.get_IsAppConfigHttp () [0x00000] in <5ae095f7408b4d5cb5cdbfc3d3c31d20>:0 
  at System.Configuration.Internal.DelegatingConfigHost.get_IsAppConfigHttp () [0x00006] in <5ae095f7408b4d5cb5cdbfc3d3c31d20>:0 
  at System.Configuration.ClientConfigurationSystem..ctor () [0x00051] in <5ae095f7408b4d5cb5cdbfc3d3c31d20>:0 
  at System.Configuration.ConfigurationManager.EnsureConfigurationSystem () [0x00024] in <5ae095f7408b4d5cb5cdbfc3d3c31d20>:0 
   --- End of inner exception stack trace ---
  at System.Configuration.ConfigurationManager.PrepareConfigSystem () [0x0001a] in <5ae095f7408b4d5cb5cdbfc3d3c31d20>:0 
  at System.Configuration.ConfigurationManager.GetSection (System.String sectionName) [0x0000a] in <5ae095f7408b4d5cb5cdbfc3d3c31d20>:0 
  at System.Configuration.ConfigurationManager.get_AppSettings () [0x00000] in <5ae095f7408b4d5cb5cdbfc3d3c31d20>:0 
  at log4net.Util.SystemInfo.GetAppSetting (System.String key) [0x00000] in <00c34789746b40dda4cd7be2c85ba32f>:0 
log4net:ERROR Exception while reading ConfigurationSettings. Check your .config file is well formed XML.
System.Configuration.ConfigurationErrorsException: Configuration system failed to initialize ---> System.PlatformNotSupportedException: Operation is not supported on this platform.
  at System.Configuration.ClientConfigPaths..ctor (System.String exePath, System.Boolean includeUserConfig) [0x00050] in <5ae095f7408b4d5cb5cdbfc3d3c31d20>:0 
  at System.Configuration.ClientConfigPaths.GetPaths (System.String exePath, System.Boolean includeUserConfig) [0x00018] in <5ae095f7408b4d5cb5cdbfc3d3c31d20>:0 
  at System.Configuration.ClientConfigurationHost.get_ConfigPaths () [0x0000a] in <5ae095f7408b4d5cb5cdbfc3d3c31d20>:0 
  at System.Configuration.ClientConfigurationHost.GetStreamName (System.String configPath) [0x0006d] in <5ae095f7408b4d5cb5cdbfc3d3c31d20>:0 
  at System.Configuration.ClientConfigurationHost.get_IsAppConfigHttp () [0x00000] in <5ae095f7408b4d5cb5cdbfc3d3c31d20>:0 
  at System.Configuration.Internal.DelegatingConfigHost.get_IsAppConfigHttp () [0x00006] in <5ae095f7408b4d5cb5cdbfc3d3c31d20>:0 
  at System.Configuration.ClientConfigurationSystem..ctor () [0x00051] in <5ae095f7408b4d5cb5cdbfc3d3c31d20>:0 
  at System.Configuration.ConfigurationManager.EnsureConfigurationSystem () [0x00024] in <5ae095f7408b4d5cb5cdbfc3d3c31d20>:0 
   --- End of inner exception stack trace ---
  at System.Configuration.ConfigurationManager.PrepareConfigSystem () [0x0001a] in <5ae095f7408b4d5cb5cdbfc3d3c31d20>:0 
  at System.Configuration.ConfigurationManager.GetSection (System.String sectionName) [0x0000a] in <5ae095f7408b4d5cb5cdbfc3d3c31d20>:0 
  at System.Configuration.ConfigurationManager.get_AppSettings () [0x00000] in <5ae095f7408b4d5cb5cdbfc3d3c31d20>:0 
  at log4net.Util.SystemInfo.GetAppSetting (System.String key) [0x00000] in <00c34789746b40dda4cd7be2c85ba32f>:0 
log4net:ERROR Exception while reading ConfigurationSettings. Check your .config file is well formed XML.
System.Configuration.ConfigurationErrorsException: Configuration system failed to initialize ---> System.PlatformNotSupportedException: Operation is not supported on this platform.
  at System.Configuration.ClientConfigPaths..ctor (System.String exePath, System.Boolean includeUserConfig) [0x00050] in <5ae095f7408b4d5cb5cdbfc3d3c31d20>:0 
  at System.Configuration.ClientConfigPaths.GetPaths (System.String exePath, System.Boolean includeUserConfig) [0x00018] in <5ae095f7408b4d5cb5cdbfc3d3c31d20>:0 
  at System.Configuration.ClientConfigurationHost.get_ConfigPaths () [0x0000a] in <5ae095f7408b4d5cb5cdbfc3d3c31d20>:0 
  at System.Configuration.ClientConfigurationHost.GetStreamName (System.String configPath) [0x0006d] in <5ae095f7408b4d5cb5cdbfc3d3c31d20>:0 
  at System.Configuration.ClientConfigurationHost.get_IsAppConfigHttp () [0x00000] in <5ae095f7408b4d5cb5cdbfc3d3c31d20>:0 
  at System.Configuration.Internal.DelegatingConfigHost.get_IsAppConfigHttp () [0x00006] in <5ae095f7408b4d5cb5cdbfc3d3c31d20>:0 
  at System.Configuration.ClientConfigurationSystem..ctor () [0x00051] in <5ae095f7408b4d5cb5cdbfc3d3c31d20>:0 
  at System.Configuration.ConfigurationManager.EnsureConfigurationSystem () [0x00024] in <5ae095f7408b4d5cb5cdbfc3d3c31d20>:0 
   --- End of inner exception stack trace ---
  at System.Configuration.ConfigurationManager.PrepareConfigSystem () [0x0001a] in <5ae095f7408b4d5cb5cdbfc3d3c31d20>:0 
  at System.Configuration.ConfigurationManager.GetSection (System.String sectionName) [0x0000a] in <5ae095f7408b4d5cb5cdbfc3d3c31d20>:0 
  at System.Configuration.ConfigurationManager.get_AppSettings () [0x00000] in <5ae095f7408b4d5cb5cdbfc3d3c31d20>:0 
  at log4net.Util.SystemInfo.GetAppSetting (System.String key) [0x00000] in <00c34789746b40dda4cd7be2c85ba32f>:0 
log4net:ERROR Exception while reading ConfigurationSettings. Check your .config file is well formed XML.
System.Configuration.ConfigurationErrorsException: Configuration system failed to initialize ---> System.PlatformNotSupportedException: Operation is not supported on this platform.
  at System.Configuration.ClientConfigPaths..ctor (System.String exePath, System.Boolean includeUserConfig) [0x00050] in <5ae095f7408b4d5cb5cdbfc3d3c31d20>:0 
  at System.Configuration.ClientConfigPaths.GetPaths (System.String exePath, System.Boolean includeUserConfig) [0x00018] in <5ae095f7408b4d5cb5cdbfc3d3c31d20>:0 
  at System.Configuration.ClientConfigurationHost.get_ConfigPaths () [0x0000a] in <5ae095f7408b4d5cb5cdbfc3d3c31d20>:0 
  at System.Configuration.ClientConfigurationHost.GetStreamName (System.String configPath) [0x0006d] in <5ae095f7408b4d5cb5cdbfc3d3c31d20>:0 
  at System.Configuration.ClientConfigurationHost.get_IsAppConfigHttp () [0x00000] in <5ae095f7408b4d5cb5cdbfc3d3c31d20>:0 
  at System.Configuration.Internal.DelegatingConfigHost.get_IsAppConfigHttp () [0x00006] in <5ae095f7408b4d5cb5cdbfc3d3c31d20>:0 
  at System.Configuration.ClientConfigurationSystem..ctor () [0x00051] in <5ae095f7408b4d5cb5cdbfc3d3c31d20>:0 
  at System.Configuration.ConfigurationManager.EnsureConfigurationSystem () [0x00024] in <5ae095f7408b4d5cb5cdbfc3d3c31d20>:0 
   --- End of inner exception stack trace ---
  at System.Configuration.ConfigurationManager.PrepareConfigSystem () [0x0001a] in <5ae095f7408b4d5cb5cdbfc3d3c31d20>:0 
  at System.Configuration.ConfigurationManager.GetSection (System.String sectionName) [0x0000a] in <5ae095f7408b4d5cb5cdbfc3d3c31d20>:0 
  at System.Configuration.ConfigurationManager.get_AppSettings () [0x00000] in <5ae095f7408b4d5cb5cdbfc3d3c31d20>:0 
  at log4net.Util.SystemInfo.GetAppSetting (System.String key) [0x00000] in <00c34789746b40dda4cd7be2c85ba32f>:0 
log4net:ERROR Exception while reading ConfigurationSettings. Check your .config file is well formed XML.
System.Configuration.ConfigurationErrorsException: Configuration system failed to initialize ---> System.PlatformNotSupportedException: Operation is not supported on this platform.
  at System.Configuration.ClientConfigPaths..ctor (System.String exePath, System.Boolean includeUserConfig) [0x00050] in <5ae095f7408b4d5cb5cdbfc3d3c31d20>:0 
  at System.Configuration.ClientConfigPaths.GetPaths (System.String exePath, System.Boolean includeUserConfig) [0x00018] in <5ae095f7408b4d5cb5cdbfc3d3c31d20>:0 
  at System.Configuration.ClientConfigurationHost.get_ConfigPaths () [0x0000a] in <5ae095f7408b4d5cb5cdbfc3d3c31d20>:0 
  at System.Configuration.ClientConfigurationHost.GetStreamName (System.String configPath) [0x0006d] in <5ae095f7408b4d5cb5cdbfc3d3c31d20>:0 
  at System.Configuration.ClientConfigurationHost.get_IsAppConfigHttp () [0x00000] in <5ae095f7408b4d5cb5cdbfc3d3c31d20>:0 
  at System.Configuration.Internal.DelegatingConfigHost.get_IsAppConfigHttp () [0x00006] in <5ae095f7408b4d5cb5cdbfc3d3c31d20>:0 
  at System.Configuration.ClientConfigurationSystem..ctor () [0x00051] in <5ae095f7408b4d5cb5cdbfc3d3c31d20>:0 
  at System.Configuration.ConfigurationManager.EnsureConfigurationSystem () [0x00024] in <5ae095f7408b4d5cb5cdbfc3d3c31d20>:0 
   --- End of inner exception stack trace ---
  at System.Configuration.ConfigurationManager.PrepareConfigSystem () [0x0001a] in <5ae095f7408b4d5cb5cdbfc3d3c31d20>:0 
  at System.Configuration.ConfigurationManager.GetSection (System.String sectionName) [0x0000a] in <5ae095f7408b4d5cb5cdbfc3d3c31d20>:0 
  at System.Configuration.ConfigurationManager.get_AppSettings () [0x00000] in <5ae095f7408b4d5cb5cdbfc3d3c31d20>:0 
  at log4net.Util.SystemInfo.GetAppSetting (System.String key) [0x00000] in <00c34789746b40dda4cd7be2c85ba32f>:0 
Mono: successfully reloaded assembly
- Finished resetting the current domain, in  0.498 seconds
Domain Reload Profiling: 1023ms
	BeginReloadAssembly (146ms)
		ExecutionOrderSort (0ms)
		DisableScriptedObjects (9ms)
		BackupInstance (0ms)
		ReleaseScriptingObjects (0ms)
		CreateAndSetChildDomain (45ms)
	RebuildCommonClasses (22ms)
	RebuildNativeTypeToScriptingClass (8ms)
	initialDomainReloadingComplete (18ms)
	LoadAllAssembliesAndSetupDomain (331ms)
		LoadAssemblies (237ms)
		RebuildTransferFunctionScriptingTraits (0ms)
		AnalyzeDomain (153ms)
			TypeCache.Refresh (4ms)
				TypeCache.ScanAssembly (0ms)
			BuildScriptInfoCaches (139ms)
			ResolveRequiredComponents (6ms)
	FinalizeReload (498ms)
		ReleaseScriptCaches (0ms)
		RebuildScriptCaches (0ms)
		SetupLoadedEditorAssemblies (377ms)
			LogAssemblyErrors (0ms)
			InitializePlatformSupportModulesInManaged (10ms)
			SetLoadedEditorAssemblies (2ms)
			BeforeProcessingInitializeOnLoad (73ms)
			ProcessInitializeOnLoadAttributes (255ms)
			ProcessInitializeOnLoadMethodAttributes (33ms)
			AfterProcessingInitializeOnLoad (3ms)
			EditorAssembliesLoaded (0ms)
		ExecutionOrderSort2 (0ms)
		AwakeInstancesAfterBackupRestoration (8ms)
Refreshing native plugins compatible for Editor in 1.52 ms, found 4 plugins.
Preloading 0 native plugins for Editor in 0.00 ms.
Unloading 13 Unused Serialized files (Serialized files now loaded: 0)
Unloading 6627 unused Assets / (3.6 MB). Loaded Objects now: 7314.
Memory consumption went from 151.4 MB to 147.7 MB.
Total: 6.270400 ms (FindLiveObjects: 0.693700 ms CreateObjectMapping: 0.260200 ms MarkObjects: 3.737300 ms  DeleteObjects: 1.578500 ms)

Prepare: number of updated asset objects reloaded= 0
========================================================================
Received Prepare
Refreshing native plugins compatible for Editor in 1.32 ms, found 4 plugins.
Preloading 0 native plugins for Editor in 0.00 ms.
Unloading 13 Unused Serialized files (Serialized files now loaded: 0)
Unloading 6613 unused Assets / (3.8 MB). Loaded Objects now: 7314.
Memory consumption went from 151.5 MB to 147.7 MB.
Total: 5.630000 ms (FindLiveObjects: 0.676100 ms CreateObjectMapping: 0.214800 ms MarkObjects: 3.370400 ms  DeleteObjects: 1.368000 ms)

Prepare: number of updated asset objects reloaded= 0
========================================================================
Received Prepare
Begin MonoManager ReloadAssembly
Duplicate assembly 'log4net.dll' with different versions detected, using 'Assets/Packages/log4net.3.0.4/lib/netstandard2.0/log4net.dll, AssemblyName=log4net, Version=3.0.4.0, Culture=neutral, PublicKeyToken=669e0ddf0bb1aa2a' and ignoring 'Packages/com.unity.collab-proxy/Lib/Editor/log4netPlastic.dll, AssemblyName=log4net, Version=1.2.15.0, Culture=neutral, PublicKeyToken=669e0ddf0bb1aa2a'.- Loaded All Assemblies, in  0.526 seconds
Refreshing native plugins compatible for Editor in 1.08 ms, found 4 plugins.
Native extension for iOS target not found
Native extension for Android target not found
Native extension for UWP target not found
Native extension for WindowsStandalone target not found
log4net:ERROR Exception while reading ConfigurationSettings. Check your .config file is well formed XML.
System.Configuration.ConfigurationErrorsException: Configuration system failed to initialize ---> System.PlatformNotSupportedException: Operation is not supported on this platform.
  at System.Configuration.ClientConfigPaths..ctor (System.String exePath, System.Boolean includeUserConfig) [0x00050] in <5ae095f7408b4d5cb5cdbfc3d3c31d20>:0 
  at System.Configuration.ClientConfigPaths.GetPaths (System.String exePath, System.Boolean includeUserConfig) [0x00018] in <5ae095f7408b4d5cb5cdbfc3d3c31d20>:0 
  at System.Configuration.ClientConfigurationHost.get_ConfigPaths () [0x0000a] in <5ae095f7408b4d5cb5cdbfc3d3c31d20>:0 
  at System.Configuration.ClientConfigurationHost.GetStreamName (System.String configPath) [0x0006d] in <5ae095f7408b4d5cb5cdbfc3d3c31d20>:0 
  at System.Configuration.ClientConfigurationHost.get_IsAppConfigHttp () [0x00000] in <5ae095f7408b4d5cb5cdbfc3d3c31d20>:0 
  at System.Configuration.Internal.DelegatingConfigHost.get_IsAppConfigHttp () [0x00006] in <5ae095f7408b4d5cb5cdbfc3d3c31d20>:0 
  at System.Configuration.ClientConfigurationSystem..ctor () [0x00051] in <5ae095f7408b4d5cb5cdbfc3d3c31d20>:0 
  at System.Configuration.ConfigurationManager.EnsureConfigurationSystem () [0x00024] in <5ae095f7408b4d5cb5cdbfc3d3c31d20>:0 
   --- End of inner exception stack trace ---
  at System.Configuration.ConfigurationManager.EnsureConfigurationSystem () [0x00060] in <5ae095f7408b4d5cb5cdbfc3d3c31d20>:0 
  at System.Configuration.ConfigurationManager.PrepareConfigSystem () [0x0000a] in <5ae095f7408b4d5cb5cdbfc3d3c31d20>:0 
  at System.Configuration.ConfigurationManager.GetSection (System.String sectionName) [0x0000a] in <5ae095f7408b4d5cb5cdbfc3d3c31d20>:0 
  at System.Configuration.ConfigurationManager.get_AppSettings () [0x00000] in <5ae095f7408b4d5cb5cdbfc3d3c31d20>:0 
  at log4net.Util.SystemInfo.GetAppSetting (System.String key) [0x00000] in <00c34789746b40dda4cd7be2c85ba32f>:0 
log4net:ERROR Exception while reading ConfigurationSettings. Check your .config file is well formed XML.
System.Configuration.ConfigurationErrorsException: Configuration system failed to initialize ---> System.PlatformNotSupportedException: Operation is not supported on this platform.
  at System.Configuration.ClientConfigPaths..ctor (System.String exePath, System.Boolean includeUserConfig) [0x00050] in <5ae095f7408b4d5cb5cdbfc3d3c31d20>:0 
  at System.Configuration.ClientConfigPaths.GetPaths (System.String exePath, System.Boolean includeUserConfig) [0x00018] in <5ae095f7408b4d5cb5cdbfc3d3c31d20>:0 
  at System.Configuration.ClientConfigurationHost.get_ConfigPaths () [0x0000a] in <5ae095f7408b4d5cb5cdbfc3d3c31d20>:0 
  at System.Configuration.ClientConfigurationHost.GetStreamName (System.String configPath) [0x0006d] in <5ae095f7408b4d5cb5cdbfc3d3c31d20>:0 
  at System.Configuration.ClientConfigurationHost.get_IsAppConfigHttp () [0x00000] in <5ae095f7408b4d5cb5cdbfc3d3c31d20>:0 
  at System.Configuration.Internal.DelegatingConfigHost.get_IsAppConfigHttp () [0x00006] in <5ae095f7408b4d5cb5cdbfc3d3c31d20>:0 
  at System.Configuration.ClientConfigurationSystem..ctor () [0x00051] in <5ae095f7408b4d5cb5cdbfc3d3c31d20>:0 
  at System.Configuration.ConfigurationManager.EnsureConfigurationSystem () [0x00024] in <5ae095f7408b4d5cb5cdbfc3d3c31d20>:0 
   --- End of inner exception stack trace ---
  at System.Configuration.ConfigurationManager.PrepareConfigSystem () [0x0001a] in <5ae095f7408b4d5cb5cdbfc3d3c31d20>:0 
  at System.Configuration.ConfigurationManager.GetSection (System.String sectionName) [0x0000a] in <5ae095f7408b4d5cb5cdbfc3d3c31d20>:0 
  at System.Configuration.ConfigurationManager.get_AppSettings () [0x00000] in <5ae095f7408b4d5cb5cdbfc3d3c31d20>:0 
  at log4net.Util.SystemInfo.GetAppSetting (System.String key) [0x00000] in <00c34789746b40dda4cd7be2c85ba32f>:0 
log4net:ERROR Exception while reading ConfigurationSettings. Check your .config file is well formed XML.
System.Configuration.ConfigurationErrorsException: Configuration system failed to initialize ---> System.PlatformNotSupportedException: Operation is not supported on this platform.
  at System.Configuration.ClientConfigPaths..ctor (System.String exePath, System.Boolean includeUserConfig) [0x00050] in <5ae095f7408b4d5cb5cdbfc3d3c31d20>:0 
  at System.Configuration.ClientConfigPaths.GetPaths (System.String exePath, System.Boolean includeUserConfig) [0x00018] in <5ae095f7408b4d5cb5cdbfc3d3c31d20>:0 
  at System.Configuration.ClientConfigurationHost.get_ConfigPaths () [0x0000a] in <5ae095f7408b4d5cb5cdbfc3d3c31d20>:0 
  at System.Configuration.ClientConfigurationHost.GetStreamName (System.String configPath) [0x0006d] in <5ae095f7408b4d5cb5cdbfc3d3c31d20>:0 
  at System.Configuration.ClientConfigurationHost.get_IsAppConfigHttp () [0x00000] in <5ae095f7408b4d5cb5cdbfc3d3c31d20>:0 
  at System.Configuration.Internal.DelegatingConfigHost.get_IsAppConfigHttp () [0x00006] in <5ae095f7408b4d5cb5cdbfc3d3c31d20>:0 
  at System.Configuration.ClientConfigurationSystem..ctor () [0x00051] in <5ae095f7408b4d5cb5cdbfc3d3c31d20>:0 
  at System.Configuration.ConfigurationManager.EnsureConfigurationSystem () [0x00024] in <5ae095f7408b4d5cb5cdbfc3d3c31d20>:0 
   --- End of inner exception stack trace ---
  at System.Configuration.ConfigurationManager.PrepareConfigSystem () [0x0001a] in <5ae095f7408b4d5cb5cdbfc3d3c31d20>:0 
  at System.Configuration.ConfigurationManager.GetSection (System.String sectionName) [0x0000a] in <5ae095f7408b4d5cb5cdbfc3d3c31d20>:0 
  at System.Configuration.ConfigurationManager.get_AppSettings () [0x00000] in <5ae095f7408b4d5cb5cdbfc3d3c31d20>:0 
  at log4net.Util.SystemInfo.GetAppSetting (System.String key) [0x00000] in <00c34789746b40dda4cd7be2c85ba32f>:0 
log4net:ERROR Exception while reading ConfigurationSettings. Check your .config file is well formed XML.
System.Configuration.ConfigurationErrorsException: Configuration system failed to initialize ---> System.PlatformNotSupportedException: Operation is not supported on this platform.
  at System.Configuration.ClientConfigPaths..ctor (System.String exePath, System.Boolean includeUserConfig) [0x00050] in <5ae095f7408b4d5cb5cdbfc3d3c31d20>:0 
  at System.Configuration.ClientConfigPaths.GetPaths (System.String exePath, System.Boolean includeUserConfig) [0x00018] in <5ae095f7408b4d5cb5cdbfc3d3c31d20>:0 
  at System.Configuration.ClientConfigurationHost.get_ConfigPaths () [0x0000a] in <5ae095f7408b4d5cb5cdbfc3d3c31d20>:0 
  at System.Configuration.ClientConfigurationHost.GetStreamName (System.String configPath) [0x0006d] in <5ae095f7408b4d5cb5cdbfc3d3c31d20>:0 
  at System.Configuration.ClientConfigurationHost.get_IsAppConfigHttp () [0x00000] in <5ae095f7408b4d5cb5cdbfc3d3c31d20>:0 
  at System.Configuration.Internal.DelegatingConfigHost.get_IsAppConfigHttp () [0x00006] in <5ae095f7408b4d5cb5cdbfc3d3c31d20>:0 
  at System.Configuration.ClientConfigurationSystem..ctor () [0x00051] in <5ae095f7408b4d5cb5cdbfc3d3c31d20>:0 
  at System.Configuration.ConfigurationManager.EnsureConfigurationSystem () [0x00024] in <5ae095f7408b4d5cb5cdbfc3d3c31d20>:0 
   --- End of inner exception stack trace ---
  at System.Configuration.ConfigurationManager.PrepareConfigSystem () [0x0001a] in <5ae095f7408b4d5cb5cdbfc3d3c31d20>:0 
  at System.Configuration.ConfigurationManager.GetSection (System.String sectionName) [0x0000a] in <5ae095f7408b4d5cb5cdbfc3d3c31d20>:0 
  at System.Configuration.ConfigurationManager.get_AppSettings () [0x00000] in <5ae095f7408b4d5cb5cdbfc3d3c31d20>:0 
  at log4net.Util.SystemInfo.GetAppSetting (System.String key) [0x00000] in <00c34789746b40dda4cd7be2c85ba32f>:0 
log4net:ERROR Exception while reading ConfigurationSettings. Check your .config file is well formed XML.
System.Configuration.ConfigurationErrorsException: Configuration system failed to initialize ---> System.PlatformNotSupportedException: Operation is not supported on this platform.
  at System.Configuration.ClientConfigPaths..ctor (System.String exePath, System.Boolean includeUserConfig) [0x00050] in <5ae095f7408b4d5cb5cdbfc3d3c31d20>:0 
  at System.Configuration.ClientConfigPaths.GetPaths (System.String exePath, System.Boolean includeUserConfig) [0x00018] in <5ae095f7408b4d5cb5cdbfc3d3c31d20>:0 
  at System.Configuration.ClientConfigurationHost.get_ConfigPaths () [0x0000a] in <5ae095f7408b4d5cb5cdbfc3d3c31d20>:0 
  at System.Configuration.ClientConfigurationHost.GetStreamName (System.String configPath) [0x0006d] in <5ae095f7408b4d5cb5cdbfc3d3c31d20>:0 
  at System.Configuration.ClientConfigurationHost.get_IsAppConfigHttp () [0x00000] in <5ae095f7408b4d5cb5cdbfc3d3c31d20>:0 
  at System.Configuration.Internal.DelegatingConfigHost.get_IsAppConfigHttp () [0x00006] in <5ae095f7408b4d5cb5cdbfc3d3c31d20>:0 
  at System.Configuration.ClientConfigurationSystem..ctor () [0x00051] in <5ae095f7408b4d5cb5cdbfc3d3c31d20>:0 
  at System.Configuration.ConfigurationManager.EnsureConfigurationSystem () [0x00024] in <5ae095f7408b4d5cb5cdbfc3d3c31d20>:0 
   --- End of inner exception stack trace ---
  at System.Configuration.ConfigurationManager.PrepareConfigSystem () [0x0001a] in <5ae095f7408b4d5cb5cdbfc3d3c31d20>:0 
  at System.Configuration.ConfigurationManager.GetSection (System.String sectionName) [0x0000a] in <5ae095f7408b4d5cb5cdbfc3d3c31d20>:0 
  at System.Configuration.ConfigurationManager.get_AppSettings () [0x00000] in <5ae095f7408b4d5cb5cdbfc3d3c31d20>:0 
  at log4net.Util.SystemInfo.GetAppSetting (System.String key) [0x00000] in <00c34789746b40dda4cd7be2c85ba32f>:0 
log4net:ERROR Exception while reading ConfigurationSettings. Check your .config file is well formed XML.
System.Configuration.ConfigurationErrorsException: Configuration system failed to initialize ---> System.PlatformNotSupportedException: Operation is not supported on this platform.
  at System.Configuration.ClientConfigPaths..ctor (System.String exePath, System.Boolean includeUserConfig) [0x00050] in <5ae095f7408b4d5cb5cdbfc3d3c31d20>:0 
  at System.Configuration.ClientConfigPaths.GetPaths (System.String exePath, System.Boolean includeUserConfig) [0x00018] in <5ae095f7408b4d5cb5cdbfc3d3c31d20>:0 
  at System.Configuration.ClientConfigurationHost.get_ConfigPaths () [0x0000a] in <5ae095f7408b4d5cb5cdbfc3d3c31d20>:0 
  at System.Configuration.ClientConfigurationHost.GetStreamName (System.String configPath) [0x0006d] in <5ae095f7408b4d5cb5cdbfc3d3c31d20>:0 
  at System.Configuration.ClientConfigurationHost.get_IsAppConfigHttp () [0x00000] in <5ae095f7408b4d5cb5cdbfc3d3c31d20>:0 
  at System.Configuration.Internal.DelegatingConfigHost.get_IsAppConfigHttp () [0x00006] in <5ae095f7408b4d5cb5cdbfc3d3c31d20>:0 
  at System.Configuration.ClientConfigurationSystem..ctor () [0x00051] in <5ae095f7408b4d5cb5cdbfc3d3c31d20>:0 
  at System.Configuration.ConfigurationManager.EnsureConfigurationSystem () [0x00024] in <5ae095f7408b4d5cb5cdbfc3d3c31d20>:0 
   --- End of inner exception stack trace ---
  at System.Configuration.ConfigurationManager.PrepareConfigSystem () [0x0001a] in <5ae095f7408b4d5cb5cdbfc3d3c31d20>:0 
  at System.Configuration.ConfigurationManager.GetSection (System.String sectionName) [0x0000a] in <5ae095f7408b4d5cb5cdbfc3d3c31d20>:0 
  at System.Configuration.ConfigurationManager.get_AppSettings () [0x00000] in <5ae095f7408b4d5cb5cdbfc3d3c31d20>:0 
  at log4net.Util.SystemInfo.GetAppSetting (System.String key) [0x00000] in <00c34789746b40dda4cd7be2c85ba32f>:0 
log4net:ERROR Exception while reading ConfigurationSettings. Check your .config file is well formed XML.
System.Configuration.ConfigurationErrorsException: Configuration system failed to initialize ---> System.PlatformNotSupportedException: Operation is not supported on this platform.
  at System.Configuration.ClientConfigPaths..ctor (System.String exePath, System.Boolean includeUserConfig) [0x00050] in <5ae095f7408b4d5cb5cdbfc3d3c31d20>:0 
  at System.Configuration.ClientConfigPaths.GetPaths (System.String exePath, System.Boolean includeUserConfig) [0x00018] in <5ae095f7408b4d5cb5cdbfc3d3c31d20>:0 
  at System.Configuration.ClientConfigurationHost.get_ConfigPaths () [0x0000a] in <5ae095f7408b4d5cb5cdbfc3d3c31d20>:0 
  at System.Configuration.ClientConfigurationHost.GetStreamName (System.String configPath) [0x0006d] in <5ae095f7408b4d5cb5cdbfc3d3c31d20>:0 
  at System.Configuration.ClientConfigurationHost.get_IsAppConfigHttp () [0x00000] in <5ae095f7408b4d5cb5cdbfc3d3c31d20>:0 
  at System.Configuration.Internal.DelegatingConfigHost.get_IsAppConfigHttp () [0x00006] in <5ae095f7408b4d5cb5cdbfc3d3c31d20>:0 
  at System.Configuration.ClientConfigurationSystem..ctor () [0x00051] in <5ae095f7408b4d5cb5cdbfc3d3c31d20>:0 
  at System.Configuration.ConfigurationManager.EnsureConfigurationSystem () [0x00024] in <5ae095f7408b4d5cb5cdbfc3d3c31d20>:0 
   --- End of inner exception stack trace ---
  at System.Configuration.ConfigurationManager.PrepareConfigSystem () [0x0001a] in <5ae095f7408b4d5cb5cdbfc3d3c31d20>:0 
  at System.Configuration.ConfigurationManager.GetSection (System.String sectionName) [0x0000a] in <5ae095f7408b4d5cb5cdbfc3d3c31d20>:0 
  at System.Configuration.ConfigurationManager.get_AppSettings () [0x00000] in <5ae095f7408b4d5cb5cdbfc3d3c31d20>:0 
  at log4net.Util.SystemInfo.GetAppSetting (System.String key) [0x00000] in <00c34789746b40dda4cd7be2c85ba32f>:0 
Mono: successfully reloaded assembly
- Finished resetting the current domain, in  0.487 seconds
Domain Reload Profiling: 1013ms
	BeginReloadAssembly (142ms)
		ExecutionOrderSort (0ms)
		DisableScriptedObjects (8ms)
		BackupInstance (0ms)
		ReleaseScriptingObjects (0ms)
		CreateAndSetChildDomain (43ms)
	RebuildCommonClasses (23ms)
	RebuildNativeTypeToScriptingClass (9ms)
	initialDomainReloadingComplete (18ms)
	LoadAllAssembliesAndSetupDomain (333ms)
		LoadAssemblies (231ms)
		RebuildTransferFunctionScriptingTraits (0ms)
		AnalyzeDomain (159ms)
			TypeCache.Refresh (8ms)
				TypeCache.ScanAssembly (1ms)
			BuildScriptInfoCaches (141ms)
			ResolveRequiredComponents (8ms)
	FinalizeReload (488ms)
		ReleaseScriptCaches (0ms)
		RebuildScriptCaches (0ms)
		SetupLoadedEditorAssemblies (369ms)
			LogAssemblyErrors (0ms)
			InitializePlatformSupportModulesInManaged (11ms)
			SetLoadedEditorAssemblies (2ms)
			BeforeProcessingInitializeOnLoad (71ms)
			ProcessInitializeOnLoadAttributes (244ms)
			ProcessInitializeOnLoadMethodAttributes (34ms)
			AfterProcessingInitializeOnLoad (6ms)
			EditorAssembliesLoaded (0ms)
		ExecutionOrderSort2 (0ms)
		AwakeInstancesAfterBackupRestoration (8ms)
Refreshing native plugins compatible for Editor in 1.23 ms, found 4 plugins.
Preloading 0 native plugins for Editor in 0.00 ms.
Unloading 13 Unused Serialized files (Serialized files now loaded: 0)
Unloading 6627 unused Assets / (3.8 MB). Loaded Objects now: 7316.
Memory consumption went from 151.4 MB to 147.6 MB.
Total: 5.706600 ms (FindLiveObjects: 0.657000 ms CreateObjectMapping: 0.213200 ms MarkObjects: 3.463000 ms  DeleteObjects: 1.372800 ms)

Prepare: number of updated asset objects reloaded= 0
========================================================================
Received Prepare
Begin MonoManager ReloadAssembly
Duplicate assembly 'log4net.dll' with different versions detected, using 'Assets/Packages/log4net.3.0.4/lib/netstandard2.0/log4net.dll, AssemblyName=log4net, Version=3.0.4.0, Culture=neutral, PublicKeyToken=669e0ddf0bb1aa2a' and ignoring 'Packages/com.unity.collab-proxy/Lib/Editor/log4netPlastic.dll, AssemblyName=log4net, Version=1.2.15.0, Culture=neutral, PublicKeyToken=669e0ddf0bb1aa2a'.- Loaded All Assemblies, in  0.518 seconds
Refreshing native plugins compatible for Editor in 1.06 ms, found 4 plugins.
Native extension for iOS target not found
Native extension for Android target not found
Native extension for UWP target not found
Native extension for WindowsStandalone target not found
log4net:ERROR Exception while reading ConfigurationSettings. Check your .config file is well formed XML.
System.Configuration.ConfigurationErrorsException: Configuration system failed to initialize ---> System.PlatformNotSupportedException: Operation is not supported on this platform.
  at System.Configuration.ClientConfigPaths..ctor (System.String exePath, System.Boolean includeUserConfig) [0x00050] in <5ae095f7408b4d5cb5cdbfc3d3c31d20>:0 
  at System.Configuration.ClientConfigPaths.GetPaths (System.String exePath, System.Boolean includeUserConfig) [0x00018] in <5ae095f7408b4d5cb5cdbfc3d3c31d20>:0 
  at System.Configuration.ClientConfigurationHost.get_ConfigPaths () [0x0000a] in <5ae095f7408b4d5cb5cdbfc3d3c31d20>:0 
  at System.Configuration.ClientConfigurationHost.GetStreamName (System.String configPath) [0x0006d] in <5ae095f7408b4d5cb5cdbfc3d3c31d20>:0 
  at System.Configuration.ClientConfigurationHost.get_IsAppConfigHttp () [0x00000] in <5ae095f7408b4d5cb5cdbfc3d3c31d20>:0 
  at System.Configuration.Internal.DelegatingConfigHost.get_IsAppConfigHttp () [0x00006] in <5ae095f7408b4d5cb5cdbfc3d3c31d20>:0 
  at System.Configuration.ClientConfigurationSystem..ctor () [0x00051] in <5ae095f7408b4d5cb5cdbfc3d3c31d20>:0 
  at System.Configuration.ConfigurationManager.EnsureConfigurationSystem () [0x00024] in <5ae095f7408b4d5cb5cdbfc3d3c31d20>:0 
   --- End of inner exception stack trace ---
  at System.Configuration.ConfigurationManager.EnsureConfigurationSystem () [0x00060] in <5ae095f7408b4d5cb5cdbfc3d3c31d20>:0 
  at System.Configuration.ConfigurationManager.PrepareConfigSystem () [0x0000a] in <5ae095f7408b4d5cb5cdbfc3d3c31d20>:0 
  at System.Configuration.ConfigurationManager.GetSection (System.String sectionName) [0x0000a] in <5ae095f7408b4d5cb5cdbfc3d3c31d20>:0 
  at System.Configuration.ConfigurationManager.get_AppSettings () [0x00000] in <5ae095f7408b4d5cb5cdbfc3d3c31d20>:0 
  at log4net.Util.SystemInfo.GetAppSetting (System.String key) [0x00000] in <00c34789746b40dda4cd7be2c85ba32f>:0 
log4net:ERROR Exception while reading ConfigurationSettings. Check your .config file is well formed XML.
System.Configuration.ConfigurationErrorsException: Configuration system failed to initialize ---> System.PlatformNotSupportedException: Operation is not supported on this platform.
  at System.Configuration.ClientConfigPaths..ctor (System.String exePath, System.Boolean includeUserConfig) [0x00050] in <5ae095f7408b4d5cb5cdbfc3d3c31d20>:0 
  at System.Configuration.ClientConfigPaths.GetPaths (System.String exePath, System.Boolean includeUserConfig) [0x00018] in <5ae095f7408b4d5cb5cdbfc3d3c31d20>:0 
  at System.Configuration.ClientConfigurationHost.get_ConfigPaths () [0x0000a] in <5ae095f7408b4d5cb5cdbfc3d3c31d20>:0 
  at System.Configuration.ClientConfigurationHost.GetStreamName (System.String configPath) [0x0006d] in <5ae095f7408b4d5cb5cdbfc3d3c31d20>:0 
  at System.Configuration.ClientConfigurationHost.get_IsAppConfigHttp () [0x00000] in <5ae095f7408b4d5cb5cdbfc3d3c31d20>:0 
  at System.Configuration.Internal.DelegatingConfigHost.get_IsAppConfigHttp () [0x00006] in <5ae095f7408b4d5cb5cdbfc3d3c31d20>:0 
  at System.Configuration.ClientConfigurationSystem..ctor () [0x00051] in <5ae095f7408b4d5cb5cdbfc3d3c31d20>:0 
  at System.Configuration.ConfigurationManager.EnsureConfigurationSystem () [0x00024] in <5ae095f7408b4d5cb5cdbfc3d3c31d20>:0 
   --- End of inner exception stack trace ---
  at System.Configuration.ConfigurationManager.PrepareConfigSystem () [0x0001a] in <5ae095f7408b4d5cb5cdbfc3d3c31d20>:0 
  at System.Configuration.ConfigurationManager.GetSection (System.String sectionName) [0x0000a] in <5ae095f7408b4d5cb5cdbfc3d3c31d20>:0 
  at System.Configuration.ConfigurationManager.get_AppSettings () [0x00000] in <5ae095f7408b4d5cb5cdbfc3d3c31d20>:0 
  at log4net.Util.SystemInfo.GetAppSetting (System.String key) [0x00000] in <00c34789746b40dda4cd7be2c85ba32f>:0 
log4net:ERROR Exception while reading ConfigurationSettings. Check your .config file is well formed XML.
System.Configuration.ConfigurationErrorsException: Configuration system failed to initialize ---> System.PlatformNotSupportedException: Operation is not supported on this platform.
  at System.Configuration.ClientConfigPaths..ctor (System.String exePath, System.Boolean includeUserConfig) [0x00050] in <5ae095f7408b4d5cb5cdbfc3d3c31d20>:0 
  at System.Configuration.ClientConfigPaths.GetPaths (System.String exePath, System.Boolean includeUserConfig) [0x00018] in <5ae095f7408b4d5cb5cdbfc3d3c31d20>:0 
  at System.Configuration.ClientConfigurationHost.get_ConfigPaths () [0x0000a] in <5ae095f7408b4d5cb5cdbfc3d3c31d20>:0 
  at System.Configuration.ClientConfigurationHost.GetStreamName (System.String configPath) [0x0006d] in <5ae095f7408b4d5cb5cdbfc3d3c31d20>:0 
  at System.Configuration.ClientConfigurationHost.get_IsAppConfigHttp () [0x00000] in <5ae095f7408b4d5cb5cdbfc3d3c31d20>:0 
  at System.Configuration.Internal.DelegatingConfigHost.get_IsAppConfigHttp () [0x00006] in <5ae095f7408b4d5cb5cdbfc3d3c31d20>:0 
  at System.Configuration.ClientConfigurationSystem..ctor () [0x00051] in <5ae095f7408b4d5cb5cdbfc3d3c31d20>:0 
  at System.Configuration.ConfigurationManager.EnsureConfigurationSystem () [0x00024] in <5ae095f7408b4d5cb5cdbfc3d3c31d20>:0 
   --- End of inner exception stack trace ---
  at System.Configuration.ConfigurationManager.PrepareConfigSystem () [0x0001a] in <5ae095f7408b4d5cb5cdbfc3d3c31d20>:0 
  at System.Configuration.ConfigurationManager.GetSection (System.String sectionName) [0x0000a] in <5ae095f7408b4d5cb5cdbfc3d3c31d20>:0 
  at System.Configuration.ConfigurationManager.get_AppSettings () [0x00000] in <5ae095f7408b4d5cb5cdbfc3d3c31d20>:0 
  at log4net.Util.SystemInfo.GetAppSetting (System.String key) [0x00000] in <00c34789746b40dda4cd7be2c85ba32f>:0 
log4net:ERROR Exception while reading ConfigurationSettings. Check your .config file is well formed XML.
System.Configuration.ConfigurationErrorsException: Configuration system failed to initialize ---> System.PlatformNotSupportedException: Operation is not supported on this platform.
  at System.Configuration.ClientConfigPaths..ctor (System.String exePath, System.Boolean includeUserConfig) [0x00050] in <5ae095f7408b4d5cb5cdbfc3d3c31d20>:0 
  at System.Configuration.ClientConfigPaths.GetPaths (System.String exePath, System.Boolean includeUserConfig) [0x00018] in <5ae095f7408b4d5cb5cdbfc3d3c31d20>:0 
  at System.Configuration.ClientConfigurationHost.get_ConfigPaths () [0x0000a] in <5ae095f7408b4d5cb5cdbfc3d3c31d20>:0 
  at System.Configuration.ClientConfigurationHost.GetStreamName (System.String configPath) [0x0006d] in <5ae095f7408b4d5cb5cdbfc3d3c31d20>:0 
  at System.Configuration.ClientConfigurationHost.get_IsAppConfigHttp () [0x00000] in <5ae095f7408b4d5cb5cdbfc3d3c31d20>:0 
  at System.Configuration.Internal.DelegatingConfigHost.get_IsAppConfigHttp () [0x00006] in <5ae095f7408b4d5cb5cdbfc3d3c31d20>:0 
  at System.Configuration.ClientConfigurationSystem..ctor () [0x00051] in <5ae095f7408b4d5cb5cdbfc3d3c31d20>:0 
  at System.Configuration.ConfigurationManager.EnsureConfigurationSystem () [0x00024] in <5ae095f7408b4d5cb5cdbfc3d3c31d20>:0 
   --- End of inner exception stack trace ---
  at System.Configuration.ConfigurationManager.PrepareConfigSystem () [0x0001a] in <5ae095f7408b4d5cb5cdbfc3d3c31d20>:0 
  at System.Configuration.ConfigurationManager.GetSection (System.String sectionName) [0x0000a] in <5ae095f7408b4d5cb5cdbfc3d3c31d20>:0 
  at System.Configuration.ConfigurationManager.get_AppSettings () [0x00000] in <5ae095f7408b4d5cb5cdbfc3d3c31d20>:0 
  at log4net.Util.SystemInfo.GetAppSetting (System.String key) [0x00000] in <00c34789746b40dda4cd7be2c85ba32f>:0 
log4net:ERROR Exception while reading ConfigurationSettings. Check your .config file is well formed XML.
System.Configuration.ConfigurationErrorsException: Configuration system failed to initialize ---> System.PlatformNotSupportedException: Operation is not supported on this platform.
  at System.Configuration.ClientConfigPaths..ctor (System.String exePath, System.Boolean includeUserConfig) [0x00050] in <5ae095f7408b4d5cb5cdbfc3d3c31d20>:0 
  at System.Configuration.ClientConfigPaths.GetPaths (System.String exePath, System.Boolean includeUserConfig) [0x00018] in <5ae095f7408b4d5cb5cdbfc3d3c31d20>:0 
  at System.Configuration.ClientConfigurationHost.get_ConfigPaths () [0x0000a] in <5ae095f7408b4d5cb5cdbfc3d3c31d20>:0 
  at System.Configuration.ClientConfigurationHost.GetStreamName (System.String configPath) [0x0006d] in <5ae095f7408b4d5cb5cdbfc3d3c31d20>:0 
  at System.Configuration.ClientConfigurationHost.get_IsAppConfigHttp () [0x00000] in <5ae095f7408b4d5cb5cdbfc3d3c31d20>:0 
  at System.Configuration.Internal.DelegatingConfigHost.get_IsAppConfigHttp () [0x00006] in <5ae095f7408b4d5cb5cdbfc3d3c31d20>:0 
  at System.Configuration.ClientConfigurationSystem..ctor () [0x00051] in <5ae095f7408b4d5cb5cdbfc3d3c31d20>:0 
  at System.Configuration.ConfigurationManager.EnsureConfigurationSystem () [0x00024] in <5ae095f7408b4d5cb5cdbfc3d3c31d20>:0 
   --- End of inner exception stack trace ---
  at System.Configuration.ConfigurationManager.PrepareConfigSystem () [0x0001a] in <5ae095f7408b4d5cb5cdbfc3d3c31d20>:0 
  at System.Configuration.ConfigurationManager.GetSection (System.String sectionName) [0x0000a] in <5ae095f7408b4d5cb5cdbfc3d3c31d20>:0 
  at System.Configuration.ConfigurationManager.get_AppSettings () [0x00000] in <5ae095f7408b4d5cb5cdbfc3d3c31d20>:0 
  at log4net.Util.SystemInfo.GetAppSetting (System.String key) [0x00000] in <00c34789746b40dda4cd7be2c85ba32f>:0 
log4net:ERROR Exception while reading ConfigurationSettings. Check your .config file is well formed XML.
System.Configuration.ConfigurationErrorsException: Configuration system failed to initialize ---> System.PlatformNotSupportedException: Operation is not supported on this platform.
  at System.Configuration.ClientConfigPaths..ctor (System.String exePath, System.Boolean includeUserConfig) [0x00050] in <5ae095f7408b4d5cb5cdbfc3d3c31d20>:0 
  at System.Configuration.ClientConfigPaths.GetPaths (System.String exePath, System.Boolean includeUserConfig) [0x00018] in <5ae095f7408b4d5cb5cdbfc3d3c31d20>:0 
  at System.Configuration.ClientConfigurationHost.get_ConfigPaths () [0x0000a] in <5ae095f7408b4d5cb5cdbfc3d3c31d20>:0 
  at System.Configuration.ClientConfigurationHost.GetStreamName (System.String configPath) [0x0006d] in <5ae095f7408b4d5cb5cdbfc3d3c31d20>:0 
  at System.Configuration.ClientConfigurationHost.get_IsAppConfigHttp () [0x00000] in <5ae095f7408b4d5cb5cdbfc3d3c31d20>:0 
  at System.Configuration.Internal.DelegatingConfigHost.get_IsAppConfigHttp () [0x00006] in <5ae095f7408b4d5cb5cdbfc3d3c31d20>:0 
  at System.Configuration.ClientConfigurationSystem..ctor () [0x00051] in <5ae095f7408b4d5cb5cdbfc3d3c31d20>:0 
  at System.Configuration.ConfigurationManager.EnsureConfigurationSystem () [0x00024] in <5ae095f7408b4d5cb5cdbfc3d3c31d20>:0 
   --- End of inner exception stack trace ---
  at System.Configuration.ConfigurationManager.PrepareConfigSystem () [0x0001a] in <5ae095f7408b4d5cb5cdbfc3d3c31d20>:0 
  at System.Configuration.ConfigurationManager.GetSection (System.String sectionName) [0x0000a] in <5ae095f7408b4d5cb5cdbfc3d3c31d20>:0 
  at System.Configuration.ConfigurationManager.get_AppSettings () [0x00000] in <5ae095f7408b4d5cb5cdbfc3d3c31d20>:0 
  at log4net.Util.SystemInfo.GetAppSetting (System.String key) [0x00000] in <00c34789746b40dda4cd7be2c85ba32f>:0 
log4net:ERROR Exception while reading ConfigurationSettings. Check your .config file is well formed XML.
System.Configuration.ConfigurationErrorsException: Configuration system failed to initialize ---> System.PlatformNotSupportedException: Operation is not supported on this platform.
  at System.Configuration.ClientConfigPaths..ctor (System.String exePath, System.Boolean includeUserConfig) [0x00050] in <5ae095f7408b4d5cb5cdbfc3d3c31d20>:0 
  at System.Configuration.ClientConfigPaths.GetPaths (System.String exePath, System.Boolean includeUserConfig) [0x00018] in <5ae095f7408b4d5cb5cdbfc3d3c31d20>:0 
  at System.Configuration.ClientConfigurationHost.get_ConfigPaths () [0x0000a] in <5ae095f7408b4d5cb5cdbfc3d3c31d20>:0 
  at System.Configuration.ClientConfigurationHost.GetStreamName (System.String configPath) [0x0006d] in <5ae095f7408b4d5cb5cdbfc3d3c31d20>:0 
  at System.Configuration.ClientConfigurationHost.get_IsAppConfigHttp () [0x00000] in <5ae095f7408b4d5cb5cdbfc3d3c31d20>:0 
  at System.Configuration.Internal.DelegatingConfigHost.get_IsAppConfigHttp () [0x00006] in <5ae095f7408b4d5cb5cdbfc3d3c31d20>:0 
  at System.Configuration.ClientConfigurationSystem..ctor () [0x00051] in <5ae095f7408b4d5cb5cdbfc3d3c31d20>:0 
  at System.Configuration.ConfigurationManager.EnsureConfigurationSystem () [0x00024] in <5ae095f7408b4d5cb5cdbfc3d3c31d20>:0 
   --- End of inner exception stack trace ---
  at System.Configuration.ConfigurationManager.PrepareConfigSystem () [0x0001a] in <5ae095f7408b4d5cb5cdbfc3d3c31d20>:0 
  at System.Configuration.ConfigurationManager.GetSection (System.String sectionName) [0x0000a] in <5ae095f7408b4d5cb5cdbfc3d3c31d20>:0 
  at System.Configuration.ConfigurationManager.get_AppSettings () [0x00000] in <5ae095f7408b4d5cb5cdbfc3d3c31d20>:0 
  at log4net.Util.SystemInfo.GetAppSetting (System.String key) [0x00000] in <00c34789746b40dda4cd7be2c85ba32f>:0 
Mono: successfully reloaded assembly
- Finished resetting the current domain, in  0.475 seconds
Domain Reload Profiling: 993ms
	BeginReloadAssembly (138ms)
		ExecutionOrderSort (0ms)
		DisableScriptedObjects (8ms)
		BackupInstance (0ms)
		ReleaseScriptingObjects (0ms)
		CreateAndSetChildDomain (43ms)
	RebuildCommonClasses (32ms)
	RebuildNativeTypeToScriptingClass (8ms)
	initialDomainReloadingComplete (18ms)
	LoadAllAssembliesAndSetupDomain (322ms)
		LoadAssemblies (228ms)
		RebuildTransferFunctionScriptingTraits (0ms)
		AnalyzeDomain (148ms)
			TypeCache.Refresh (4ms)
				TypeCache.ScanAssembly (0ms)
			BuildScriptInfoCaches (135ms)
			ResolveRequiredComponents (6ms)
	FinalizeReload (475ms)
		ReleaseScriptCaches (0ms)
		RebuildScriptCaches (0ms)
		SetupLoadedEditorAssemblies (354ms)
			LogAssemblyErrors (0ms)
			InitializePlatformSupportModulesInManaged (9ms)
			SetLoadedEditorAssemblies (2ms)
			BeforeProcessingInitializeOnLoad (70ms)
			ProcessInitializeOnLoadAttributes (237ms)
			ProcessInitializeOnLoadMethodAttributes (33ms)
			AfterProcessingInitializeOnLoad (3ms)
			EditorAssembliesLoaded (0ms)
		ExecutionOrderSort2 (0ms)
		AwakeInstancesAfterBackupRestoration (8ms)
Refreshing native plugins compatible for Editor in 1.24 ms, found 4 plugins.
Preloading 0 native plugins for Editor in 0.00 ms.
Unloading 13 Unused Serialized files (Serialized files now loaded: 0)
Unloading 6627 unused Assets / (4.2 MB). Loaded Objects now: 7318.
Memory consumption went from 151.4 MB to 147.2 MB.
Total: 6.046400 ms (FindLiveObjects: 0.644100 ms CreateObjectMapping: 0.224600 ms MarkObjects: 3.324900 ms  DeleteObjects: 1.852500 ms)

Prepare: number of updated asset objects reloaded= 0
========================================================================
Received Prepare
Refreshing native plugins compatible for Editor in 1.58 ms, found 4 plugins.
Preloading 0 native plugins for Editor in 0.00 ms.
Unloading 13 Unused Serialized files (Serialized files now loaded: 0)
Unloading 6613 unused Assets / (3.9 MB). Loaded Objects now: 7318.
Memory consumption went from 151.5 MB to 147.7 MB.
Total: 6.320800 ms (FindLiveObjects: 0.670900 ms CreateObjectMapping: 0.211700 ms MarkObjects: 3.713800 ms  DeleteObjects: 1.723700 ms)

Prepare: number of updated asset objects reloaded= 0
========================================================================
Received Prepare
Begin MonoManager ReloadAssembly
Duplicate assembly 'log4net.dll' with different versions detected, using 'Assets/Packages/log4net.3.0.4/lib/netstandard2.0/log4net.dll, AssemblyName=log4net, Version=3.0.4.0, Culture=neutral, PublicKeyToken=669e0ddf0bb1aa2a' and ignoring 'Packages/com.unity.collab-proxy/Lib/Editor/log4netPlastic.dll, AssemblyName=log4net, Version=1.2.15.0, Culture=neutral, PublicKeyToken=669e0ddf0bb1aa2a'.- Loaded All Assemblies, in  0.590 seconds
Refreshing native plugins compatible for Editor in 1.11 ms, found 4 plugins.
Native extension for iOS target not found
Native extension for Android target not found
Native extension for UWP target not found
Native extension for WindowsStandalone target not found
log4net:ERROR Exception while reading ConfigurationSettings. Check your .config file is well formed XML.
System.Configuration.ConfigurationErrorsException: Configuration system failed to initialize ---> System.PlatformNotSupportedException: Operation is not supported on this platform.
  at System.Configuration.ClientConfigPaths..ctor (System.String exePath, System.Boolean includeUserConfig) [0x00050] in <5ae095f7408b4d5cb5cdbfc3d3c31d20>:0 
  at System.Configuration.ClientConfigPaths.GetPaths (System.String exePath, System.Boolean includeUserConfig) [0x00018] in <5ae095f7408b4d5cb5cdbfc3d3c31d20>:0 
  at System.Configuration.ClientConfigurationHost.get_ConfigPaths () [0x0000a] in <5ae095f7408b4d5cb5cdbfc3d3c31d20>:0 
  at System.Configuration.ClientConfigurationHost.GetStreamName (System.String configPath) [0x0006d] in <5ae095f7408b4d5cb5cdbfc3d3c31d20>:0 
  at System.Configuration.ClientConfigurationHost.get_IsAppConfigHttp () [0x00000] in <5ae095f7408b4d5cb5cdbfc3d3c31d20>:0 
  at System.Configuration.Internal.DelegatingConfigHost.get_IsAppConfigHttp () [0x00006] in <5ae095f7408b4d5cb5cdbfc3d3c31d20>:0 
  at System.Configuration.ClientConfigurationSystem..ctor () [0x00051] in <5ae095f7408b4d5cb5cdbfc3d3c31d20>:0 
  at System.Configuration.ConfigurationManager.EnsureConfigurationSystem () [0x00024] in <5ae095f7408b4d5cb5cdbfc3d3c31d20>:0 
   --- End of inner exception stack trace ---
  at System.Configuration.ConfigurationManager.EnsureConfigurationSystem () [0x00060] in <5ae095f7408b4d5cb5cdbfc3d3c31d20>:0 
  at System.Configuration.ConfigurationManager.PrepareConfigSystem () [0x0000a] in <5ae095f7408b4d5cb5cdbfc3d3c31d20>:0 
  at System.Configuration.ConfigurationManager.GetSection (System.String sectionName) [0x0000a] in <5ae095f7408b4d5cb5cdbfc3d3c31d20>:0 
  at System.Configuration.ConfigurationManager.get_AppSettings () [0x00000] in <5ae095f7408b4d5cb5cdbfc3d3c31d20>:0 
  at log4net.Util.SystemInfo.GetAppSetting (System.String key) [0x00000] in <00c34789746b40dda4cd7be2c85ba32f>:0 
log4net:ERROR Exception while reading ConfigurationSettings. Check your .config file is well formed XML.
System.Configuration.ConfigurationErrorsException: Configuration system failed to initialize ---> System.PlatformNotSupportedException: Operation is not supported on this platform.
  at System.Configuration.ClientConfigPaths..ctor (System.String exePath, System.Boolean includeUserConfig) [0x00050] in <5ae095f7408b4d5cb5cdbfc3d3c31d20>:0 
  at System.Configuration.ClientConfigPaths.GetPaths (System.String exePath, System.Boolean includeUserConfig) [0x00018] in <5ae095f7408b4d5cb5cdbfc3d3c31d20>:0 
  at System.Configuration.ClientConfigurationHost.get_ConfigPaths () [0x0000a] in <5ae095f7408b4d5cb5cdbfc3d3c31d20>:0 
  at System.Configuration.ClientConfigurationHost.GetStreamName (System.String configPath) [0x0006d] in <5ae095f7408b4d5cb5cdbfc3d3c31d20>:0 
  at System.Configuration.ClientConfigurationHost.get_IsAppConfigHttp () [0x00000] in <5ae095f7408b4d5cb5cdbfc3d3c31d20>:0 
  at System.Configuration.Internal.DelegatingConfigHost.get_IsAppConfigHttp () [0x00006] in <5ae095f7408b4d5cb5cdbfc3d3c31d20>:0 
  at System.Configuration.ClientConfigurationSystem..ctor () [0x00051] in <5ae095f7408b4d5cb5cdbfc3d3c31d20>:0 
  at System.Configuration.ConfigurationManager.EnsureConfigurationSystem () [0x00024] in <5ae095f7408b4d5cb5cdbfc3d3c31d20>:0 
   --- End of inner exception stack trace ---
  at System.Configuration.ConfigurationManager.PrepareConfigSystem () [0x0001a] in <5ae095f7408b4d5cb5cdbfc3d3c31d20>:0 
  at System.Configuration.ConfigurationManager.GetSection (System.String sectionName) [0x0000a] in <5ae095f7408b4d5cb5cdbfc3d3c31d20>:0 
  at System.Configuration.ConfigurationManager.get_AppSettings () [0x00000] in <5ae095f7408b4d5cb5cdbfc3d3c31d20>:0 
  at log4net.Util.SystemInfo.GetAppSetting (System.String key) [0x00000] in <00c34789746b40dda4cd7be2c85ba32f>:0 
log4net:ERROR Exception while reading ConfigurationSettings. Check your .config file is well formed XML.
System.Configuration.ConfigurationErrorsException: Configuration system failed to initialize ---> System.PlatformNotSupportedException: Operation is not supported on this platform.
  at System.Configuration.ClientConfigPaths..ctor (System.String exePath, System.Boolean includeUserConfig) [0x00050] in <5ae095f7408b4d5cb5cdbfc3d3c31d20>:0 
  at System.Configuration.ClientConfigPaths.GetPaths (System.String exePath, System.Boolean includeUserConfig) [0x00018] in <5ae095f7408b4d5cb5cdbfc3d3c31d20>:0 
  at System.Configuration.ClientConfigurationHost.get_ConfigPaths () [0x0000a] in <5ae095f7408b4d5cb5cdbfc3d3c31d20>:0 
  at System.Configuration.ClientConfigurationHost.GetStreamName (System.String configPath) [0x0006d] in <5ae095f7408b4d5cb5cdbfc3d3c31d20>:0 
  at System.Configuration.ClientConfigurationHost.get_IsAppConfigHttp () [0x00000] in <5ae095f7408b4d5cb5cdbfc3d3c31d20>:0 
  at System.Configuration.Internal.DelegatingConfigHost.get_IsAppConfigHttp () [0x00006] in <5ae095f7408b4d5cb5cdbfc3d3c31d20>:0 
  at System.Configuration.ClientConfigurationSystem..ctor () [0x00051] in <5ae095f7408b4d5cb5cdbfc3d3c31d20>:0 
  at System.Configuration.ConfigurationManager.EnsureConfigurationSystem () [0x00024] in <5ae095f7408b4d5cb5cdbfc3d3c31d20>:0 
   --- End of inner exception stack trace ---
  at System.Configuration.ConfigurationManager.PrepareConfigSystem () [0x0001a] in <5ae095f7408b4d5cb5cdbfc3d3c31d20>:0 
  at System.Configuration.ConfigurationManager.GetSection (System.String sectionName) [0x0000a] in <5ae095f7408b4d5cb5cdbfc3d3c31d20>:0 
  at System.Configuration.ConfigurationManager.get_AppSettings () [0x00000] in <5ae095f7408b4d5cb5cdbfc3d3c31d20>:0 
  at log4net.Util.SystemInfo.GetAppSetting (System.String key) [0x00000] in <00c34789746b40dda4cd7be2c85ba32f>:0 
log4net:ERROR Exception while reading ConfigurationSettings. Check your .config file is well formed XML.
System.Configuration.ConfigurationErrorsException: Configuration system failed to initialize ---> System.PlatformNotSupportedException: Operation is not supported on this platform.
  at System.Configuration.ClientConfigPaths..ctor (System.String exePath, System.Boolean includeUserConfig) [0x00050] in <5ae095f7408b4d5cb5cdbfc3d3c31d20>:0 
  at System.Configuration.ClientConfigPaths.GetPaths (System.String exePath, System.Boolean includeUserConfig) [0x00018] in <5ae095f7408b4d5cb5cdbfc3d3c31d20>:0 
  at System.Configuration.ClientConfigurationHost.get_ConfigPaths () [0x0000a] in <5ae095f7408b4d5cb5cdbfc3d3c31d20>:0 
  at System.Configuration.ClientConfigurationHost.GetStreamName (System.String configPath) [0x0006d] in <5ae095f7408b4d5cb5cdbfc3d3c31d20>:0 
  at System.Configuration.ClientConfigurationHost.get_IsAppConfigHttp () [0x00000] in <5ae095f7408b4d5cb5cdbfc3d3c31d20>:0 
  at System.Configuration.Internal.DelegatingConfigHost.get_IsAppConfigHttp () [0x00006] in <5ae095f7408b4d5cb5cdbfc3d3c31d20>:0 
  at System.Configuration.ClientConfigurationSystem..ctor () [0x00051] in <5ae095f7408b4d5cb5cdbfc3d3c31d20>:0 
  at System.Configuration.ConfigurationManager.EnsureConfigurationSystem () [0x00024] in <5ae095f7408b4d5cb5cdbfc3d3c31d20>:0 
   --- End of inner exception stack trace ---
  at System.Configuration.ConfigurationManager.PrepareConfigSystem () [0x0001a] in <5ae095f7408b4d5cb5cdbfc3d3c31d20>:0 
  at System.Configuration.ConfigurationManager.GetSection (System.String sectionName) [0x0000a] in <5ae095f7408b4d5cb5cdbfc3d3c31d20>:0 
  at System.Configuration.ConfigurationManager.get_AppSettings () [0x00000] in <5ae095f7408b4d5cb5cdbfc3d3c31d20>:0 
  at log4net.Util.SystemInfo.GetAppSetting (System.String key) [0x00000] in <00c34789746b40dda4cd7be2c85ba32f>:0 
log4net:ERROR Exception while reading ConfigurationSettings. Check your .config file is well formed XML.
System.Configuration.ConfigurationErrorsException: Configuration system failed to initialize ---> System.PlatformNotSupportedException: Operation is not supported on this platform.
  at System.Configuration.ClientConfigPaths..ctor (System.String exePath, System.Boolean includeUserConfig) [0x00050] in <5ae095f7408b4d5cb5cdbfc3d3c31d20>:0 
  at System.Configuration.ClientConfigPaths.GetPaths (System.String exePath, System.Boolean includeUserConfig) [0x00018] in <5ae095f7408b4d5cb5cdbfc3d3c31d20>:0 
  at System.Configuration.ClientConfigurationHost.get_ConfigPaths () [0x0000a] in <5ae095f7408b4d5cb5cdbfc3d3c31d20>:0 
  at System.Configuration.ClientConfigurationHost.GetStreamName (System.String configPath) [0x0006d] in <5ae095f7408b4d5cb5cdbfc3d3c31d20>:0 
  at System.Configuration.ClientConfigurationHost.get_IsAppConfigHttp () [0x00000] in <5ae095f7408b4d5cb5cdbfc3d3c31d20>:0 
  at System.Configuration.Internal.DelegatingConfigHost.get_IsAppConfigHttp () [0x00006] in <5ae095f7408b4d5cb5cdbfc3d3c31d20>:0 
  at System.Configuration.ClientConfigurationSystem..ctor () [0x00051] in <5ae095f7408b4d5cb5cdbfc3d3c31d20>:0 
  at System.Configuration.ConfigurationManager.EnsureConfigurationSystem () [0x00024] in <5ae095f7408b4d5cb5cdbfc3d3c31d20>:0 
   --- End of inner exception stack trace ---
  at System.Configuration.ConfigurationManager.PrepareConfigSystem () [0x0001a] in <5ae095f7408b4d5cb5cdbfc3d3c31d20>:0 
  at System.Configuration.ConfigurationManager.GetSection (System.String sectionName) [0x0000a] in <5ae095f7408b4d5cb5cdbfc3d3c31d20>:0 
  at System.Configuration.ConfigurationManager.get_AppSettings () [0x00000] in <5ae095f7408b4d5cb5cdbfc3d3c31d20>:0 
  at log4net.Util.SystemInfo.GetAppSetting (System.String key) [0x00000] in <00c34789746b40dda4cd7be2c85ba32f>:0 
log4net:ERROR Exception while reading ConfigurationSettings. Check your .config file is well formed XML.
System.Configuration.ConfigurationErrorsException: Configuration system failed to initialize ---> System.PlatformNotSupportedException: Operation is not supported on this platform.
  at System.Configuration.ClientConfigPaths..ctor (System.String exePath, System.Boolean includeUserConfig) [0x00050] in <5ae095f7408b4d5cb5cdbfc3d3c31d20>:0 
  at System.Configuration.ClientConfigPaths.GetPaths (System.String exePath, System.Boolean includeUserConfig) [0x00018] in <5ae095f7408b4d5cb5cdbfc3d3c31d20>:0 
  at System.Configuration.ClientConfigurationHost.get_ConfigPaths () [0x0000a] in <5ae095f7408b4d5cb5cdbfc3d3c31d20>:0 
  at System.Configuration.ClientConfigurationHost.GetStreamName (System.String configPath) [0x0006d] in <5ae095f7408b4d5cb5cdbfc3d3c31d20>:0 
  at System.Configuration.ClientConfigurationHost.get_IsAppConfigHttp () [0x00000] in <5ae095f7408b4d5cb5cdbfc3d3c31d20>:0 
  at System.Configuration.Internal.DelegatingConfigHost.get_IsAppConfigHttp () [0x00006] in <5ae095f7408b4d5cb5cdbfc3d3c31d20>:0 
  at System.Configuration.ClientConfigurationSystem..ctor () [0x00051] in <5ae095f7408b4d5cb5cdbfc3d3c31d20>:0 
  at System.Configuration.ConfigurationManager.EnsureConfigurationSystem () [0x00024] in <5ae095f7408b4d5cb5cdbfc3d3c31d20>:0 
   --- End of inner exception stack trace ---
  at System.Configuration.ConfigurationManager.PrepareConfigSystem () [0x0001a] in <5ae095f7408b4d5cb5cdbfc3d3c31d20>:0 
  at System.Configuration.ConfigurationManager.GetSection (System.String sectionName) [0x0000a] in <5ae095f7408b4d5cb5cdbfc3d3c31d20>:0 
  at System.Configuration.ConfigurationManager.get_AppSettings () [0x00000] in <5ae095f7408b4d5cb5cdbfc3d3c31d20>:0 
  at log4net.Util.SystemInfo.GetAppSetting (System.String key) [0x00000] in <00c34789746b40dda4cd7be2c85ba32f>:0 
log4net:ERROR Exception while reading ConfigurationSettings. Check your .config file is well formed XML.
System.Configuration.ConfigurationErrorsException: Configuration system failed to initialize ---> System.PlatformNotSupportedException: Operation is not supported on this platform.
  at System.Configuration.ClientConfigPaths..ctor (System.String exePath, System.Boolean includeUserConfig) [0x00050] in <5ae095f7408b4d5cb5cdbfc3d3c31d20>:0 
  at System.Configuration.ClientConfigPaths.GetPaths (System.String exePath, System.Boolean includeUserConfig) [0x00018] in <5ae095f7408b4d5cb5cdbfc3d3c31d20>:0 
  at System.Configuration.ClientConfigurationHost.get_ConfigPaths () [0x0000a] in <5ae095f7408b4d5cb5cdbfc3d3c31d20>:0 
  at System.Configuration.ClientConfigurationHost.GetStreamName (System.String configPath) [0x0006d] in <5ae095f7408b4d5cb5cdbfc3d3c31d20>:0 
  at System.Configuration.ClientConfigurationHost.get_IsAppConfigHttp () [0x00000] in <5ae095f7408b4d5cb5cdbfc3d3c31d20>:0 
  at System.Configuration.Internal.DelegatingConfigHost.get_IsAppConfigHttp () [0x00006] in <5ae095f7408b4d5cb5cdbfc3d3c31d20>:0 
  at System.Configuration.ClientConfigurationSystem..ctor () [0x00051] in <5ae095f7408b4d5cb5cdbfc3d3c31d20>:0 
  at System.Configuration.ConfigurationManager.EnsureConfigurationSystem () [0x00024] in <5ae095f7408b4d5cb5cdbfc3d3c31d20>:0 
   --- End of inner exception stack trace ---
  at System.Configuration.ConfigurationManager.PrepareConfigSystem () [0x0001a] in <5ae095f7408b4d5cb5cdbfc3d3c31d20>:0 
  at System.Configuration.ConfigurationManager.GetSection (System.String sectionName) [0x0000a] in <5ae095f7408b4d5cb5cdbfc3d3c31d20>:0 
  at System.Configuration.ConfigurationManager.get_AppSettings () [0x00000] in <5ae095f7408b4d5cb5cdbfc3d3c31d20>:0 
  at log4net.Util.SystemInfo.GetAppSetting (System.String key) [0x00000] in <00c34789746b40dda4cd7be2c85ba32f>:0 
Mono: successfully reloaded assembly
- Finished resetting the current domain, in  0.505 seconds
Domain Reload Profiling: 1093ms
	BeginReloadAssembly (170ms)
		ExecutionOrderSort (0ms)
		DisableScriptedObjects (12ms)
		BackupInstance (0ms)
		ReleaseScriptingObjects (0ms)
		CreateAndSetChildDomain (50ms)
	RebuildCommonClasses (35ms)
	RebuildNativeTypeToScriptingClass (12ms)
	initialDomainReloadingComplete (25ms)
	LoadAllAssembliesAndSetupDomain (345ms)
		LoadAssemblies (266ms)
		RebuildTransferFunctionScriptingTraits (0ms)
		AnalyzeDomain (149ms)
			TypeCache.Refresh (7ms)
				TypeCache.ScanAssembly (1ms)
			BuildScriptInfoCaches (134ms)
			ResolveRequiredComponents (6ms)
	FinalizeReload (506ms)
		ReleaseScriptCaches (0ms)
		RebuildScriptCaches (0ms)
		SetupLoadedEditorAssemblies (382ms)
			LogAssemblyErrors (0ms)
			InitializePlatformSupportModulesInManaged (10ms)
			SetLoadedEditorAssemblies (2ms)
			BeforeProcessingInitializeOnLoad (70ms)
			ProcessInitializeOnLoadAttributes (260ms)
			ProcessInitializeOnLoadMethodAttributes (36ms)
			AfterProcessingInitializeOnLoad (3ms)
			EditorAssembliesLoaded (0ms)
		ExecutionOrderSort2 (0ms)
		AwakeInstancesAfterBackupRestoration (8ms)
Refreshing native plugins compatible for Editor in 1.20 ms, found 4 plugins.
Preloading 0 native plugins for Editor in 0.00 ms.
Unloading 13 Unused Serialized files (Serialized files now loaded: 0)
Unloading 6627 unused Assets / (3.9 MB). Loaded Objects now: 7320.
Memory consumption went from 151.4 MB to 147.5 MB.
Total: 6.004900 ms (FindLiveObjects: 0.641300 ms CreateObjectMapping: 0.209200 ms MarkObjects: 3.667300 ms  DeleteObjects: 1.486500 ms)

Prepare: number of updated asset objects reloaded= 0
========================================================================
Received Prepare
Refreshing native plugins compatible for Editor in 1.30 ms, found 4 plugins.
Preloading 0 native plugins for Editor in 0.00 ms.
Unloading 13 Unused Serialized files (Serialized files now loaded: 0)
Unloading 6613 unused Assets / (3.8 MB). Loaded Objects now: 7320.
Memory consumption went from 151.5 MB to 147.7 MB.
Total: 5.966500 ms (FindLiveObjects: 0.649200 ms CreateObjectMapping: 0.212000 ms MarkObjects: 3.643800 ms  DeleteObjects: 1.460700 ms)

Prepare: number of updated asset objects reloaded= 0
========================================================================
Received Prepare
Begin MonoManager ReloadAssembly
Duplicate assembly 'log4net.dll' with different versions detected, using 'Assets/Packages/log4net.3.0.4/lib/netstandard2.0/log4net.dll, AssemblyName=log4net, Version=3.0.4.0, Culture=neutral, PublicKeyToken=669e0ddf0bb1aa2a' and ignoring 'Packages/com.unity.collab-proxy/Lib/Editor/log4netPlastic.dll, AssemblyName=log4net, Version=1.2.15.0, Culture=neutral, PublicKeyToken=669e0ddf0bb1aa2a'.- Loaded All Assemblies, in  0.514 seconds
Refreshing native plugins compatible for Editor in 1.26 ms, found 4 plugins.
Native extension for iOS target not found
Native extension for Android target not found
Native extension for UWP target not found
Native extension for WindowsStandalone target not found
log4net:ERROR Exception while reading ConfigurationSettings. Check your .config file is well formed XML.
System.Configuration.ConfigurationErrorsException: Configuration system failed to initialize ---> System.PlatformNotSupportedException: Operation is not supported on this platform.
  at System.Configuration.ClientConfigPaths..ctor (System.String exePath, System.Boolean includeUserConfig) [0x00050] in <5ae095f7408b4d5cb5cdbfc3d3c31d20>:0 
  at System.Configuration.ClientConfigPaths.GetPaths (System.String exePath, System.Boolean includeUserConfig) [0x00018] in <5ae095f7408b4d5cb5cdbfc3d3c31d20>:0 
  at System.Configuration.ClientConfigurationHost.get_ConfigPaths () [0x0000a] in <5ae095f7408b4d5cb5cdbfc3d3c31d20>:0 
  at System.Configuration.ClientConfigurationHost.GetStreamName (System.String configPath) [0x0006d] in <5ae095f7408b4d5cb5cdbfc3d3c31d20>:0 
  at System.Configuration.ClientConfigurationHost.get_IsAppConfigHttp () [0x00000] in <5ae095f7408b4d5cb5cdbfc3d3c31d20>:0 
  at System.Configuration.Internal.DelegatingConfigHost.get_IsAppConfigHttp () [0x00006] in <5ae095f7408b4d5cb5cdbfc3d3c31d20>:0 
  at System.Configuration.ClientConfigurationSystem..ctor () [0x00051] in <5ae095f7408b4d5cb5cdbfc3d3c31d20>:0 
  at System.Configuration.ConfigurationManager.EnsureConfigurationSystem () [0x00024] in <5ae095f7408b4d5cb5cdbfc3d3c31d20>:0 
   --- End of inner exception stack trace ---
  at System.Configuration.ConfigurationManager.EnsureConfigurationSystem () [0x00060] in <5ae095f7408b4d5cb5cdbfc3d3c31d20>:0 
  at System.Configuration.ConfigurationManager.PrepareConfigSystem () [0x0000a] in <5ae095f7408b4d5cb5cdbfc3d3c31d20>:0 
  at System.Configuration.ConfigurationManager.GetSection (System.String sectionName) [0x0000a] in <5ae095f7408b4d5cb5cdbfc3d3c31d20>:0 
  at System.Configuration.ConfigurationManager.get_AppSettings () [0x00000] in <5ae095f7408b4d5cb5cdbfc3d3c31d20>:0 
  at log4net.Util.SystemInfo.GetAppSetting (System.String key) [0x00000] in <00c34789746b40dda4cd7be2c85ba32f>:0 
log4net:ERROR Exception while reading ConfigurationSettings. Check your .config file is well formed XML.
System.Configuration.ConfigurationErrorsException: Configuration system failed to initialize ---> System.PlatformNotSupportedException: Operation is not supported on this platform.
  at System.Configuration.ClientConfigPaths..ctor (System.String exePath, System.Boolean includeUserConfig) [0x00050] in <5ae095f7408b4d5cb5cdbfc3d3c31d20>:0 
  at System.Configuration.ClientConfigPaths.GetPaths (System.String exePath, System.Boolean includeUserConfig) [0x00018] in <5ae095f7408b4d5cb5cdbfc3d3c31d20>:0 
  at System.Configuration.ClientConfigurationHost.get_ConfigPaths () [0x0000a] in <5ae095f7408b4d5cb5cdbfc3d3c31d20>:0 
  at System.Configuration.ClientConfigurationHost.GetStreamName (System.String configPath) [0x0006d] in <5ae095f7408b4d5cb5cdbfc3d3c31d20>:0 
  at System.Configuration.ClientConfigurationHost.get_IsAppConfigHttp () [0x00000] in <5ae095f7408b4d5cb5cdbfc3d3c31d20>:0 
  at System.Configuration.Internal.DelegatingConfigHost.get_IsAppConfigHttp () [0x00006] in <5ae095f7408b4d5cb5cdbfc3d3c31d20>:0 
  at System.Configuration.ClientConfigurationSystem..ctor () [0x00051] in <5ae095f7408b4d5cb5cdbfc3d3c31d20>:0 
  at System.Configuration.ConfigurationManager.EnsureConfigurationSystem () [0x00024] in <5ae095f7408b4d5cb5cdbfc3d3c31d20>:0 
   --- End of inner exception stack trace ---
  at System.Configuration.ConfigurationManager.PrepareConfigSystem () [0x0001a] in <5ae095f7408b4d5cb5cdbfc3d3c31d20>:0 
  at System.Configuration.ConfigurationManager.GetSection (System.String sectionName) [0x0000a] in <5ae095f7408b4d5cb5cdbfc3d3c31d20>:0 
  at System.Configuration.ConfigurationManager.get_AppSettings () [0x00000] in <5ae095f7408b4d5cb5cdbfc3d3c31d20>:0 
  at log4net.Util.SystemInfo.GetAppSetting (System.String key) [0x00000] in <00c34789746b40dda4cd7be2c85ba32f>:0 
log4net:ERROR Exception while reading ConfigurationSettings. Check your .config file is well formed XML.
System.Configuration.ConfigurationErrorsException: Configuration system failed to initialize ---> System.PlatformNotSupportedException: Operation is not supported on this platform.
  at System.Configuration.ClientConfigPaths..ctor (System.String exePath, System.Boolean includeUserConfig) [0x00050] in <5ae095f7408b4d5cb5cdbfc3d3c31d20>:0 
  at System.Configuration.ClientConfigPaths.GetPaths (System.String exePath, System.Boolean includeUserConfig) [0x00018] in <5ae095f7408b4d5cb5cdbfc3d3c31d20>:0 
  at System.Configuration.ClientConfigurationHost.get_ConfigPaths () [0x0000a] in <5ae095f7408b4d5cb5cdbfc3d3c31d20>:0 
  at System.Configuration.ClientConfigurationHost.GetStreamName (System.String configPath) [0x0006d] in <5ae095f7408b4d5cb5cdbfc3d3c31d20>:0 
  at System.Configuration.ClientConfigurationHost.get_IsAppConfigHttp () [0x00000] in <5ae095f7408b4d5cb5cdbfc3d3c31d20>:0 
  at System.Configuration.Internal.DelegatingConfigHost.get_IsAppConfigHttp () [0x00006] in <5ae095f7408b4d5cb5cdbfc3d3c31d20>:0 
  at System.Configuration.ClientConfigurationSystem..ctor () [0x00051] in <5ae095f7408b4d5cb5cdbfc3d3c31d20>:0 
  at System.Configuration.ConfigurationManager.EnsureConfigurationSystem () [0x00024] in <5ae095f7408b4d5cb5cdbfc3d3c31d20>:0 
   --- End of inner exception stack trace ---
  at System.Configuration.ConfigurationManager.PrepareConfigSystem () [0x0001a] in <5ae095f7408b4d5cb5cdbfc3d3c31d20>:0 
  at System.Configuration.ConfigurationManager.GetSection (System.String sectionName) [0x0000a] in <5ae095f7408b4d5cb5cdbfc3d3c31d20>:0 
  at System.Configuration.ConfigurationManager.get_AppSettings () [0x00000] in <5ae095f7408b4d5cb5cdbfc3d3c31d20>:0 
  at log4net.Util.SystemInfo.GetAppSetting (System.String key) [0x00000] in <00c34789746b40dda4cd7be2c85ba32f>:0 
log4net:ERROR Exception while reading ConfigurationSettings. Check your .config file is well formed XML.
System.Configuration.ConfigurationErrorsException: Configuration system failed to initialize ---> System.PlatformNotSupportedException: Operation is not supported on this platform.
  at System.Configuration.ClientConfigPaths..ctor (System.String exePath, System.Boolean includeUserConfig) [0x00050] in <5ae095f7408b4d5cb5cdbfc3d3c31d20>:0 
  at System.Configuration.ClientConfigPaths.GetPaths (System.String exePath, System.Boolean includeUserConfig) [0x00018] in <5ae095f7408b4d5cb5cdbfc3d3c31d20>:0 
  at System.Configuration.ClientConfigurationHost.get_ConfigPaths () [0x0000a] in <5ae095f7408b4d5cb5cdbfc3d3c31d20>:0 
  at System.Configuration.ClientConfigurationHost.GetStreamName (System.String configPath) [0x0006d] in <5ae095f7408b4d5cb5cdbfc3d3c31d20>:0 
  at System.Configuration.ClientConfigurationHost.get_IsAppConfigHttp () [0x00000] in <5ae095f7408b4d5cb5cdbfc3d3c31d20>:0 
  at System.Configuration.Internal.DelegatingConfigHost.get_IsAppConfigHttp () [0x00006] in <5ae095f7408b4d5cb5cdbfc3d3c31d20>:0 
  at System.Configuration.ClientConfigurationSystem..ctor () [0x00051] in <5ae095f7408b4d5cb5cdbfc3d3c31d20>:0 
  at System.Configuration.ConfigurationManager.EnsureConfigurationSystem () [0x00024] in <5ae095f7408b4d5cb5cdbfc3d3c31d20>:0 
   --- End of inner exception stack trace ---
  at System.Configuration.ConfigurationManager.PrepareConfigSystem () [0x0001a] in <5ae095f7408b4d5cb5cdbfc3d3c31d20>:0 
  at System.Configuration.ConfigurationManager.GetSection (System.String sectionName) [0x0000a] in <5ae095f7408b4d5cb5cdbfc3d3c31d20>:0 
  at System.Configuration.ConfigurationManager.get_AppSettings () [0x00000] in <5ae095f7408b4d5cb5cdbfc3d3c31d20>:0 
  at log4net.Util.SystemInfo.GetAppSetting (System.String key) [0x00000] in <00c34789746b40dda4cd7be2c85ba32f>:0 
log4net:ERROR Exception while reading ConfigurationSettings. Check your .config file is well formed XML.
System.Configuration.ConfigurationErrorsException: Configuration system failed to initialize ---> System.PlatformNotSupportedException: Operation is not supported on this platform.
  at System.Configuration.ClientConfigPaths..ctor (System.String exePath, System.Boolean includeUserConfig) [0x00050] in <5ae095f7408b4d5cb5cdbfc3d3c31d20>:0 
  at System.Configuration.ClientConfigPaths.GetPaths (System.String exePath, System.Boolean includeUserConfig) [0x00018] in <5ae095f7408b4d5cb5cdbfc3d3c31d20>:0 
  at System.Configuration.ClientConfigurationHost.get_ConfigPaths () [0x0000a] in <5ae095f7408b4d5cb5cdbfc3d3c31d20>:0 
  at System.Configuration.ClientConfigurationHost.GetStreamName (System.String configPath) [0x0006d] in <5ae095f7408b4d5cb5cdbfc3d3c31d20>:0 
  at System.Configuration.ClientConfigurationHost.get_IsAppConfigHttp () [0x00000] in <5ae095f7408b4d5cb5cdbfc3d3c31d20>:0 
  at System.Configuration.Internal.DelegatingConfigHost.get_IsAppConfigHttp () [0x00006] in <5ae095f7408b4d5cb5cdbfc3d3c31d20>:0 
  at System.Configuration.ClientConfigurationSystem..ctor () [0x00051] in <5ae095f7408b4d5cb5cdbfc3d3c31d20>:0 
  at System.Configuration.ConfigurationManager.EnsureConfigurationSystem () [0x00024] in <5ae095f7408b4d5cb5cdbfc3d3c31d20>:0 
   --- End of inner exception stack trace ---
  at System.Configuration.ConfigurationManager.PrepareConfigSystem () [0x0001a] in <5ae095f7408b4d5cb5cdbfc3d3c31d20>:0 
  at System.Configuration.ConfigurationManager.GetSection (System.String sectionName) [0x0000a] in <5ae095f7408b4d5cb5cdbfc3d3c31d20>:0 
  at System.Configuration.ConfigurationManager.get_AppSettings () [0x00000] in <5ae095f7408b4d5cb5cdbfc3d3c31d20>:0 
  at log4net.Util.SystemInfo.GetAppSetting (System.String key) [0x00000] in <00c34789746b40dda4cd7be2c85ba32f>:0 
log4net:ERROR Exception while reading ConfigurationSettings. Check your .config file is well formed XML.
System.Configuration.ConfigurationErrorsException: Configuration system failed to initialize ---> System.PlatformNotSupportedException: Operation is not supported on this platform.
  at System.Configuration.ClientConfigPaths..ctor (System.String exePath, System.Boolean includeUserConfig) [0x00050] in <5ae095f7408b4d5cb5cdbfc3d3c31d20>:0 
  at System.Configuration.ClientConfigPaths.GetPaths (System.String exePath, System.Boolean includeUserConfig) [0x00018] in <5ae095f7408b4d5cb5cdbfc3d3c31d20>:0 
  at System.Configuration.ClientConfigurationHost.get_ConfigPaths () [0x0000a] in <5ae095f7408b4d5cb5cdbfc3d3c31d20>:0 
  at System.Configuration.ClientConfigurationHost.GetStreamName (System.String configPath) [0x0006d] in <5ae095f7408b4d5cb5cdbfc3d3c31d20>:0 
  at System.Configuration.ClientConfigurationHost.get_IsAppConfigHttp () [0x00000] in <5ae095f7408b4d5cb5cdbfc3d3c31d20>:0 
  at System.Configuration.Internal.DelegatingConfigHost.get_IsAppConfigHttp () [0x00006] in <5ae095f7408b4d5cb5cdbfc3d3c31d20>:0 
  at System.Configuration.ClientConfigurationSystem..ctor () [0x00051] in <5ae095f7408b4d5cb5cdbfc3d3c31d20>:0 
  at System.Configuration.ConfigurationManager.EnsureConfigurationSystem () [0x00024] in <5ae095f7408b4d5cb5cdbfc3d3c31d20>:0 
   --- End of inner exception stack trace ---
  at System.Configuration.ConfigurationManager.PrepareConfigSystem () [0x0001a] in <5ae095f7408b4d5cb5cdbfc3d3c31d20>:0 
  at System.Configuration.ConfigurationManager.GetSection (System.String sectionName) [0x0000a] in <5ae095f7408b4d5cb5cdbfc3d3c31d20>:0 
  at System.Configuration.ConfigurationManager.get_AppSettings () [0x00000] in <5ae095f7408b4d5cb5cdbfc3d3c31d20>:0 
  at log4net.Util.SystemInfo.GetAppSetting (System.String key) [0x00000] in <00c34789746b40dda4cd7be2c85ba32f>:0 
log4net:ERROR Exception while reading ConfigurationSettings. Check your .config file is well formed XML.
System.Configuration.ConfigurationErrorsException: Configuration system failed to initialize ---> System.PlatformNotSupportedException: Operation is not supported on this platform.
  at System.Configuration.ClientConfigPaths..ctor (System.String exePath, System.Boolean includeUserConfig) [0x00050] in <5ae095f7408b4d5cb5cdbfc3d3c31d20>:0 
  at System.Configuration.ClientConfigPaths.GetPaths (System.String exePath, System.Boolean includeUserConfig) [0x00018] in <5ae095f7408b4d5cb5cdbfc3d3c31d20>:0 
  at System.Configuration.ClientConfigurationHost.get_ConfigPaths () [0x0000a] in <5ae095f7408b4d5cb5cdbfc3d3c31d20>:0 
  at System.Configuration.ClientConfigurationHost.GetStreamName (System.String configPath) [0x0006d] in <5ae095f7408b4d5cb5cdbfc3d3c31d20>:0 
  at System.Configuration.ClientConfigurationHost.get_IsAppConfigHttp () [0x00000] in <5ae095f7408b4d5cb5cdbfc3d3c31d20>:0 
  at System.Configuration.Internal.DelegatingConfigHost.get_IsAppConfigHttp () [0x00006] in <5ae095f7408b4d5cb5cdbfc3d3c31d20>:0 
  at System.Configuration.ClientConfigurationSystem..ctor () [0x00051] in <5ae095f7408b4d5cb5cdbfc3d3c31d20>:0 
  at System.Configuration.ConfigurationManager.EnsureConfigurationSystem () [0x00024] in <5ae095f7408b4d5cb5cdbfc3d3c31d20>:0 
   --- End of inner exception stack trace ---
  at System.Configuration.ConfigurationManager.PrepareConfigSystem () [0x0001a] in <5ae095f7408b4d5cb5cdbfc3d3c31d20>:0 
  at System.Configuration.ConfigurationManager.GetSection (System.String sectionName) [0x0000a] in <5ae095f7408b4d5cb5cdbfc3d3c31d20>:0 
  at System.Configuration.ConfigurationManager.get_AppSettings () [0x00000] in <5ae095f7408b4d5cb5cdbfc3d3c31d20>:0 
  at log4net.Util.SystemInfo.GetAppSetting (System.String key) [0x00000] in <00c34789746b40dda4cd7be2c85ba32f>:0 
Mono: successfully reloaded assembly
- Finished resetting the current domain, in  0.494 seconds
Domain Reload Profiling: 1008ms
	BeginReloadAssembly (145ms)
		ExecutionOrderSort (0ms)
		DisableScriptedObjects (9ms)
		BackupInstance (0ms)
		ReleaseScriptingObjects (0ms)
		CreateAndSetChildDomain (40ms)
	RebuildCommonClasses (21ms)
	RebuildNativeTypeToScriptingClass (10ms)
	initialDomainReloadingComplete (23ms)
	LoadAllAssembliesAndSetupDomain (315ms)
		LoadAssemblies (230ms)
		RebuildTransferFunctionScriptingTraits (0ms)
		AnalyzeDomain (148ms)
			TypeCache.Refresh (7ms)
				TypeCache.ScanAssembly (1ms)
			BuildScriptInfoCaches (132ms)
			ResolveRequiredComponents (6ms)
	FinalizeReload (494ms)
		ReleaseScriptCaches (0ms)
		RebuildScriptCaches (0ms)
		SetupLoadedEditorAssemblies (369ms)
			LogAssemblyErrors (0ms)
			InitializePlatformSupportModulesInManaged (10ms)
			SetLoadedEditorAssemblies (2ms)
			BeforeProcessingInitializeOnLoad (71ms)
			ProcessInitializeOnLoadAttributes (247ms)
			ProcessInitializeOnLoadMethodAttributes (33ms)
			AfterProcessingInitializeOnLoad (6ms)
			EditorAssembliesLoaded (0ms)
		ExecutionOrderSort2 (0ms)
		AwakeInstancesAfterBackupRestoration (7ms)
Refreshing native plugins compatible for Editor in 1.46 ms, found 4 plugins.
Preloading 0 native plugins for Editor in 0.00 ms.
Unloading 13 Unused Serialized files (Serialized files now loaded: 0)
Unloading 6627 unused Assets / (3.6 MB). Loaded Objects now: 7322.
Memory consumption went from 151.3 MB to 147.8 MB.
Total: 7.086600 ms (FindLiveObjects: 1.078100 ms CreateObjectMapping: 0.308700 ms MarkObjects: 4.025100 ms  DeleteObjects: 1.673800 ms)

Prepare: number of updated asset objects reloaded= 0
========================================================================
Received Prepare
Refreshing native plugins compatible for Editor in 1.30 ms, found 4 plugins.
Preloading 0 native plugins for Editor in 0.00 ms.
Unloading 13 Unused Serialized files (Serialized files now loaded: 0)
Unloading 6613 unused Assets / (3.9 MB). Loaded Objects now: 7322.
Memory consumption went from 151.5 MB to 147.5 MB.
Total: 6.434200 ms (FindLiveObjects: 0.665700 ms CreateObjectMapping: 0.228300 ms MarkObjects: 3.861400 ms  DeleteObjects: 1.678000 ms)

Prepare: number of updated asset objects reloaded= 0
========================================================================
Received Prepare
Begin MonoManager ReloadAssembly
Duplicate assembly 'log4net.dll' with different versions detected, using 'Assets/Packages/log4net.3.0.4/lib/netstandard2.0/log4net.dll, AssemblyName=log4net, Version=3.0.4.0, Culture=neutral, PublicKeyToken=669e0ddf0bb1aa2a' and ignoring 'Packages/com.unity.collab-proxy/Lib/Editor/log4netPlastic.dll, AssemblyName=log4net, Version=1.2.15.0, Culture=neutral, PublicKeyToken=669e0ddf0bb1aa2a'.- Loaded All Assemblies, in  0.514 seconds
Refreshing native plugins compatible for Editor in 1.05 ms, found 4 plugins.
Native extension for iOS target not found
Native extension for Android target not found
Native extension for UWP target not found
Native extension for WindowsStandalone target not found
log4net:ERROR Exception while reading ConfigurationSettings. Check your .config file is well formed XML.
System.Configuration.ConfigurationErrorsException: Configuration system failed to initialize ---> System.PlatformNotSupportedException: Operation is not supported on this platform.
  at System.Configuration.ClientConfigPaths..ctor (System.String exePath, System.Boolean includeUserConfig) [0x00050] in <5ae095f7408b4d5cb5cdbfc3d3c31d20>:0 
  at System.Configuration.ClientConfigPaths.GetPaths (System.String exePath, System.Boolean includeUserConfig) [0x00018] in <5ae095f7408b4d5cb5cdbfc3d3c31d20>:0 
  at System.Configuration.ClientConfigurationHost.get_ConfigPaths () [0x0000a] in <5ae095f7408b4d5cb5cdbfc3d3c31d20>:0 
  at System.Configuration.ClientConfigurationHost.GetStreamName (System.String configPath) [0x0006d] in <5ae095f7408b4d5cb5cdbfc3d3c31d20>:0 
  at System.Configuration.ClientConfigurationHost.get_IsAppConfigHttp () [0x00000] in <5ae095f7408b4d5cb5cdbfc3d3c31d20>:0 
  at System.Configuration.Internal.DelegatingConfigHost.get_IsAppConfigHttp () [0x00006] in <5ae095f7408b4d5cb5cdbfc3d3c31d20>:0 
  at System.Configuration.ClientConfigurationSystem..ctor () [0x00051] in <5ae095f7408b4d5cb5cdbfc3d3c31d20>:0 
  at System.Configuration.ConfigurationManager.EnsureConfigurationSystem () [0x00024] in <5ae095f7408b4d5cb5cdbfc3d3c31d20>:0 
   --- End of inner exception stack trace ---
  at System.Configuration.ConfigurationManager.EnsureConfigurationSystem () [0x00060] in <5ae095f7408b4d5cb5cdbfc3d3c31d20>:0 
  at System.Configuration.ConfigurationManager.PrepareConfigSystem () [0x0000a] in <5ae095f7408b4d5cb5cdbfc3d3c31d20>:0 
  at System.Configuration.ConfigurationManager.GetSection (System.String sectionName) [0x0000a] in <5ae095f7408b4d5cb5cdbfc3d3c31d20>:0 
  at System.Configuration.ConfigurationManager.get_AppSettings () [0x00000] in <5ae095f7408b4d5cb5cdbfc3d3c31d20>:0 
  at log4net.Util.SystemInfo.GetAppSetting (System.String key) [0x00000] in <00c34789746b40dda4cd7be2c85ba32f>:0 
log4net:ERROR Exception while reading ConfigurationSettings. Check your .config file is well formed XML.
System.Configuration.ConfigurationErrorsException: Configuration system failed to initialize ---> System.PlatformNotSupportedException: Operation is not supported on this platform.
  at System.Configuration.ClientConfigPaths..ctor (System.String exePath, System.Boolean includeUserConfig) [0x00050] in <5ae095f7408b4d5cb5cdbfc3d3c31d20>:0 
  at System.Configuration.ClientConfigPaths.GetPaths (System.String exePath, System.Boolean includeUserConfig) [0x00018] in <5ae095f7408b4d5cb5cdbfc3d3c31d20>:0 
  at System.Configuration.ClientConfigurationHost.get_ConfigPaths () [0x0000a] in <5ae095f7408b4d5cb5cdbfc3d3c31d20>:0 
  at System.Configuration.ClientConfigurationHost.GetStreamName (System.String configPath) [0x0006d] in <5ae095f7408b4d5cb5cdbfc3d3c31d20>:0 
  at System.Configuration.ClientConfigurationHost.get_IsAppConfigHttp () [0x00000] in <5ae095f7408b4d5cb5cdbfc3d3c31d20>:0 
  at System.Configuration.Internal.DelegatingConfigHost.get_IsAppConfigHttp () [0x00006] in <5ae095f7408b4d5cb5cdbfc3d3c31d20>:0 
  at System.Configuration.ClientConfigurationSystem..ctor () [0x00051] in <5ae095f7408b4d5cb5cdbfc3d3c31d20>:0 
  at System.Configuration.ConfigurationManager.EnsureConfigurationSystem () [0x00024] in <5ae095f7408b4d5cb5cdbfc3d3c31d20>:0 
   --- End of inner exception stack trace ---
  at System.Configuration.ConfigurationManager.PrepareConfigSystem () [0x0001a] in <5ae095f7408b4d5cb5cdbfc3d3c31d20>:0 
  at System.Configuration.ConfigurationManager.GetSection (System.String sectionName) [0x0000a] in <5ae095f7408b4d5cb5cdbfc3d3c31d20>:0 
  at System.Configuration.ConfigurationManager.get_AppSettings () [0x00000] in <5ae095f7408b4d5cb5cdbfc3d3c31d20>:0 
  at log4net.Util.SystemInfo.GetAppSetting (System.String key) [0x00000] in <00c34789746b40dda4cd7be2c85ba32f>:0 
log4net:ERROR Exception while reading ConfigurationSettings. Check your .config file is well formed XML.
System.Configuration.ConfigurationErrorsException: Configuration system failed to initialize ---> System.PlatformNotSupportedException: Operation is not supported on this platform.
  at System.Configuration.ClientConfigPaths..ctor (System.String exePath, System.Boolean includeUserConfig) [0x00050] in <5ae095f7408b4d5cb5cdbfc3d3c31d20>:0 
  at System.Configuration.ClientConfigPaths.GetPaths (System.String exePath, System.Boolean includeUserConfig) [0x00018] in <5ae095f7408b4d5cb5cdbfc3d3c31d20>:0 
  at System.Configuration.ClientConfigurationHost.get_ConfigPaths () [0x0000a] in <5ae095f7408b4d5cb5cdbfc3d3c31d20>:0 
  at System.Configuration.ClientConfigurationHost.GetStreamName (System.String configPath) [0x0006d] in <5ae095f7408b4d5cb5cdbfc3d3c31d20>:0 
  at System.Configuration.ClientConfigurationHost.get_IsAppConfigHttp () [0x00000] in <5ae095f7408b4d5cb5cdbfc3d3c31d20>:0 
  at System.Configuration.Internal.DelegatingConfigHost.get_IsAppConfigHttp () [0x00006] in <5ae095f7408b4d5cb5cdbfc3d3c31d20>:0 
  at System.Configuration.ClientConfigurationSystem..ctor () [0x00051] in <5ae095f7408b4d5cb5cdbfc3d3c31d20>:0 
  at System.Configuration.ConfigurationManager.EnsureConfigurationSystem () [0x00024] in <5ae095f7408b4d5cb5cdbfc3d3c31d20>:0 
   --- End of inner exception stack trace ---
  at System.Configuration.ConfigurationManager.PrepareConfigSystem () [0x0001a] in <5ae095f7408b4d5cb5cdbfc3d3c31d20>:0 
  at System.Configuration.ConfigurationManager.GetSection (System.String sectionName) [0x0000a] in <5ae095f7408b4d5cb5cdbfc3d3c31d20>:0 
  at System.Configuration.ConfigurationManager.get_AppSettings () [0x00000] in <5ae095f7408b4d5cb5cdbfc3d3c31d20>:0 
  at log4net.Util.SystemInfo.GetAppSetting (System.String key) [0x00000] in <00c34789746b40dda4cd7be2c85ba32f>:0 
log4net:ERROR Exception while reading ConfigurationSettings. Check your .config file is well formed XML.
System.Configuration.ConfigurationErrorsException: Configuration system failed to initialize ---> System.PlatformNotSupportedException: Operation is not supported on this platform.
  at System.Configuration.ClientConfigPaths..ctor (System.String exePath, System.Boolean includeUserConfig) [0x00050] in <5ae095f7408b4d5cb5cdbfc3d3c31d20>:0 
  at System.Configuration.ClientConfigPaths.GetPaths (System.String exePath, System.Boolean includeUserConfig) [0x00018] in <5ae095f7408b4d5cb5cdbfc3d3c31d20>:0 
  at System.Configuration.ClientConfigurationHost.get_ConfigPaths () [0x0000a] in <5ae095f7408b4d5cb5cdbfc3d3c31d20>:0 
  at System.Configuration.ClientConfigurationHost.GetStreamName (System.String configPath) [0x0006d] in <5ae095f7408b4d5cb5cdbfc3d3c31d20>:0 
  at System.Configuration.ClientConfigurationHost.get_IsAppConfigHttp () [0x00000] in <5ae095f7408b4d5cb5cdbfc3d3c31d20>:0 
  at System.Configuration.Internal.DelegatingConfigHost.get_IsAppConfigHttp () [0x00006] in <5ae095f7408b4d5cb5cdbfc3d3c31d20>:0 
  at System.Configuration.ClientConfigurationSystem..ctor () [0x00051] in <5ae095f7408b4d5cb5cdbfc3d3c31d20>:0 
  at System.Configuration.ConfigurationManager.EnsureConfigurationSystem () [0x00024] in <5ae095f7408b4d5cb5cdbfc3d3c31d20>:0 
   --- End of inner exception stack trace ---
  at System.Configuration.ConfigurationManager.PrepareConfigSystem () [0x0001a] in <5ae095f7408b4d5cb5cdbfc3d3c31d20>:0 
  at System.Configuration.ConfigurationManager.GetSection (System.String sectionName) [0x0000a] in <5ae095f7408b4d5cb5cdbfc3d3c31d20>:0 
  at System.Configuration.ConfigurationManager.get_AppSettings () [0x00000] in <5ae095f7408b4d5cb5cdbfc3d3c31d20>:0 
  at log4net.Util.SystemInfo.GetAppSetting (System.String key) [0x00000] in <00c34789746b40dda4cd7be2c85ba32f>:0 
log4net:ERROR Exception while reading ConfigurationSettings. Check your .config file is well formed XML.
System.Configuration.ConfigurationErrorsException: Configuration system failed to initialize ---> System.PlatformNotSupportedException: Operation is not supported on this platform.
  at System.Configuration.ClientConfigPaths..ctor (System.String exePath, System.Boolean includeUserConfig) [0x00050] in <5ae095f7408b4d5cb5cdbfc3d3c31d20>:0 
  at System.Configuration.ClientConfigPaths.GetPaths (System.String exePath, System.Boolean includeUserConfig) [0x00018] in <5ae095f7408b4d5cb5cdbfc3d3c31d20>:0 
  at System.Configuration.ClientConfigurationHost.get_ConfigPaths () [0x0000a] in <5ae095f7408b4d5cb5cdbfc3d3c31d20>:0 
  at System.Configuration.ClientConfigurationHost.GetStreamName (System.String configPath) [0x0006d] in <5ae095f7408b4d5cb5cdbfc3d3c31d20>:0 
  at System.Configuration.ClientConfigurationHost.get_IsAppConfigHttp () [0x00000] in <5ae095f7408b4d5cb5cdbfc3d3c31d20>:0 
  at System.Configuration.Internal.DelegatingConfigHost.get_IsAppConfigHttp () [0x00006] in <5ae095f7408b4d5cb5cdbfc3d3c31d20>:0 
  at System.Configuration.ClientConfigurationSystem..ctor () [0x00051] in <5ae095f7408b4d5cb5cdbfc3d3c31d20>:0 
  at System.Configuration.ConfigurationManager.EnsureConfigurationSystem () [0x00024] in <5ae095f7408b4d5cb5cdbfc3d3c31d20>:0 
   --- End of inner exception stack trace ---
  at System.Configuration.ConfigurationManager.PrepareConfigSystem () [0x0001a] in <5ae095f7408b4d5cb5cdbfc3d3c31d20>:0 
  at System.Configuration.ConfigurationManager.GetSection (System.String sectionName) [0x0000a] in <5ae095f7408b4d5cb5cdbfc3d3c31d20>:0 
  at System.Configuration.ConfigurationManager.get_AppSettings () [0x00000] in <5ae095f7408b4d5cb5cdbfc3d3c31d20>:0 
  at log4net.Util.SystemInfo.GetAppSetting (System.String key) [0x00000] in <00c34789746b40dda4cd7be2c85ba32f>:0 
log4net:ERROR Exception while reading ConfigurationSettings. Check your .config file is well formed XML.
System.Configuration.ConfigurationErrorsException: Configuration system failed to initialize ---> System.PlatformNotSupportedException: Operation is not supported on this platform.
  at System.Configuration.ClientConfigPaths..ctor (System.String exePath, System.Boolean includeUserConfig) [0x00050] in <5ae095f7408b4d5cb5cdbfc3d3c31d20>:0 
  at System.Configuration.ClientConfigPaths.GetPaths (System.String exePath, System.Boolean includeUserConfig) [0x00018] in <5ae095f7408b4d5cb5cdbfc3d3c31d20>:0 
  at System.Configuration.ClientConfigurationHost.get_ConfigPaths () [0x0000a] in <5ae095f7408b4d5cb5cdbfc3d3c31d20>:0 
  at System.Configuration.ClientConfigurationHost.GetStreamName (System.String configPath) [0x0006d] in <5ae095f7408b4d5cb5cdbfc3d3c31d20>:0 
  at System.Configuration.ClientConfigurationHost.get_IsAppConfigHttp () [0x00000] in <5ae095f7408b4d5cb5cdbfc3d3c31d20>:0 
  at System.Configuration.Internal.DelegatingConfigHost.get_IsAppConfigHttp () [0x00006] in <5ae095f7408b4d5cb5cdbfc3d3c31d20>:0 
  at System.Configuration.ClientConfigurationSystem..ctor () [0x00051] in <5ae095f7408b4d5cb5cdbfc3d3c31d20>:0 
  at System.Configuration.ConfigurationManager.EnsureConfigurationSystem () [0x00024] in <5ae095f7408b4d5cb5cdbfc3d3c31d20>:0 
   --- End of inner exception stack trace ---
  at System.Configuration.ConfigurationManager.PrepareConfigSystem () [0x0001a] in <5ae095f7408b4d5cb5cdbfc3d3c31d20>:0 
  at System.Configuration.ConfigurationManager.GetSection (System.String sectionName) [0x0000a] in <5ae095f7408b4d5cb5cdbfc3d3c31d20>:0 
  at System.Configuration.ConfigurationManager.get_AppSettings () [0x00000] in <5ae095f7408b4d5cb5cdbfc3d3c31d20>:0 
  at log4net.Util.SystemInfo.GetAppSetting (System.String key) [0x00000] in <00c34789746b40dda4cd7be2c85ba32f>:0 
log4net:ERROR Exception while reading ConfigurationSettings. Check your .config file is well formed XML.
System.Configuration.ConfigurationErrorsException: Configuration system failed to initialize ---> System.PlatformNotSupportedException: Operation is not supported on this platform.
  at System.Configuration.ClientConfigPaths..ctor (System.String exePath, System.Boolean includeUserConfig) [0x00050] in <5ae095f7408b4d5cb5cdbfc3d3c31d20>:0 
  at System.Configuration.ClientConfigPaths.GetPaths (System.String exePath, System.Boolean includeUserConfig) [0x00018] in <5ae095f7408b4d5cb5cdbfc3d3c31d20>:0 
  at System.Configuration.ClientConfigurationHost.get_ConfigPaths () [0x0000a] in <5ae095f7408b4d5cb5cdbfc3d3c31d20>:0 
  at System.Configuration.ClientConfigurationHost.GetStreamName (System.String configPath) [0x0006d] in <5ae095f7408b4d5cb5cdbfc3d3c31d20>:0 
  at System.Configuration.ClientConfigurationHost.get_IsAppConfigHttp () [0x00000] in <5ae095f7408b4d5cb5cdbfc3d3c31d20>:0 
  at System.Configuration.Internal.DelegatingConfigHost.get_IsAppConfigHttp () [0x00006] in <5ae095f7408b4d5cb5cdbfc3d3c31d20>:0 
  at System.Configuration.ClientConfigurationSystem..ctor () [0x00051] in <5ae095f7408b4d5cb5cdbfc3d3c31d20>:0 
  at System.Configuration.ConfigurationManager.EnsureConfigurationSystem () [0x00024] in <5ae095f7408b4d5cb5cdbfc3d3c31d20>:0 
   --- End of inner exception stack trace ---
  at System.Configuration.ConfigurationManager.PrepareConfigSystem () [0x0001a] in <5ae095f7408b4d5cb5cdbfc3d3c31d20>:0 
  at System.Configuration.ConfigurationManager.GetSection (System.String sectionName) [0x0000a] in <5ae095f7408b4d5cb5cdbfc3d3c31d20>:0 
  at System.Configuration.ConfigurationManager.get_AppSettings () [0x00000] in <5ae095f7408b4d5cb5cdbfc3d3c31d20>:0 
  at log4net.Util.SystemInfo.GetAppSetting (System.String key) [0x00000] in <00c34789746b40dda4cd7be2c85ba32f>:0 
Mono: successfully reloaded assembly
- Finished resetting the current domain, in  0.512 seconds
Domain Reload Profiling: 1026ms
	BeginReloadAssembly (136ms)
		ExecutionOrderSort (0ms)
		DisableScriptedObjects (8ms)
		BackupInstance (0ms)
		ReleaseScriptingObjects (0ms)
		CreateAndSetChildDomain (42ms)
	RebuildCommonClasses (21ms)
	RebuildNativeTypeToScriptingClass (8ms)
	initialDomainReloadingComplete (18ms)
	LoadAllAssembliesAndSetupDomain (331ms)
		LoadAssemblies (235ms)
		RebuildTransferFunctionScriptingTraits (0ms)
		AnalyzeDomain (150ms)
			TypeCache.Refresh (7ms)
				TypeCache.ScanAssembly (1ms)
			BuildScriptInfoCaches (133ms)
			ResolveRequiredComponents (6ms)
	FinalizeReload (512ms)
		ReleaseScriptCaches (0ms)
		RebuildScriptCaches (0ms)
		SetupLoadedEditorAssemblies (377ms)
			LogAssemblyErrors (0ms)
			InitializePlatformSupportModulesInManaged (9ms)
			SetLoadedEditorAssemblies (2ms)
			BeforeProcessingInitializeOnLoad (71ms)
			ProcessInitializeOnLoadAttributes (253ms)
			ProcessInitializeOnLoadMethodAttributes (38ms)
			AfterProcessingInitializeOnLoad (3ms)
			EditorAssembliesLoaded (0ms)
		ExecutionOrderSort2 (0ms)
		AwakeInstancesAfterBackupRestoration (7ms)
Refreshing native plugins compatible for Editor in 1.23 ms, found 4 plugins.
Preloading 0 native plugins for Editor in 0.00 ms.
Unloading 13 Unused Serialized files (Serialized files now loaded: 0)
Unloading 6627 unused Assets / (3.9 MB). Loaded Objects now: 7324.
Memory consumption went from 151.4 MB to 147.5 MB.
Total: 5.808000 ms (FindLiveObjects: 0.624600 ms CreateObjectMapping: 0.203800 ms MarkObjects: 3.569000 ms  DeleteObjects: 1.409700 ms)

Prepare: number of updated asset objects reloaded= 0
========================================================================
Received Prepare
Begin MonoManager ReloadAssembly
Duplicate assembly 'log4net.dll' with different versions detected, using 'Assets/Packages/log4net.3.0.4/lib/netstandard2.0/log4net.dll, AssemblyName=log4net, Version=3.0.4.0, Culture=neutral, PublicKeyToken=669e0ddf0bb1aa2a' and ignoring 'Packages/com.unity.collab-proxy/Lib/Editor/log4netPlastic.dll, AssemblyName=log4net, Version=1.2.15.0, Culture=neutral, PublicKeyToken=669e0ddf0bb1aa2a'.- Loaded All Assemblies, in  0.508 seconds
Refreshing native plugins compatible for Editor in 1.17 ms, found 4 plugins.
Native extension for iOS target not found
Native extension for Android target not found
Native extension for UWP target not found
Native extension for WindowsStandalone target not found
log4net:ERROR Exception while reading ConfigurationSettings. Check your .config file is well formed XML.
System.Configuration.ConfigurationErrorsException: Configuration system failed to initialize ---> System.PlatformNotSupportedException: Operation is not supported on this platform.
  at System.Configuration.ClientConfigPaths..ctor (System.String exePath, System.Boolean includeUserConfig) [0x00050] in <5ae095f7408b4d5cb5cdbfc3d3c31d20>:0 
  at System.Configuration.ClientConfigPaths.GetPaths (System.String exePath, System.Boolean includeUserConfig) [0x00018] in <5ae095f7408b4d5cb5cdbfc3d3c31d20>:0 
  at System.Configuration.ClientConfigurationHost.get_ConfigPaths () [0x0000a] in <5ae095f7408b4d5cb5cdbfc3d3c31d20>:0 
  at System.Configuration.ClientConfigurationHost.GetStreamName (System.String configPath) [0x0006d] in <5ae095f7408b4d5cb5cdbfc3d3c31d20>:0 
  at System.Configuration.ClientConfigurationHost.get_IsAppConfigHttp () [0x00000] in <5ae095f7408b4d5cb5cdbfc3d3c31d20>:0 
  at System.Configuration.Internal.DelegatingConfigHost.get_IsAppConfigHttp () [0x00006] in <5ae095f7408b4d5cb5cdbfc3d3c31d20>:0 
  at System.Configuration.ClientConfigurationSystem..ctor () [0x00051] in <5ae095f7408b4d5cb5cdbfc3d3c31d20>:0 
  at System.Configuration.ConfigurationManager.EnsureConfigurationSystem () [0x00024] in <5ae095f7408b4d5cb5cdbfc3d3c31d20>:0 
   --- End of inner exception stack trace ---
  at System.Configuration.ConfigurationManager.EnsureConfigurationSystem () [0x00060] in <5ae095f7408b4d5cb5cdbfc3d3c31d20>:0 
  at System.Configuration.ConfigurationManager.PrepareConfigSystem () [0x0000a] in <5ae095f7408b4d5cb5cdbfc3d3c31d20>:0 
  at System.Configuration.ConfigurationManager.GetSection (System.String sectionName) [0x0000a] in <5ae095f7408b4d5cb5cdbfc3d3c31d20>:0 
  at System.Configuration.ConfigurationManager.get_AppSettings () [0x00000] in <5ae095f7408b4d5cb5cdbfc3d3c31d20>:0 
  at log4net.Util.SystemInfo.GetAppSetting (System.String key) [0x00000] in <00c34789746b40dda4cd7be2c85ba32f>:0 
log4net:ERROR Exception while reading ConfigurationSettings. Check your .config file is well formed XML.
System.Configuration.ConfigurationErrorsException: Configuration system failed to initialize ---> System.PlatformNotSupportedException: Operation is not supported on this platform.
  at System.Configuration.ClientConfigPaths..ctor (System.String exePath, System.Boolean includeUserConfig) [0x00050] in <5ae095f7408b4d5cb5cdbfc3d3c31d20>:0 
  at System.Configuration.ClientConfigPaths.GetPaths (System.String exePath, System.Boolean includeUserConfig) [0x00018] in <5ae095f7408b4d5cb5cdbfc3d3c31d20>:0 
  at System.Configuration.ClientConfigurationHost.get_ConfigPaths () [0x0000a] in <5ae095f7408b4d5cb5cdbfc3d3c31d20>:0 
  at System.Configuration.ClientConfigurationHost.GetStreamName (System.String configPath) [0x0006d] in <5ae095f7408b4d5cb5cdbfc3d3c31d20>:0 
  at System.Configuration.ClientConfigurationHost.get_IsAppConfigHttp () [0x00000] in <5ae095f7408b4d5cb5cdbfc3d3c31d20>:0 
  at System.Configuration.Internal.DelegatingConfigHost.get_IsAppConfigHttp () [0x00006] in <5ae095f7408b4d5cb5cdbfc3d3c31d20>:0 
  at System.Configuration.ClientConfigurationSystem..ctor () [0x00051] in <5ae095f7408b4d5cb5cdbfc3d3c31d20>:0 
  at System.Configuration.ConfigurationManager.EnsureConfigurationSystem () [0x00024] in <5ae095f7408b4d5cb5cdbfc3d3c31d20>:0 
   --- End of inner exception stack trace ---
  at System.Configuration.ConfigurationManager.PrepareConfigSystem () [0x0001a] in <5ae095f7408b4d5cb5cdbfc3d3c31d20>:0 
  at System.Configuration.ConfigurationManager.GetSection (System.String sectionName) [0x0000a] in <5ae095f7408b4d5cb5cdbfc3d3c31d20>:0 
  at System.Configuration.ConfigurationManager.get_AppSettings () [0x00000] in <5ae095f7408b4d5cb5cdbfc3d3c31d20>:0 
  at log4net.Util.SystemInfo.GetAppSetting (System.String key) [0x00000] in <00c34789746b40dda4cd7be2c85ba32f>:0 
log4net:ERROR Exception while reading ConfigurationSettings. Check your .config file is well formed XML.
System.Configuration.ConfigurationErrorsException: Configuration system failed to initialize ---> System.PlatformNotSupportedException: Operation is not supported on this platform.
  at System.Configuration.ClientConfigPaths..ctor (System.String exePath, System.Boolean includeUserConfig) [0x00050] in <5ae095f7408b4d5cb5cdbfc3d3c31d20>:0 
  at System.Configuration.ClientConfigPaths.GetPaths (System.String exePath, System.Boolean includeUserConfig) [0x00018] in <5ae095f7408b4d5cb5cdbfc3d3c31d20>:0 
  at System.Configuration.ClientConfigurationHost.get_ConfigPaths () [0x0000a] in <5ae095f7408b4d5cb5cdbfc3d3c31d20>:0 
  at System.Configuration.ClientConfigurationHost.GetStreamName (System.String configPath) [0x0006d] in <5ae095f7408b4d5cb5cdbfc3d3c31d20>:0 
  at System.Configuration.ClientConfigurationHost.get_IsAppConfigHttp () [0x00000] in <5ae095f7408b4d5cb5cdbfc3d3c31d20>:0 
  at System.Configuration.Internal.DelegatingConfigHost.get_IsAppConfigHttp () [0x00006] in <5ae095f7408b4d5cb5cdbfc3d3c31d20>:0 
  at System.Configuration.ClientConfigurationSystem..ctor () [0x00051] in <5ae095f7408b4d5cb5cdbfc3d3c31d20>:0 
  at System.Configuration.ConfigurationManager.EnsureConfigurationSystem () [0x00024] in <5ae095f7408b4d5cb5cdbfc3d3c31d20>:0 
   --- End of inner exception stack trace ---
  at System.Configuration.ConfigurationManager.PrepareConfigSystem () [0x0001a] in <5ae095f7408b4d5cb5cdbfc3d3c31d20>:0 
  at System.Configuration.ConfigurationManager.GetSection (System.String sectionName) [0x0000a] in <5ae095f7408b4d5cb5cdbfc3d3c31d20>:0 
  at System.Configuration.ConfigurationManager.get_AppSettings () [0x00000] in <5ae095f7408b4d5cb5cdbfc3d3c31d20>:0 
  at log4net.Util.SystemInfo.GetAppSetting (System.String key) [0x00000] in <00c34789746b40dda4cd7be2c85ba32f>:0 
log4net:ERROR Exception while reading ConfigurationSettings. Check your .config file is well formed XML.
System.Configuration.ConfigurationErrorsException: Configuration system failed to initialize ---> System.PlatformNotSupportedException: Operation is not supported on this platform.
  at System.Configuration.ClientConfigPaths..ctor (System.String exePath, System.Boolean includeUserConfig) [0x00050] in <5ae095f7408b4d5cb5cdbfc3d3c31d20>:0 
  at System.Configuration.ClientConfigPaths.GetPaths (System.String exePath, System.Boolean includeUserConfig) [0x00018] in <5ae095f7408b4d5cb5cdbfc3d3c31d20>:0 
  at System.Configuration.ClientConfigurationHost.get_ConfigPaths () [0x0000a] in <5ae095f7408b4d5cb5cdbfc3d3c31d20>:0 
  at System.Configuration.ClientConfigurationHost.GetStreamName (System.String configPath) [0x0006d] in <5ae095f7408b4d5cb5cdbfc3d3c31d20>:0 
  at System.Configuration.ClientConfigurationHost.get_IsAppConfigHttp () [0x00000] in <5ae095f7408b4d5cb5cdbfc3d3c31d20>:0 
  at System.Configuration.Internal.DelegatingConfigHost.get_IsAppConfigHttp () [0x00006] in <5ae095f7408b4d5cb5cdbfc3d3c31d20>:0 
  at System.Configuration.ClientConfigurationSystem..ctor () [0x00051] in <5ae095f7408b4d5cb5cdbfc3d3c31d20>:0 
  at System.Configuration.ConfigurationManager.EnsureConfigurationSystem () [0x00024] in <5ae095f7408b4d5cb5cdbfc3d3c31d20>:0 
   --- End of inner exception stack trace ---
  at System.Configuration.ConfigurationManager.PrepareConfigSystem () [0x0001a] in <5ae095f7408b4d5cb5cdbfc3d3c31d20>:0 
  at System.Configuration.ConfigurationManager.GetSection (System.String sectionName) [0x0000a] in <5ae095f7408b4d5cb5cdbfc3d3c31d20>:0 
  at System.Configuration.ConfigurationManager.get_AppSettings () [0x00000] in <5ae095f7408b4d5cb5cdbfc3d3c31d20>:0 
  at log4net.Util.SystemInfo.GetAppSetting (System.String key) [0x00000] in <00c34789746b40dda4cd7be2c85ba32f>:0 
log4net:ERROR Exception while reading ConfigurationSettings. Check your .config file is well formed XML.
System.Configuration.ConfigurationErrorsException: Configuration system failed to initialize ---> System.PlatformNotSupportedException: Operation is not supported on this platform.
  at System.Configuration.ClientConfigPaths..ctor (System.String exePath, System.Boolean includeUserConfig) [0x00050] in <5ae095f7408b4d5cb5cdbfc3d3c31d20>:0 
  at System.Configuration.ClientConfigPaths.GetPaths (System.String exePath, System.Boolean includeUserConfig) [0x00018] in <5ae095f7408b4d5cb5cdbfc3d3c31d20>:0 
  at System.Configuration.ClientConfigurationHost.get_ConfigPaths () [0x0000a] in <5ae095f7408b4d5cb5cdbfc3d3c31d20>:0 
  at System.Configuration.ClientConfigurationHost.GetStreamName (System.String configPath) [0x0006d] in <5ae095f7408b4d5cb5cdbfc3d3c31d20>:0 
  at System.Configuration.ClientConfigurationHost.get_IsAppConfigHttp () [0x00000] in <5ae095f7408b4d5cb5cdbfc3d3c31d20>:0 
  at System.Configuration.Internal.DelegatingConfigHost.get_IsAppConfigHttp () [0x00006] in <5ae095f7408b4d5cb5cdbfc3d3c31d20>:0 
  at System.Configuration.ClientConfigurationSystem..ctor () [0x00051] in <5ae095f7408b4d5cb5cdbfc3d3c31d20>:0 
  at System.Configuration.ConfigurationManager.EnsureConfigurationSystem () [0x00024] in <5ae095f7408b4d5cb5cdbfc3d3c31d20>:0 
   --- End of inner exception stack trace ---
  at System.Configuration.ConfigurationManager.PrepareConfigSystem () [0x0001a] in <5ae095f7408b4d5cb5cdbfc3d3c31d20>:0 
  at System.Configuration.ConfigurationManager.GetSection (System.String sectionName) [0x0000a] in <5ae095f7408b4d5cb5cdbfc3d3c31d20>:0 
  at System.Configuration.ConfigurationManager.get_AppSettings () [0x00000] in <5ae095f7408b4d5cb5cdbfc3d3c31d20>:0 
  at log4net.Util.SystemInfo.GetAppSetting (System.String key) [0x00000] in <00c34789746b40dda4cd7be2c85ba32f>:0 
log4net:ERROR Exception while reading ConfigurationSettings. Check your .config file is well formed XML.
System.Configuration.ConfigurationErrorsException: Configuration system failed to initialize ---> System.PlatformNotSupportedException: Operation is not supported on this platform.
  at System.Configuration.ClientConfigPaths..ctor (System.String exePath, System.Boolean includeUserConfig) [0x00050] in <5ae095f7408b4d5cb5cdbfc3d3c31d20>:0 
  at System.Configuration.ClientConfigPaths.GetPaths (System.String exePath, System.Boolean includeUserConfig) [0x00018] in <5ae095f7408b4d5cb5cdbfc3d3c31d20>:0 
  at System.Configuration.ClientConfigurationHost.get_ConfigPaths () [0x0000a] in <5ae095f7408b4d5cb5cdbfc3d3c31d20>:0 
  at System.Configuration.ClientConfigurationHost.GetStreamName (System.String configPath) [0x0006d] in <5ae095f7408b4d5cb5cdbfc3d3c31d20>:0 
  at System.Configuration.ClientConfigurationHost.get_IsAppConfigHttp () [0x00000] in <5ae095f7408b4d5cb5cdbfc3d3c31d20>:0 
  at System.Configuration.Internal.DelegatingConfigHost.get_IsAppConfigHttp () [0x00006] in <5ae095f7408b4d5cb5cdbfc3d3c31d20>:0 
  at System.Configuration.ClientConfigurationSystem..ctor () [0x00051] in <5ae095f7408b4d5cb5cdbfc3d3c31d20>:0 
  at System.Configuration.ConfigurationManager.EnsureConfigurationSystem () [0x00024] in <5ae095f7408b4d5cb5cdbfc3d3c31d20>:0 
   --- End of inner exception stack trace ---
  at System.Configuration.ConfigurationManager.PrepareConfigSystem () [0x0001a] in <5ae095f7408b4d5cb5cdbfc3d3c31d20>:0 
  at System.Configuration.ConfigurationManager.GetSection (System.String sectionName) [0x0000a] in <5ae095f7408b4d5cb5cdbfc3d3c31d20>:0 
  at System.Configuration.ConfigurationManager.get_AppSettings () [0x00000] in <5ae095f7408b4d5cb5cdbfc3d3c31d20>:0 
  at log4net.Util.SystemInfo.GetAppSetting (System.String key) [0x00000] in <00c34789746b40dda4cd7be2c85ba32f>:0 
log4net:ERROR Exception while reading ConfigurationSettings. Check your .config file is well formed XML.
System.Configuration.ConfigurationErrorsException: Configuration system failed to initialize ---> System.PlatformNotSupportedException: Operation is not supported on this platform.
  at System.Configuration.ClientConfigPaths..ctor (System.String exePath, System.Boolean includeUserConfig) [0x00050] in <5ae095f7408b4d5cb5cdbfc3d3c31d20>:0 
  at System.Configuration.ClientConfigPaths.GetPaths (System.String exePath, System.Boolean includeUserConfig) [0x00018] in <5ae095f7408b4d5cb5cdbfc3d3c31d20>:0 
  at System.Configuration.ClientConfigurationHost.get_ConfigPaths () [0x0000a] in <5ae095f7408b4d5cb5cdbfc3d3c31d20>:0 
  at System.Configuration.ClientConfigurationHost.GetStreamName (System.String configPath) [0x0006d] in <5ae095f7408b4d5cb5cdbfc3d3c31d20>:0 
  at System.Configuration.ClientConfigurationHost.get_IsAppConfigHttp () [0x00000] in <5ae095f7408b4d5cb5cdbfc3d3c31d20>:0 
  at System.Configuration.Internal.DelegatingConfigHost.get_IsAppConfigHttp () [0x00006] in <5ae095f7408b4d5cb5cdbfc3d3c31d20>:0 
  at System.Configuration.ClientConfigurationSystem..ctor () [0x00051] in <5ae095f7408b4d5cb5cdbfc3d3c31d20>:0 
  at System.Configuration.ConfigurationManager.EnsureConfigurationSystem () [0x00024] in <5ae095f7408b4d5cb5cdbfc3d3c31d20>:0 
   --- End of inner exception stack trace ---
  at System.Configuration.ConfigurationManager.PrepareConfigSystem () [0x0001a] in <5ae095f7408b4d5cb5cdbfc3d3c31d20>:0 
  at System.Configuration.ConfigurationManager.GetSection (System.String sectionName) [0x0000a] in <5ae095f7408b4d5cb5cdbfc3d3c31d20>:0 
  at System.Configuration.ConfigurationManager.get_AppSettings () [0x00000] in <5ae095f7408b4d5cb5cdbfc3d3c31d20>:0 
  at log4net.Util.SystemInfo.GetAppSetting (System.String key) [0x00000] in <00c34789746b40dda4cd7be2c85ba32f>:0 
Mono: successfully reloaded assembly
- Finished resetting the current domain, in  0.497 seconds
Domain Reload Profiling: 1004ms
	BeginReloadAssembly (135ms)
		ExecutionOrderSort (0ms)
		DisableScriptedObjects (8ms)
		BackupInstance (0ms)
		ReleaseScriptingObjects (0ms)
		CreateAndSetChildDomain (39ms)
	RebuildCommonClasses (21ms)
	RebuildNativeTypeToScriptingClass (8ms)
	initialDomainReloadingComplete (18ms)
	LoadAllAssembliesAndSetupDomain (324ms)
		LoadAssemblies (233ms)
		RebuildTransferFunctionScriptingTraits (0ms)
		AnalyzeDomain (146ms)
			TypeCache.Refresh (4ms)
				TypeCache.ScanAssembly (0ms)
			BuildScriptInfoCaches (133ms)
			ResolveRequiredComponents (7ms)
	FinalizeReload (497ms)
		ReleaseScriptCaches (0ms)
		RebuildScriptCaches (0ms)
		SetupLoadedEditorAssemblies (376ms)
			LogAssemblyErrors (0ms)
			InitializePlatformSupportModulesInManaged (10ms)
			SetLoadedEditorAssemblies (2ms)
			BeforeProcessingInitializeOnLoad (72ms)
			ProcessInitializeOnLoadAttributes (255ms)
			ProcessInitializeOnLoadMethodAttributes (34ms)
			AfterProcessingInitializeOnLoad (3ms)
			EditorAssembliesLoaded (0ms)
		ExecutionOrderSort2 (0ms)
		AwakeInstancesAfterBackupRestoration (7ms)
Refreshing native plugins compatible for Editor in 1.45 ms, found 4 plugins.
Preloading 0 native plugins for Editor in 0.00 ms.
Unloading 13 Unused Serialized files (Serialized files now loaded: 0)
Unloading 6627 unused Assets / (3.7 MB). Loaded Objects now: 7326.
Memory consumption went from 151.4 MB to 147.7 MB.
Total: 6.459300 ms (FindLiveObjects: 0.723500 ms CreateObjectMapping: 0.237200 ms MarkObjects: 3.943800 ms  DeleteObjects: 1.554300 ms)

Prepare: number of updated asset objects reloaded= 0
