Using pre-set license
Built from '6000.0/staging' branch; Version is '6000.0.32f1 (b2e806cf271c) revision 11724806'; Using compiler version '193933523'; Build Type 'Release'
OS: 'Windows 10  (10.0.19045) 64bit CoreSingleLanguage' Language: 'ru' Physical Memory: 32509 MB
BatchMode: 1, IsHumanControllingUs: 0, StartBugReporterOnCrash: 0, Is64bit: 1, IsPro: 1

COMMAND LINE ARGUMENTS:
D:\Unity\6000.0.32f1\Editor\Unity.exe
-adb2
-batchMode
-noUpm
-name
AssetImportWorker13
-projectPath
C:/Users/user/Documents/Mindmap/RougeLight/Rouge Light Project
-logFile
Logs/AssetImportWorker13.log
-srvPort
53924
-job-worker-count
9
-background-job-worker-count
8
-gc-helper-count
1
Successfully changed project path to: C:/Users/user/Documents/Mindmap/RougeLight/Rouge Light Project
C:/Users/user/Documents/Mindmap/RougeLight/Rouge Light Project
[UnityMemory] Configuration Parameters - Can be set up in boot.config
    "memorysetup-bucket-allocator-granularity=16"
    "memorysetup-bucket-allocator-bucket-count=8"
    "memorysetup-bucket-allocator-block-size=33554432"
    "memorysetup-bucket-allocator-block-count=8"
    "memorysetup-main-allocator-block-size=16777216"
    "memorysetup-thread-allocator-block-size=16777216"
    "memorysetup-gfx-main-allocator-block-size=16777216"
    "memorysetup-gfx-thread-allocator-block-size=16777216"
    "memorysetup-cache-allocator-block-size=4194304"
    "memorysetup-typetree-allocator-block-size=2097152"
    "memorysetup-profiler-bucket-allocator-granularity=16"
    "memorysetup-profiler-bucket-allocator-bucket-count=8"
    "memorysetup-profiler-bucket-allocator-block-size=33554432"
    "memorysetup-profiler-bucket-allocator-block-count=8"
    "memorysetup-profiler-allocator-block-size=16777216"
    "memorysetup-profiler-editor-allocator-block-size=1048576"
    "memorysetup-temp-allocator-size-main=16777216"
    "memorysetup-job-temp-allocator-block-size=2097152"
    "memorysetup-job-temp-allocator-block-size-background=1048576"
    "memorysetup-job-temp-allocator-reduction-small-platforms=262144"
    "memorysetup-allocator-temp-initial-block-size-main=262144"
    "memorysetup-allocator-temp-initial-block-size-worker=262144"
    "memorysetup-temp-allocator-size-background-worker=32768"
    "memorysetup-temp-allocator-size-job-worker=262144"
    "memorysetup-temp-allocator-size-preload-manager=33554432"
    "memorysetup-temp-allocator-size-nav-mesh-worker=65536"
    "memorysetup-temp-allocator-size-audio-worker=65536"
    "memorysetup-temp-allocator-size-cloud-worker=32768"
    "memorysetup-temp-allocator-size-gi-baking-worker=262144"
    "memorysetup-temp-allocator-size-gi-baking-worker=262144"
    "memorysetup-temp-allocator-size-gi-baking-worker=262144"
    "memorysetup-temp-allocator-size-gi-baking-worker=262144"
    "memorysetup-temp-allocator-size-gi-baking-worker=262144"
    "memorysetup-temp-allocator-size-gfx=262144"
Player connection [53880]  Target information:

Player connection [53880]  * "[IP] 192.168.1.105 [Port] 0 [Flags] 2 [Guid] 536545780 [EditorId] 536545780 [Version] 1048832 [Id] WindowsEditor(7,GreenDesc) [Debug] 1 [PackageName] WindowsEditor [ProjectName] Editor" 

Player connection [53880] Host joined multi-casting on [225.0.0.222:54997]...
Player connection [53880] Host joined alternative multi-casting on [225.0.0.222:34997]...
JobSystem: Creating JobQueue using job-worker-count value 9
[Physics::Module] Initialized fallback backend.
[Physics::Module] Id: 0xdecafbad
Library Redirect Path: Library/
[Physics::Module] Selected backend.
[Physics::Module] Name: PhysX
[Physics::Module] Id: 0xf2b8ea05
[Physics::Module] SDK Version: 4.1.2
[Physics::Module] Integration Version: 1.0.0
[Physics::Module] Threading Mode: Multi-Threaded
Refreshing native plugins compatible for Editor in 3.19 ms, found 4 plugins.
Preloading 0 native plugins for Editor in 0.00 ms.
Initialize engine version: 6000.0.32f1 (b2e806cf271c)
[Subsystems] Discovering subsystems at path D:/Unity/6000.0.32f1/Editor/Data/Resources/UnitySubsystems
[Subsystems] Discovering subsystems at path C:/Users/user/Documents/Mindmap/RougeLight/Rouge Light Project/Assets
GfxDevice: creating device client; kGfxThreadingModeNonThreaded
Direct3D:
    Version:  Direct3D 11.0 [level 11.1]
    Renderer: NVIDIA GeForce RTX 3070 Ti (ID=0x2482)
    Vendor:   NVIDIA
    VRAM:     8017 MB
    Driver:   32.0.15.6636
Initialize mono
Mono path[0] = 'D:/Unity/6000.0.32f1/Editor/Data/Managed'
Mono path[1] = 'D:/Unity/6000.0.32f1/Editor/Data/MonoBleedingEdge/lib/mono/unityjit-win32'
Mono config path = 'D:/Unity/6000.0.32f1/Editor/Data/MonoBleedingEdge/etc'
Using monoOptions --debugger-agent=transport=dt_socket,embedding=1,server=y,suspend=n,address=127.0.0.1:56900
Begin MonoManager ReloadAssembly
Registering precompiled unity dll's ...
Register platform support module: D:/Unity/6000.0.32f1/Editor/Data/PlaybackEngines/WindowsStandaloneSupport/UnityEditor.WindowsStandalone.Extensions.dll
Registered in 0.002889 seconds.
- Loaded All Assemblies, in  0.454 seconds
Native extension for WindowsStandalone target not found
Mono: successfully reloaded assembly
- Finished resetting the current domain, in  0.468 seconds
Domain Reload Profiling: 921ms
	BeginReloadAssembly (154ms)
		ExecutionOrderSort (0ms)
		DisableScriptedObjects (0ms)
		BackupInstance (0ms)
		ReleaseScriptingObjects (0ms)
		CreateAndSetChildDomain (1ms)
	RebuildCommonClasses (44ms)
	RebuildNativeTypeToScriptingClass (16ms)
	initialDomainReloadingComplete (56ms)
	LoadAllAssembliesAndSetupDomain (183ms)
		LoadAssemblies (153ms)
		RebuildTransferFunctionScriptingTraits (0ms)
		AnalyzeDomain (179ms)
			TypeCache.Refresh (177ms)
				TypeCache.ScanAssembly (163ms)
			BuildScriptInfoCaches (0ms)
			ResolveRequiredComponents (1ms)
	FinalizeReload (469ms)
		ReleaseScriptCaches (0ms)
		RebuildScriptCaches (0ms)
		SetupLoadedEditorAssemblies (409ms)
			LogAssemblyErrors (0ms)
			InitializePlatformSupportModulesInManaged (29ms)
			SetLoadedEditorAssemblies (5ms)
			BeforeProcessingInitializeOnLoad (75ms)
			ProcessInitializeOnLoadAttributes (233ms)
			ProcessInitializeOnLoadMethodAttributes (66ms)
			AfterProcessingInitializeOnLoad (0ms)
			EditorAssembliesLoaded (0ms)
		ExecutionOrderSort2 (0ms)
		AwakeInstancesAfterBackupRestoration (0ms)
========================================================================
Worker process is ready to serve import requests
Import Worker Mode flag is 0x00
Begin MonoManager ReloadAssembly
Duplicate assembly 'log4net.dll' with different versions detected, using 'Assets/Packages/log4net.3.0.4/lib/netstandard2.0/log4net.dll, AssemblyName=log4net, Version=3.0.4.0, Culture=neutral, PublicKeyToken=669e0ddf0bb1aa2a' and ignoring 'Packages/com.unity.collab-proxy/Lib/Editor/log4netPlastic.dll, AssemblyName=log4net, Version=1.2.15.0, Culture=neutral, PublicKeyToken=669e0ddf0bb1aa2a'.Symbol file LoadedFromMemory is not a mono symbol file
- Loaded All Assemblies, in  1.074 seconds
Refreshing native plugins compatible for Editor in 2.15 ms, found 4 plugins.
Native extension for WindowsStandalone target not found
log4net:ERROR Exception while reading ConfigurationSettings. Check your .config file is well formed XML.
System.Configuration.ConfigurationErrorsException: Configuration system failed to initialize ---> System.PlatformNotSupportedException: Operation is not supported on this platform.
  at System.Configuration.ClientConfigPaths..ctor (System.String exePath, System.Boolean includeUserConfig) [0x00050] in <5ae095f7408b4d5cb5cdbfc3d3c31d20>:0 
  at System.Configuration.ClientConfigPaths.GetPaths (System.String exePath, System.Boolean includeUserConfig) [0x00018] in <5ae095f7408b4d5cb5cdbfc3d3c31d20>:0 
  at System.Configuration.ClientConfigurationHost.get_ConfigPaths () [0x0000a] in <5ae095f7408b4d5cb5cdbfc3d3c31d20>:0 
  at System.Configuration.ClientConfigurationHost.GetStreamName (System.String configPath) [0x0006d] in <5ae095f7408b4d5cb5cdbfc3d3c31d20>:0 
  at System.Configuration.ClientConfigurationHost.get_IsAppConfigHttp () [0x00000] in <5ae095f7408b4d5cb5cdbfc3d3c31d20>:0 
  at System.Configuration.Internal.DelegatingConfigHost.get_IsAppConfigHttp () [0x00006] in <5ae095f7408b4d5cb5cdbfc3d3c31d20>:0 
  at System.Configuration.ClientConfigurationSystem..ctor () [0x00051] in <5ae095f7408b4d5cb5cdbfc3d3c31d20>:0 
  at System.Configuration.ConfigurationManager.EnsureConfigurationSystem () [0x00024] in <5ae095f7408b4d5cb5cdbfc3d3c31d20>:0 
   --- End of inner exception stack trace ---
  at System.Configuration.ConfigurationManager.EnsureConfigurationSystem () [0x00060] in <5ae095f7408b4d5cb5cdbfc3d3c31d20>:0 
  at System.Configuration.ConfigurationManager.PrepareConfigSystem () [0x0000a] in <5ae095f7408b4d5cb5cdbfc3d3c31d20>:0 
  at System.Configuration.ConfigurationManager.GetSection (System.String sectionName) [0x0000a] in <5ae095f7408b4d5cb5cdbfc3d3c31d20>:0 
  at System.Configuration.ConfigurationManager.get_AppSettings () [0x00000] in <5ae095f7408b4d5cb5cdbfc3d3c31d20>:0 
  at log4net.Util.SystemInfo.GetAppSetting (System.String key) [0x00000] in <00c34789746b40dda4cd7be2c85ba32f>:0 
log4net:ERROR Exception while reading ConfigurationSettings. Check your .config file is well formed XML.
System.Configuration.ConfigurationErrorsException: Configuration system failed to initialize ---> System.PlatformNotSupportedException: Operation is not supported on this platform.
  at System.Configuration.ClientConfigPaths..ctor (System.String exePath, System.Boolean includeUserConfig) [0x00050] in <5ae095f7408b4d5cb5cdbfc3d3c31d20>:0 
  at System.Configuration.ClientConfigPaths.GetPaths (System.String exePath, System.Boolean includeUserConfig) [0x00018] in <5ae095f7408b4d5cb5cdbfc3d3c31d20>:0 
  at System.Configuration.ClientConfigurationHost.get_ConfigPaths () [0x0000a] in <5ae095f7408b4d5cb5cdbfc3d3c31d20>:0 
  at System.Configuration.ClientConfigurationHost.GetStreamName (System.String configPath) [0x0006d] in <5ae095f7408b4d5cb5cdbfc3d3c31d20>:0 
  at System.Configuration.ClientConfigurationHost.get_IsAppConfigHttp () [0x00000] in <5ae095f7408b4d5cb5cdbfc3d3c31d20>:0 
  at System.Configuration.Internal.DelegatingConfigHost.get_IsAppConfigHttp () [0x00006] in <5ae095f7408b4d5cb5cdbfc3d3c31d20>:0 
  at System.Configuration.ClientConfigurationSystem..ctor () [0x00051] in <5ae095f7408b4d5cb5cdbfc3d3c31d20>:0 
  at System.Configuration.ConfigurationManager.EnsureConfigurationSystem () [0x00024] in <5ae095f7408b4d5cb5cdbfc3d3c31d20>:0 
   --- End of inner exception stack trace ---
  at System.Configuration.ConfigurationManager.PrepareConfigSystem () [0x0001a] in <5ae095f7408b4d5cb5cdbfc3d3c31d20>:0 
  at System.Configuration.ConfigurationManager.GetSection (System.String sectionName) [0x0000a] in <5ae095f7408b4d5cb5cdbfc3d3c31d20>:0 
  at System.Configuration.ConfigurationManager.get_AppSettings () [0x00000] in <5ae095f7408b4d5cb5cdbfc3d3c31d20>:0 
  at log4net.Util.SystemInfo.GetAppSetting (System.String key) [0x00000] in <00c34789746b40dda4cd7be2c85ba32f>:0 
log4net:ERROR Exception while reading ConfigurationSettings. Check your .config file is well formed XML.
System.Configuration.ConfigurationErrorsException: Configuration system failed to initialize ---> System.PlatformNotSupportedException: Operation is not supported on this platform.
  at System.Configuration.ClientConfigPaths..ctor (System.String exePath, System.Boolean includeUserConfig) [0x00050] in <5ae095f7408b4d5cb5cdbfc3d3c31d20>:0 
  at System.Configuration.ClientConfigPaths.GetPaths (System.String exePath, System.Boolean includeUserConfig) [0x00018] in <5ae095f7408b4d5cb5cdbfc3d3c31d20>:0 
  at System.Configuration.ClientConfigurationHost.get_ConfigPaths () [0x0000a] in <5ae095f7408b4d5cb5cdbfc3d3c31d20>:0 
  at System.Configuration.ClientConfigurationHost.GetStreamName (System.String configPath) [0x0006d] in <5ae095f7408b4d5cb5cdbfc3d3c31d20>:0 
  at System.Configuration.ClientConfigurationHost.get_IsAppConfigHttp () [0x00000] in <5ae095f7408b4d5cb5cdbfc3d3c31d20>:0 
  at System.Configuration.Internal.DelegatingConfigHost.get_IsAppConfigHttp () [0x00006] in <5ae095f7408b4d5cb5cdbfc3d3c31d20>:0 
  at System.Configuration.ClientConfigurationSystem..ctor () [0x00051] in <5ae095f7408b4d5cb5cdbfc3d3c31d20>:0 
  at System.Configuration.ConfigurationManager.EnsureConfigurationSystem () [0x00024] in <5ae095f7408b4d5cb5cdbfc3d3c31d20>:0 
   --- End of inner exception stack trace ---
  at System.Configuration.ConfigurationManager.PrepareConfigSystem () [0x0001a] in <5ae095f7408b4d5cb5cdbfc3d3c31d20>:0 
  at System.Configuration.ConfigurationManager.GetSection (System.String sectionName) [0x0000a] in <5ae095f7408b4d5cb5cdbfc3d3c31d20>:0 
  at System.Configuration.ConfigurationManager.get_AppSettings () [0x00000] in <5ae095f7408b4d5cb5cdbfc3d3c31d20>:0 
  at log4net.Util.SystemInfo.GetAppSetting (System.String key) [0x00000] in <00c34789746b40dda4cd7be2c85ba32f>:0 
log4net:ERROR Exception while reading ConfigurationSettings. Check your .config file is well formed XML.
System.Configuration.ConfigurationErrorsException: Configuration system failed to initialize ---> System.PlatformNotSupportedException: Operation is not supported on this platform.
  at System.Configuration.ClientConfigPaths..ctor (System.String exePath, System.Boolean includeUserConfig) [0x00050] in <5ae095f7408b4d5cb5cdbfc3d3c31d20>:0 
  at System.Configuration.ClientConfigPaths.GetPaths (System.String exePath, System.Boolean includeUserConfig) [0x00018] in <5ae095f7408b4d5cb5cdbfc3d3c31d20>:0 
  at System.Configuration.ClientConfigurationHost.get_ConfigPaths () [0x0000a] in <5ae095f7408b4d5cb5cdbfc3d3c31d20>:0 
  at System.Configuration.ClientConfigurationHost.GetStreamName (System.String configPath) [0x0006d] in <5ae095f7408b4d5cb5cdbfc3d3c31d20>:0 
  at System.Configuration.ClientConfigurationHost.get_IsAppConfigHttp () [0x00000] in <5ae095f7408b4d5cb5cdbfc3d3c31d20>:0 
  at System.Configuration.Internal.DelegatingConfigHost.get_IsAppConfigHttp () [0x00006] in <5ae095f7408b4d5cb5cdbfc3d3c31d20>:0 
  at System.Configuration.ClientConfigurationSystem..ctor () [0x00051] in <5ae095f7408b4d5cb5cdbfc3d3c31d20>:0 
  at System.Configuration.ConfigurationManager.EnsureConfigurationSystem () [0x00024] in <5ae095f7408b4d5cb5cdbfc3d3c31d20>:0 
   --- End of inner exception stack trace ---
  at System.Configuration.ConfigurationManager.PrepareConfigSystem () [0x0001a] in <5ae095f7408b4d5cb5cdbfc3d3c31d20>:0 
  at System.Configuration.ConfigurationManager.GetSection (System.String sectionName) [0x0000a] in <5ae095f7408b4d5cb5cdbfc3d3c31d20>:0 
  at System.Configuration.ConfigurationManager.get_AppSettings () [0x00000] in <5ae095f7408b4d5cb5cdbfc3d3c31d20>:0 
  at log4net.Util.SystemInfo.GetAppSetting (System.String key) [0x00000] in <00c34789746b40dda4cd7be2c85ba32f>:0 
log4net:ERROR Exception while reading ConfigurationSettings. Check your .config file is well formed XML.
System.Configuration.ConfigurationErrorsException: Configuration system failed to initialize ---> System.PlatformNotSupportedException: Operation is not supported on this platform.
  at System.Configuration.ClientConfigPaths..ctor (System.String exePath, System.Boolean includeUserConfig) [0x00050] in <5ae095f7408b4d5cb5cdbfc3d3c31d20>:0 
  at System.Configuration.ClientConfigPaths.GetPaths (System.String exePath, System.Boolean includeUserConfig) [0x00018] in <5ae095f7408b4d5cb5cdbfc3d3c31d20>:0 
  at System.Configuration.ClientConfigurationHost.get_ConfigPaths () [0x0000a] in <5ae095f7408b4d5cb5cdbfc3d3c31d20>:0 
  at System.Configuration.ClientConfigurationHost.GetStreamName (System.String configPath) [0x0006d] in <5ae095f7408b4d5cb5cdbfc3d3c31d20>:0 
  at System.Configuration.ClientConfigurationHost.get_IsAppConfigHttp () [0x00000] in <5ae095f7408b4d5cb5cdbfc3d3c31d20>:0 
  at System.Configuration.Internal.DelegatingConfigHost.get_IsAppConfigHttp () [0x00006] in <5ae095f7408b4d5cb5cdbfc3d3c31d20>:0 
  at System.Configuration.ClientConfigurationSystem..ctor () [0x00051] in <5ae095f7408b4d5cb5cdbfc3d3c31d20>:0 
  at System.Configuration.ConfigurationManager.EnsureConfigurationSystem () [0x00024] in <5ae095f7408b4d5cb5cdbfc3d3c31d20>:0 
   --- End of inner exception stack trace ---
  at System.Configuration.ConfigurationManager.PrepareConfigSystem () [0x0001a] in <5ae095f7408b4d5cb5cdbfc3d3c31d20>:0 
  at System.Configuration.ConfigurationManager.GetSection (System.String sectionName) [0x0000a] in <5ae095f7408b4d5cb5cdbfc3d3c31d20>:0 
  at System.Configuration.ConfigurationManager.get_AppSettings () [0x00000] in <5ae095f7408b4d5cb5cdbfc3d3c31d20>:0 
  at log4net.Util.SystemInfo.GetAppSetting (System.String key) [0x00000] in <00c34789746b40dda4cd7be2c85ba32f>:0 
log4net:ERROR Exception while reading ConfigurationSettings. Check your .config file is well formed XML.
System.Configuration.ConfigurationErrorsException: Configuration system failed to initialize ---> System.PlatformNotSupportedException: Operation is not supported on this platform.
  at System.Configuration.ClientConfigPaths..ctor (System.String exePath, System.Boolean includeUserConfig) [0x00050] in <5ae095f7408b4d5cb5cdbfc3d3c31d20>:0 
  at System.Configuration.ClientConfigPaths.GetPaths (System.String exePath, System.Boolean includeUserConfig) [0x00018] in <5ae095f7408b4d5cb5cdbfc3d3c31d20>:0 
  at System.Configuration.ClientConfigurationHost.get_ConfigPaths () [0x0000a] in <5ae095f7408b4d5cb5cdbfc3d3c31d20>:0 
  at System.Configuration.ClientConfigurationHost.GetStreamName (System.String configPath) [0x0006d] in <5ae095f7408b4d5cb5cdbfc3d3c31d20>:0 
  at System.Configuration.ClientConfigurationHost.get_IsAppConfigHttp () [0x00000] in <5ae095f7408b4d5cb5cdbfc3d3c31d20>:0 
  at System.Configuration.Internal.DelegatingConfigHost.get_IsAppConfigHttp () [0x00006] in <5ae095f7408b4d5cb5cdbfc3d3c31d20>:0 
  at System.Configuration.ClientConfigurationSystem..ctor () [0x00051] in <5ae095f7408b4d5cb5cdbfc3d3c31d20>:0 
  at System.Configuration.ConfigurationManager.EnsureConfigurationSystem () [0x00024] in <5ae095f7408b4d5cb5cdbfc3d3c31d20>:0 
   --- End of inner exception stack trace ---
  at System.Configuration.ConfigurationManager.PrepareConfigSystem () [0x0001a] in <5ae095f7408b4d5cb5cdbfc3d3c31d20>:0 
  at System.Configuration.ConfigurationManager.GetSection (System.String sectionName) [0x0000a] in <5ae095f7408b4d5cb5cdbfc3d3c31d20>:0 
  at System.Configuration.ConfigurationManager.get_AppSettings () [0x00000] in <5ae095f7408b4d5cb5cdbfc3d3c31d20>:0 
  at log4net.Util.SystemInfo.GetAppSetting (System.String key) [0x00000] in <00c34789746b40dda4cd7be2c85ba32f>:0 
log4net:ERROR Exception while reading ConfigurationSettings. Check your .config file is well formed XML.
System.Configuration.ConfigurationErrorsException: Configuration system failed to initialize ---> System.PlatformNotSupportedException: Operation is not supported on this platform.
  at System.Configuration.ClientConfigPaths..ctor (System.String exePath, System.Boolean includeUserConfig) [0x00050] in <5ae095f7408b4d5cb5cdbfc3d3c31d20>:0 
  at System.Configuration.ClientConfigPaths.GetPaths (System.String exePath, System.Boolean includeUserConfig) [0x00018] in <5ae095f7408b4d5cb5cdbfc3d3c31d20>:0 
  at System.Configuration.ClientConfigurationHost.get_ConfigPaths () [0x0000a] in <5ae095f7408b4d5cb5cdbfc3d3c31d20>:0 
  at System.Configuration.ClientConfigurationHost.GetStreamName (System.String configPath) [0x0006d] in <5ae095f7408b4d5cb5cdbfc3d3c31d20>:0 
  at System.Configuration.ClientConfigurationHost.get_IsAppConfigHttp () [0x00000] in <5ae095f7408b4d5cb5cdbfc3d3c31d20>:0 
  at System.Configuration.Internal.DelegatingConfigHost.get_IsAppConfigHttp () [0x00006] in <5ae095f7408b4d5cb5cdbfc3d3c31d20>:0 
  at System.Configuration.ClientConfigurationSystem..ctor () [0x00051] in <5ae095f7408b4d5cb5cdbfc3d3c31d20>:0 
  at System.Configuration.ConfigurationManager.EnsureConfigurationSystem () [0x00024] in <5ae095f7408b4d5cb5cdbfc3d3c31d20>:0 
   --- End of inner exception stack trace ---
  at System.Configuration.ConfigurationManager.PrepareConfigSystem () [0x0001a] in <5ae095f7408b4d5cb5cdbfc3d3c31d20>:0 
  at System.Configuration.ConfigurationManager.GetSection (System.String sectionName) [0x0000a] in <5ae095f7408b4d5cb5cdbfc3d3c31d20>:0 
  at System.Configuration.ConfigurationManager.get_AppSettings () [0x00000] in <5ae095f7408b4d5cb5cdbfc3d3c31d20>:0 
  at log4net.Util.SystemInfo.GetAppSetting (System.String key) [0x00000] in <00c34789746b40dda4cd7be2c85ba32f>:0 
Mono: successfully reloaded assembly
- Finished resetting the current domain, in  1.151 seconds
Domain Reload Profiling: 2221ms
	BeginReloadAssembly (194ms)
		ExecutionOrderSort (0ms)
		DisableScriptedObjects (8ms)
		BackupInstance (0ms)
		ReleaseScriptingObjects (0ms)
		CreateAndSetChildDomain (29ms)
	RebuildCommonClasses (42ms)
	RebuildNativeTypeToScriptingClass (15ms)
	initialDomainReloadingComplete (51ms)
	LoadAllAssembliesAndSetupDomain (768ms)
		LoadAssemblies (470ms)
		RebuildTransferFunctionScriptingTraits (0ms)
		AnalyzeDomain (413ms)
			TypeCache.Refresh (276ms)
				TypeCache.ScanAssembly (251ms)
			BuildScriptInfoCaches (119ms)
			ResolveRequiredComponents (14ms)
	FinalizeReload (1152ms)
		ReleaseScriptCaches (0ms)
		RebuildScriptCaches (0ms)
		SetupLoadedEditorAssemblies (973ms)
			LogAssemblyErrors (0ms)
			InitializePlatformSupportModulesInManaged (3ms)
			SetLoadedEditorAssemblies (6ms)
			BeforeProcessingInitializeOnLoad (138ms)
			ProcessInitializeOnLoadAttributes (687ms)
			ProcessInitializeOnLoadMethodAttributes (137ms)
			AfterProcessingInitializeOnLoad (3ms)
			EditorAssembliesLoaded (0ms)
		ExecutionOrderSort2 (0ms)
		AwakeInstancesAfterBackupRestoration (7ms)
Launched and connected shader compiler UnityShaderCompiler.exe after 0.01 seconds
Refreshing native plugins compatible for Editor in 2.41 ms, found 4 plugins.
Preloading 0 native plugins for Editor in 0.00 ms.
Unloading 219 Unused Serialized files (Serialized files now loaded: 0)
Unloading 6683 unused Assets / (4.4 MB). Loaded Objects now: 7351.
Memory consumption went from 185.6 MB to 181.3 MB.
Total: 9.072400 ms (FindLiveObjects: 0.869800 ms CreateObjectMapping: 0.587500 ms MarkObjects: 5.542500 ms  DeleteObjects: 2.071200 ms)

========================================================================
Received Import Request.
  Time since last request: 677367.558861 seconds.
  path: Assets/Resources/MainMenu/GIF_Background/title02.png
  artifactKey: Guid(fe6ed4106cdbe2648a4bd1ab87ddc001) Importer(815301076,1909f56bfc062723c751e8b465ee728b)
Start importing Assets/Resources/MainMenu/GIF_Background/title02.png using Guid(fe6ed4106cdbe2648a4bd1ab87ddc001) Importer(815301076,1909f56bfc062723c751e8b465ee728b) (PreviewImporter) -> (artifact id: 'a1b834745172fbe9ddb48336c6c6df7a') in 0.1767922 seconds
Number of updated asset objects reloaded before import = 0Number of asset objects unloaded after import = 3

========================================================================
Received Import Request.
  Time since last request: 0.000027 seconds.
  path: Assets/Resources/MainMenu/GIF_Background/title10.png
  artifactKey: Guid(b05918ea50ad11e42ac012700a4fc151) Importer(815301076,1909f56bfc062723c751e8b465ee728b)
Start importing Assets/Resources/MainMenu/GIF_Background/title10.png using Guid(b05918ea50ad11e42ac012700a4fc151) Importer(815301076,1909f56bfc062723c751e8b465ee728b) (PreviewImporter) -> (artifact id: '229a4a0b121d1d4beab9f91e850e2fd4') in 0.008843 seconds
Number of updated asset objects reloaded before import = 0Number of asset objects unloaded after import = 3

========================================================================
Received Import Request.
  Time since last request: 0.000072 seconds.
  path: Assets/Resources/MainMenu/GIF_Background/title31.png
  artifactKey: Guid(e53ace197e3f2114aa61cef5c7538cc4) Importer(815301076,1909f56bfc062723c751e8b465ee728b)
Start importing Assets/Resources/MainMenu/GIF_Background/title31.png using Guid(e53ace197e3f2114aa61cef5c7538cc4) Importer(815301076,1909f56bfc062723c751e8b465ee728b) (PreviewImporter) -> (artifact id: '5acbe3f891a7968c959c0f47d3e7026b') in 0.0357767 seconds
Number of updated asset objects reloaded before import = 0Number of asset objects unloaded after import = 3

========================================================================
Received Import Request.
  Time since last request: 0.000019 seconds.
  path: Assets/Resources/MainMenu/GIF_Background/title16.png
  artifactKey: Guid(1fb4a21bfe074414195b375a72d99f42) Importer(815301076,1909f56bfc062723c751e8b465ee728b)
Start importing Assets/Resources/MainMenu/GIF_Background/title16.png using Guid(1fb4a21bfe074414195b375a72d99f42) Importer(815301076,1909f56bfc062723c751e8b465ee728b) (PreviewImporter) -> (artifact id: '7d8de2731de1df1132e6224b51550df7') in 0.0091909 seconds
Number of updated asset objects reloaded before import = 0Number of asset objects unloaded after import = 3

========================================================================
Received Import Request.
  Time since last request: 0.000020 seconds.
  path: Assets/Resources/MainMenu/GIF_Background/title28.png
  artifactKey: Guid(80067db351557bf4dad0c1d2aec3bba9) Importer(815301076,1909f56bfc062723c751e8b465ee728b)
Start importing Assets/Resources/MainMenu/GIF_Background/title28.png using Guid(80067db351557bf4dad0c1d2aec3bba9) Importer(815301076,1909f56bfc062723c751e8b465ee728b) (PreviewImporter) -> (artifact id: '6181177d946c57407f68a6c7c8822794') in 0.01098 seconds
Number of updated asset objects reloaded before import = 0Number of asset objects unloaded after import = 3

========================================================================
Received Import Request.
  Time since last request: 0.000020 seconds.
  path: Assets/Resources/MainMenu/GIF_Background/title06.png
  artifactKey: Guid(639fb065c98767a4187e7d42f2b5bd21) Importer(815301076,1909f56bfc062723c751e8b465ee728b)
Start importing Assets/Resources/MainMenu/GIF_Background/title06.png using Guid(639fb065c98767a4187e7d42f2b5bd21) Importer(815301076,1909f56bfc062723c751e8b465ee728b) (PreviewImporter) -> (artifact id: 'b58ca02a8cd4798473d6949f4dc44203') in 0.0101236 seconds
Number of updated asset objects reloaded before import = 0Number of asset objects unloaded after import = 3

========================================================================
Received Import Request.
  Time since last request: 0.000016 seconds.
  path: Assets/Resources/MainMenu/GIF_Background/title29.png
  artifactKey: Guid(f6689d3700ee01a489395eb006d78c14) Importer(815301076,1909f56bfc062723c751e8b465ee728b)
Start importing Assets/Resources/MainMenu/GIF_Background/title29.png using Guid(f6689d3700ee01a489395eb006d78c14) Importer(815301076,1909f56bfc062723c751e8b465ee728b) (PreviewImporter) -> (artifact id: '2d083a2e8311630cf078ccb6596591c2') in 0.008746 seconds
Number of updated asset objects reloaded before import = 0Number of asset objects unloaded after import = 3

========================================================================
Received Prepare
Begin MonoManager ReloadAssembly
Duplicate assembly 'log4net.dll' with different versions detected, using 'Assets/Packages/log4net.3.0.4/lib/netstandard2.0/log4net.dll, AssemblyName=log4net, Version=3.0.4.0, Culture=neutral, PublicKeyToken=669e0ddf0bb1aa2a' and ignoring 'Packages/com.unity.collab-proxy/Lib/Editor/log4netPlastic.dll, AssemblyName=log4net, Version=1.2.15.0, Culture=neutral, PublicKeyToken=669e0ddf0bb1aa2a'.Symbol file LoadedFromMemory is not a mono symbol file
- Loaded All Assemblies, in  0.998 seconds
Refreshing native plugins compatible for Editor in 2.11 ms, found 4 plugins.
Native extension for WindowsStandalone target not found
log4net:ERROR Exception while reading ConfigurationSettings. Check your .config file is well formed XML.
System.Configuration.ConfigurationErrorsException: Configuration system failed to initialize ---> System.PlatformNotSupportedException: Operation is not supported on this platform.
  at System.Configuration.ClientConfigPaths..ctor (System.String exePath, System.Boolean includeUserConfig) [0x00050] in <5ae095f7408b4d5cb5cdbfc3d3c31d20>:0 
  at System.Configuration.ClientConfigPaths.GetPaths (System.String exePath, System.Boolean includeUserConfig) [0x00018] in <5ae095f7408b4d5cb5cdbfc3d3c31d20>:0 
  at System.Configuration.ClientConfigurationHost.get_ConfigPaths () [0x0000a] in <5ae095f7408b4d5cb5cdbfc3d3c31d20>:0 
  at System.Configuration.ClientConfigurationHost.GetStreamName (System.String configPath) [0x0006d] in <5ae095f7408b4d5cb5cdbfc3d3c31d20>:0 
  at System.Configuration.ClientConfigurationHost.get_IsAppConfigHttp () [0x00000] in <5ae095f7408b4d5cb5cdbfc3d3c31d20>:0 
  at System.Configuration.Internal.DelegatingConfigHost.get_IsAppConfigHttp () [0x00006] in <5ae095f7408b4d5cb5cdbfc3d3c31d20>:0 
  at System.Configuration.ClientConfigurationSystem..ctor () [0x00051] in <5ae095f7408b4d5cb5cdbfc3d3c31d20>:0 
  at System.Configuration.ConfigurationManager.EnsureConfigurationSystem () [0x00024] in <5ae095f7408b4d5cb5cdbfc3d3c31d20>:0 
   --- End of inner exception stack trace ---
  at System.Configuration.ConfigurationManager.EnsureConfigurationSystem () [0x00060] in <5ae095f7408b4d5cb5cdbfc3d3c31d20>:0 
  at System.Configuration.ConfigurationManager.PrepareConfigSystem () [0x0000a] in <5ae095f7408b4d5cb5cdbfc3d3c31d20>:0 
  at System.Configuration.ConfigurationManager.GetSection (System.String sectionName) [0x0000a] in <5ae095f7408b4d5cb5cdbfc3d3c31d20>:0 
  at System.Configuration.ConfigurationManager.get_AppSettings () [0x00000] in <5ae095f7408b4d5cb5cdbfc3d3c31d20>:0 
  at log4net.Util.SystemInfo.GetAppSetting (System.String key) [0x00000] in <00c34789746b40dda4cd7be2c85ba32f>:0 
log4net:ERROR Exception while reading ConfigurationSettings. Check your .config file is well formed XML.
System.Configuration.ConfigurationErrorsException: Configuration system failed to initialize ---> System.PlatformNotSupportedException: Operation is not supported on this platform.
  at System.Configuration.ClientConfigPaths..ctor (System.String exePath, System.Boolean includeUserConfig) [0x00050] in <5ae095f7408b4d5cb5cdbfc3d3c31d20>:0 
  at System.Configuration.ClientConfigPaths.GetPaths (System.String exePath, System.Boolean includeUserConfig) [0x00018] in <5ae095f7408b4d5cb5cdbfc3d3c31d20>:0 
  at System.Configuration.ClientConfigurationHost.get_ConfigPaths () [0x0000a] in <5ae095f7408b4d5cb5cdbfc3d3c31d20>:0 
  at System.Configuration.ClientConfigurationHost.GetStreamName (System.String configPath) [0x0006d] in <5ae095f7408b4d5cb5cdbfc3d3c31d20>:0 
  at System.Configuration.ClientConfigurationHost.get_IsAppConfigHttp () [0x00000] in <5ae095f7408b4d5cb5cdbfc3d3c31d20>:0 
  at System.Configuration.Internal.DelegatingConfigHost.get_IsAppConfigHttp () [0x00006] in <5ae095f7408b4d5cb5cdbfc3d3c31d20>:0 
  at System.Configuration.ClientConfigurationSystem..ctor () [0x00051] in <5ae095f7408b4d5cb5cdbfc3d3c31d20>:0 
  at System.Configuration.ConfigurationManager.EnsureConfigurationSystem () [0x00024] in <5ae095f7408b4d5cb5cdbfc3d3c31d20>:0 
   --- End of inner exception stack trace ---
  at System.Configuration.ConfigurationManager.PrepareConfigSystem () [0x0001a] in <5ae095f7408b4d5cb5cdbfc3d3c31d20>:0 
  at System.Configuration.ConfigurationManager.GetSection (System.String sectionName) [0x0000a] in <5ae095f7408b4d5cb5cdbfc3d3c31d20>:0 
  at System.Configuration.ConfigurationManager.get_AppSettings () [0x00000] in <5ae095f7408b4d5cb5cdbfc3d3c31d20>:0 
  at log4net.Util.SystemInfo.GetAppSetting (System.String key) [0x00000] in <00c34789746b40dda4cd7be2c85ba32f>:0 
log4net:ERROR Exception while reading ConfigurationSettings. Check your .config file is well formed XML.
System.Configuration.ConfigurationErrorsException: Configuration system failed to initialize ---> System.PlatformNotSupportedException: Operation is not supported on this platform.
  at System.Configuration.ClientConfigPaths..ctor (System.String exePath, System.Boolean includeUserConfig) [0x00050] in <5ae095f7408b4d5cb5cdbfc3d3c31d20>:0 
  at System.Configuration.ClientConfigPaths.GetPaths (System.String exePath, System.Boolean includeUserConfig) [0x00018] in <5ae095f7408b4d5cb5cdbfc3d3c31d20>:0 
  at System.Configuration.ClientConfigurationHost.get_ConfigPaths () [0x0000a] in <5ae095f7408b4d5cb5cdbfc3d3c31d20>:0 
  at System.Configuration.ClientConfigurationHost.GetStreamName (System.String configPath) [0x0006d] in <5ae095f7408b4d5cb5cdbfc3d3c31d20>:0 
  at System.Configuration.ClientConfigurationHost.get_IsAppConfigHttp () [0x00000] in <5ae095f7408b4d5cb5cdbfc3d3c31d20>:0 
  at System.Configuration.Internal.DelegatingConfigHost.get_IsAppConfigHttp () [0x00006] in <5ae095f7408b4d5cb5cdbfc3d3c31d20>:0 
  at System.Configuration.ClientConfigurationSystem..ctor () [0x00051] in <5ae095f7408b4d5cb5cdbfc3d3c31d20>:0 
  at System.Configuration.ConfigurationManager.EnsureConfigurationSystem () [0x00024] in <5ae095f7408b4d5cb5cdbfc3d3c31d20>:0 
   --- End of inner exception stack trace ---
  at System.Configuration.ConfigurationManager.PrepareConfigSystem () [0x0001a] in <5ae095f7408b4d5cb5cdbfc3d3c31d20>:0 
  at System.Configuration.ConfigurationManager.GetSection (System.String sectionName) [0x0000a] in <5ae095f7408b4d5cb5cdbfc3d3c31d20>:0 
  at System.Configuration.ConfigurationManager.get_AppSettings () [0x00000] in <5ae095f7408b4d5cb5cdbfc3d3c31d20>:0 
  at log4net.Util.SystemInfo.GetAppSetting (System.String key) [0x00000] in <00c34789746b40dda4cd7be2c85ba32f>:0 
log4net:ERROR Exception while reading ConfigurationSettings. Check your .config file is well formed XML.
System.Configuration.ConfigurationErrorsException: Configuration system failed to initialize ---> System.PlatformNotSupportedException: Operation is not supported on this platform.
  at System.Configuration.ClientConfigPaths..ctor (System.String exePath, System.Boolean includeUserConfig) [0x00050] in <5ae095f7408b4d5cb5cdbfc3d3c31d20>:0 
  at System.Configuration.ClientConfigPaths.GetPaths (System.String exePath, System.Boolean includeUserConfig) [0x00018] in <5ae095f7408b4d5cb5cdbfc3d3c31d20>:0 
  at System.Configuration.ClientConfigurationHost.get_ConfigPaths () [0x0000a] in <5ae095f7408b4d5cb5cdbfc3d3c31d20>:0 
  at System.Configuration.ClientConfigurationHost.GetStreamName (System.String configPath) [0x0006d] in <5ae095f7408b4d5cb5cdbfc3d3c31d20>:0 
  at System.Configuration.ClientConfigurationHost.get_IsAppConfigHttp () [0x00000] in <5ae095f7408b4d5cb5cdbfc3d3c31d20>:0 
  at System.Configuration.Internal.DelegatingConfigHost.get_IsAppConfigHttp () [0x00006] in <5ae095f7408b4d5cb5cdbfc3d3c31d20>:0 
  at System.Configuration.ClientConfigurationSystem..ctor () [0x00051] in <5ae095f7408b4d5cb5cdbfc3d3c31d20>:0 
  at System.Configuration.ConfigurationManager.EnsureConfigurationSystem () [0x00024] in <5ae095f7408b4d5cb5cdbfc3d3c31d20>:0 
   --- End of inner exception stack trace ---
  at System.Configuration.ConfigurationManager.PrepareConfigSystem () [0x0001a] in <5ae095f7408b4d5cb5cdbfc3d3c31d20>:0 
  at System.Configuration.ConfigurationManager.GetSection (System.String sectionName) [0x0000a] in <5ae095f7408b4d5cb5cdbfc3d3c31d20>:0 
  at System.Configuration.ConfigurationManager.get_AppSettings () [0x00000] in <5ae095f7408b4d5cb5cdbfc3d3c31d20>:0 
  at log4net.Util.SystemInfo.GetAppSetting (System.String key) [0x00000] in <00c34789746b40dda4cd7be2c85ba32f>:0 
log4net:ERROR Exception while reading ConfigurationSettings. Check your .config file is well formed XML.
System.Configuration.ConfigurationErrorsException: Configuration system failed to initialize ---> System.PlatformNotSupportedException: Operation is not supported on this platform.
  at System.Configuration.ClientConfigPaths..ctor (System.String exePath, System.Boolean includeUserConfig) [0x00050] in <5ae095f7408b4d5cb5cdbfc3d3c31d20>:0 
  at System.Configuration.ClientConfigPaths.GetPaths (System.String exePath, System.Boolean includeUserConfig) [0x00018] in <5ae095f7408b4d5cb5cdbfc3d3c31d20>:0 
  at System.Configuration.ClientConfigurationHost.get_ConfigPaths () [0x0000a] in <5ae095f7408b4d5cb5cdbfc3d3c31d20>:0 
  at System.Configuration.ClientConfigurationHost.GetStreamName (System.String configPath) [0x0006d] in <5ae095f7408b4d5cb5cdbfc3d3c31d20>:0 
  at System.Configuration.ClientConfigurationHost.get_IsAppConfigHttp () [0x00000] in <5ae095f7408b4d5cb5cdbfc3d3c31d20>:0 
  at System.Configuration.Internal.DelegatingConfigHost.get_IsAppConfigHttp () [0x00006] in <5ae095f7408b4d5cb5cdbfc3d3c31d20>:0 
  at System.Configuration.ClientConfigurationSystem..ctor () [0x00051] in <5ae095f7408b4d5cb5cdbfc3d3c31d20>:0 
  at System.Configuration.ConfigurationManager.EnsureConfigurationSystem () [0x00024] in <5ae095f7408b4d5cb5cdbfc3d3c31d20>:0 
   --- End of inner exception stack trace ---
  at System.Configuration.ConfigurationManager.PrepareConfigSystem () [0x0001a] in <5ae095f7408b4d5cb5cdbfc3d3c31d20>:0 
  at System.Configuration.ConfigurationManager.GetSection (System.String sectionName) [0x0000a] in <5ae095f7408b4d5cb5cdbfc3d3c31d20>:0 
  at System.Configuration.ConfigurationManager.get_AppSettings () [0x00000] in <5ae095f7408b4d5cb5cdbfc3d3c31d20>:0 
  at log4net.Util.SystemInfo.GetAppSetting (System.String key) [0x00000] in <00c34789746b40dda4cd7be2c85ba32f>:0 
log4net:ERROR Exception while reading ConfigurationSettings. Check your .config file is well formed XML.
System.Configuration.ConfigurationErrorsException: Configuration system failed to initialize ---> System.PlatformNotSupportedException: Operation is not supported on this platform.
  at System.Configuration.ClientConfigPaths..ctor (System.String exePath, System.Boolean includeUserConfig) [0x00050] in <5ae095f7408b4d5cb5cdbfc3d3c31d20>:0 
  at System.Configuration.ClientConfigPaths.GetPaths (System.String exePath, System.Boolean includeUserConfig) [0x00018] in <5ae095f7408b4d5cb5cdbfc3d3c31d20>:0 
  at System.Configuration.ClientConfigurationHost.get_ConfigPaths () [0x0000a] in <5ae095f7408b4d5cb5cdbfc3d3c31d20>:0 
  at System.Configuration.ClientConfigurationHost.GetStreamName (System.String configPath) [0x0006d] in <5ae095f7408b4d5cb5cdbfc3d3c31d20>:0 
  at System.Configuration.ClientConfigurationHost.get_IsAppConfigHttp () [0x00000] in <5ae095f7408b4d5cb5cdbfc3d3c31d20>:0 
  at System.Configuration.Internal.DelegatingConfigHost.get_IsAppConfigHttp () [0x00006] in <5ae095f7408b4d5cb5cdbfc3d3c31d20>:0 
  at System.Configuration.ClientConfigurationSystem..ctor () [0x00051] in <5ae095f7408b4d5cb5cdbfc3d3c31d20>:0 
  at System.Configuration.ConfigurationManager.EnsureConfigurationSystem () [0x00024] in <5ae095f7408b4d5cb5cdbfc3d3c31d20>:0 
   --- End of inner exception stack trace ---
  at System.Configuration.ConfigurationManager.PrepareConfigSystem () [0x0001a] in <5ae095f7408b4d5cb5cdbfc3d3c31d20>:0 
  at System.Configuration.ConfigurationManager.GetSection (System.String sectionName) [0x0000a] in <5ae095f7408b4d5cb5cdbfc3d3c31d20>:0 
  at System.Configuration.ConfigurationManager.get_AppSettings () [0x00000] in <5ae095f7408b4d5cb5cdbfc3d3c31d20>:0 
  at log4net.Util.SystemInfo.GetAppSetting (System.String key) [0x00000] in <00c34789746b40dda4cd7be2c85ba32f>:0 
log4net:ERROR Exception while reading ConfigurationSettings. Check your .config file is well formed XML.
System.Configuration.ConfigurationErrorsException: Configuration system failed to initialize ---> System.PlatformNotSupportedException: Operation is not supported on this platform.
  at System.Configuration.ClientConfigPaths..ctor (System.String exePath, System.Boolean includeUserConfig) [0x00050] in <5ae095f7408b4d5cb5cdbfc3d3c31d20>:0 
  at System.Configuration.ClientConfigPaths.GetPaths (System.String exePath, System.Boolean includeUserConfig) [0x00018] in <5ae095f7408b4d5cb5cdbfc3d3c31d20>:0 
  at System.Configuration.ClientConfigurationHost.get_ConfigPaths () [0x0000a] in <5ae095f7408b4d5cb5cdbfc3d3c31d20>:0 
  at System.Configuration.ClientConfigurationHost.GetStreamName (System.String configPath) [0x0006d] in <5ae095f7408b4d5cb5cdbfc3d3c31d20>:0 
  at System.Configuration.ClientConfigurationHost.get_IsAppConfigHttp () [0x00000] in <5ae095f7408b4d5cb5cdbfc3d3c31d20>:0 
  at System.Configuration.Internal.DelegatingConfigHost.get_IsAppConfigHttp () [0x00006] in <5ae095f7408b4d5cb5cdbfc3d3c31d20>:0 
  at System.Configuration.ClientConfigurationSystem..ctor () [0x00051] in <5ae095f7408b4d5cb5cdbfc3d3c31d20>:0 
  at System.Configuration.ConfigurationManager.EnsureConfigurationSystem () [0x00024] in <5ae095f7408b4d5cb5cdbfc3d3c31d20>:0 
   --- End of inner exception stack trace ---
  at System.Configuration.ConfigurationManager.PrepareConfigSystem () [0x0001a] in <5ae095f7408b4d5cb5cdbfc3d3c31d20>:0 
  at System.Configuration.ConfigurationManager.GetSection (System.String sectionName) [0x0000a] in <5ae095f7408b4d5cb5cdbfc3d3c31d20>:0 
  at System.Configuration.ConfigurationManager.get_AppSettings () [0x00000] in <5ae095f7408b4d5cb5cdbfc3d3c31d20>:0 
  at log4net.Util.SystemInfo.GetAppSetting (System.String key) [0x00000] in <00c34789746b40dda4cd7be2c85ba32f>:0 
Mono: successfully reloaded assembly
- Finished resetting the current domain, in  1.119 seconds
Domain Reload Profiling: 2116ms
	BeginReloadAssembly (246ms)
		ExecutionOrderSort (0ms)
		DisableScriptedObjects (18ms)
		BackupInstance (0ms)
		ReleaseScriptingObjects (0ms)
		CreateAndSetChildDomain (62ms)
	RebuildCommonClasses (41ms)
	RebuildNativeTypeToScriptingClass (16ms)
	initialDomainReloadingComplete (36ms)
	LoadAllAssembliesAndSetupDomain (656ms)
		LoadAssemblies (477ms)
		RebuildTransferFunctionScriptingTraits (0ms)
		AnalyzeDomain (297ms)
			TypeCache.Refresh (10ms)
				TypeCache.ScanAssembly (0ms)
			BuildScriptInfoCaches (270ms)
			ResolveRequiredComponents (14ms)
	FinalizeReload (1120ms)
		ReleaseScriptCaches (0ms)
		RebuildScriptCaches (0ms)
		SetupLoadedEditorAssemblies (869ms)
			LogAssemblyErrors (0ms)
			InitializePlatformSupportModulesInManaged (3ms)
			SetLoadedEditorAssemblies (5ms)
			BeforeProcessingInitializeOnLoad (147ms)
			ProcessInitializeOnLoadAttributes (589ms)
			ProcessInitializeOnLoadMethodAttributes (122ms)
			AfterProcessingInitializeOnLoad (3ms)
			EditorAssembliesLoaded (0ms)
		ExecutionOrderSort2 (0ms)
		AwakeInstancesAfterBackupRestoration (17ms)
Refreshing native plugins compatible for Editor in 2.80 ms, found 4 plugins.
Preloading 0 native plugins for Editor in 0.00 ms.
Unloading 13 Unused Serialized files (Serialized files now loaded: 0)
Unloading 6681 unused Assets / (3.5 MB). Loaded Objects now: 7362.
Memory consumption went from 157.8 MB to 154.2 MB.
Total: 38.786600 ms (FindLiveObjects: 0.916300 ms CreateObjectMapping: 0.600300 ms MarkObjects: 5.530200 ms  DeleteObjects: 31.738100 ms)

Prepare: number of updated asset objects reloaded= 0
========================================================================
Received Prepare
Begin MonoManager ReloadAssembly
Duplicate assembly 'log4net.dll' with different versions detected, using 'Assets/Packages/log4net.3.0.4/lib/netstandard2.0/log4net.dll, AssemblyName=log4net, Version=3.0.4.0, Culture=neutral, PublicKeyToken=669e0ddf0bb1aa2a' and ignoring 'Packages/com.unity.collab-proxy/Lib/Editor/log4netPlastic.dll, AssemblyName=log4net, Version=1.2.15.0, Culture=neutral, PublicKeyToken=669e0ddf0bb1aa2a'.Symbol file LoadedFromMemory is not a mono symbol file
- Loaded All Assemblies, in  0.982 seconds
Refreshing native plugins compatible for Editor in 2.03 ms, found 4 plugins.
Native extension for WindowsStandalone target not found
log4net:ERROR Exception while reading ConfigurationSettings. Check your .config file is well formed XML.
System.Configuration.ConfigurationErrorsException: Configuration system failed to initialize ---> System.PlatformNotSupportedException: Operation is not supported on this platform.
  at System.Configuration.ClientConfigPaths..ctor (System.String exePath, System.Boolean includeUserConfig) [0x00050] in <5ae095f7408b4d5cb5cdbfc3d3c31d20>:0 
  at System.Configuration.ClientConfigPaths.GetPaths (System.String exePath, System.Boolean includeUserConfig) [0x00018] in <5ae095f7408b4d5cb5cdbfc3d3c31d20>:0 
  at System.Configuration.ClientConfigurationHost.get_ConfigPaths () [0x0000a] in <5ae095f7408b4d5cb5cdbfc3d3c31d20>:0 
  at System.Configuration.ClientConfigurationHost.GetStreamName (System.String configPath) [0x0006d] in <5ae095f7408b4d5cb5cdbfc3d3c31d20>:0 
  at System.Configuration.ClientConfigurationHost.get_IsAppConfigHttp () [0x00000] in <5ae095f7408b4d5cb5cdbfc3d3c31d20>:0 
  at System.Configuration.Internal.DelegatingConfigHost.get_IsAppConfigHttp () [0x00006] in <5ae095f7408b4d5cb5cdbfc3d3c31d20>:0 
  at System.Configuration.ClientConfigurationSystem..ctor () [0x00051] in <5ae095f7408b4d5cb5cdbfc3d3c31d20>:0 
  at System.Configuration.ConfigurationManager.EnsureConfigurationSystem () [0x00024] in <5ae095f7408b4d5cb5cdbfc3d3c31d20>:0 
   --- End of inner exception stack trace ---
  at System.Configuration.ConfigurationManager.EnsureConfigurationSystem () [0x00060] in <5ae095f7408b4d5cb5cdbfc3d3c31d20>:0 
  at System.Configuration.ConfigurationManager.PrepareConfigSystem () [0x0000a] in <5ae095f7408b4d5cb5cdbfc3d3c31d20>:0 
  at System.Configuration.ConfigurationManager.GetSection (System.String sectionName) [0x0000a] in <5ae095f7408b4d5cb5cdbfc3d3c31d20>:0 
  at System.Configuration.ConfigurationManager.get_AppSettings () [0x00000] in <5ae095f7408b4d5cb5cdbfc3d3c31d20>:0 
  at log4net.Util.SystemInfo.GetAppSetting (System.String key) [0x00000] in <00c34789746b40dda4cd7be2c85ba32f>:0 
log4net:ERROR Exception while reading ConfigurationSettings. Check your .config file is well formed XML.
System.Configuration.ConfigurationErrorsException: Configuration system failed to initialize ---> System.PlatformNotSupportedException: Operation is not supported on this platform.
  at System.Configuration.ClientConfigPaths..ctor (System.String exePath, System.Boolean includeUserConfig) [0x00050] in <5ae095f7408b4d5cb5cdbfc3d3c31d20>:0 
  at System.Configuration.ClientConfigPaths.GetPaths (System.String exePath, System.Boolean includeUserConfig) [0x00018] in <5ae095f7408b4d5cb5cdbfc3d3c31d20>:0 
  at System.Configuration.ClientConfigurationHost.get_ConfigPaths () [0x0000a] in <5ae095f7408b4d5cb5cdbfc3d3c31d20>:0 
  at System.Configuration.ClientConfigurationHost.GetStreamName (System.String configPath) [0x0006d] in <5ae095f7408b4d5cb5cdbfc3d3c31d20>:0 
  at System.Configuration.ClientConfigurationHost.get_IsAppConfigHttp () [0x00000] in <5ae095f7408b4d5cb5cdbfc3d3c31d20>:0 
  at System.Configuration.Internal.DelegatingConfigHost.get_IsAppConfigHttp () [0x00006] in <5ae095f7408b4d5cb5cdbfc3d3c31d20>:0 
  at System.Configuration.ClientConfigurationSystem..ctor () [0x00051] in <5ae095f7408b4d5cb5cdbfc3d3c31d20>:0 
  at System.Configuration.ConfigurationManager.EnsureConfigurationSystem () [0x00024] in <5ae095f7408b4d5cb5cdbfc3d3c31d20>:0 
   --- End of inner exception stack trace ---
  at System.Configuration.ConfigurationManager.PrepareConfigSystem () [0x0001a] in <5ae095f7408b4d5cb5cdbfc3d3c31d20>:0 
  at System.Configuration.ConfigurationManager.GetSection (System.String sectionName) [0x0000a] in <5ae095f7408b4d5cb5cdbfc3d3c31d20>:0 
  at System.Configuration.ConfigurationManager.get_AppSettings () [0x00000] in <5ae095f7408b4d5cb5cdbfc3d3c31d20>:0 
  at log4net.Util.SystemInfo.GetAppSetting (System.String key) [0x00000] in <00c34789746b40dda4cd7be2c85ba32f>:0 
log4net:ERROR Exception while reading ConfigurationSettings. Check your .config file is well formed XML.
System.Configuration.ConfigurationErrorsException: Configuration system failed to initialize ---> System.PlatformNotSupportedException: Operation is not supported on this platform.
  at System.Configuration.ClientConfigPaths..ctor (System.String exePath, System.Boolean includeUserConfig) [0x00050] in <5ae095f7408b4d5cb5cdbfc3d3c31d20>:0 
  at System.Configuration.ClientConfigPaths.GetPaths (System.String exePath, System.Boolean includeUserConfig) [0x00018] in <5ae095f7408b4d5cb5cdbfc3d3c31d20>:0 
  at System.Configuration.ClientConfigurationHost.get_ConfigPaths () [0x0000a] in <5ae095f7408b4d5cb5cdbfc3d3c31d20>:0 
  at System.Configuration.ClientConfigurationHost.GetStreamName (System.String configPath) [0x0006d] in <5ae095f7408b4d5cb5cdbfc3d3c31d20>:0 
  at System.Configuration.ClientConfigurationHost.get_IsAppConfigHttp () [0x00000] in <5ae095f7408b4d5cb5cdbfc3d3c31d20>:0 
  at System.Configuration.Internal.DelegatingConfigHost.get_IsAppConfigHttp () [0x00006] in <5ae095f7408b4d5cb5cdbfc3d3c31d20>:0 
  at System.Configuration.ClientConfigurationSystem..ctor () [0x00051] in <5ae095f7408b4d5cb5cdbfc3d3c31d20>:0 
  at System.Configuration.ConfigurationManager.EnsureConfigurationSystem () [0x00024] in <5ae095f7408b4d5cb5cdbfc3d3c31d20>:0 
   --- End of inner exception stack trace ---
  at System.Configuration.ConfigurationManager.PrepareConfigSystem () [0x0001a] in <5ae095f7408b4d5cb5cdbfc3d3c31d20>:0 
  at System.Configuration.ConfigurationManager.GetSection (System.String sectionName) [0x0000a] in <5ae095f7408b4d5cb5cdbfc3d3c31d20>:0 
  at System.Configuration.ConfigurationManager.get_AppSettings () [0x00000] in <5ae095f7408b4d5cb5cdbfc3d3c31d20>:0 
  at log4net.Util.SystemInfo.GetAppSetting (System.String key) [0x00000] in <00c34789746b40dda4cd7be2c85ba32f>:0 
log4net:ERROR Exception while reading ConfigurationSettings. Check your .config file is well formed XML.
System.Configuration.ConfigurationErrorsException: Configuration system failed to initialize ---> System.PlatformNotSupportedException: Operation is not supported on this platform.
  at System.Configuration.ClientConfigPaths..ctor (System.String exePath, System.Boolean includeUserConfig) [0x00050] in <5ae095f7408b4d5cb5cdbfc3d3c31d20>:0 
  at System.Configuration.ClientConfigPaths.GetPaths (System.String exePath, System.Boolean includeUserConfig) [0x00018] in <5ae095f7408b4d5cb5cdbfc3d3c31d20>:0 
  at System.Configuration.ClientConfigurationHost.get_ConfigPaths () [0x0000a] in <5ae095f7408b4d5cb5cdbfc3d3c31d20>:0 
  at System.Configuration.ClientConfigurationHost.GetStreamName (System.String configPath) [0x0006d] in <5ae095f7408b4d5cb5cdbfc3d3c31d20>:0 
  at System.Configuration.ClientConfigurationHost.get_IsAppConfigHttp () [0x00000] in <5ae095f7408b4d5cb5cdbfc3d3c31d20>:0 
  at System.Configuration.Internal.DelegatingConfigHost.get_IsAppConfigHttp () [0x00006] in <5ae095f7408b4d5cb5cdbfc3d3c31d20>:0 
  at System.Configuration.ClientConfigurationSystem..ctor () [0x00051] in <5ae095f7408b4d5cb5cdbfc3d3c31d20>:0 
  at System.Configuration.ConfigurationManager.EnsureConfigurationSystem () [0x00024] in <5ae095f7408b4d5cb5cdbfc3d3c31d20>:0 
   --- End of inner exception stack trace ---
  at System.Configuration.ConfigurationManager.PrepareConfigSystem () [0x0001a] in <5ae095f7408b4d5cb5cdbfc3d3c31d20>:0 
  at System.Configuration.ConfigurationManager.GetSection (System.String sectionName) [0x0000a] in <5ae095f7408b4d5cb5cdbfc3d3c31d20>:0 
  at System.Configuration.ConfigurationManager.get_AppSettings () [0x00000] in <5ae095f7408b4d5cb5cdbfc3d3c31d20>:0 
  at log4net.Util.SystemInfo.GetAppSetting (System.String key) [0x00000] in <00c34789746b40dda4cd7be2c85ba32f>:0 
log4net:ERROR Exception while reading ConfigurationSettings. Check your .config file is well formed XML.
System.Configuration.ConfigurationErrorsException: Configuration system failed to initialize ---> System.PlatformNotSupportedException: Operation is not supported on this platform.
  at System.Configuration.ClientConfigPaths..ctor (System.String exePath, System.Boolean includeUserConfig) [0x00050] in <5ae095f7408b4d5cb5cdbfc3d3c31d20>:0 
  at System.Configuration.ClientConfigPaths.GetPaths (System.String exePath, System.Boolean includeUserConfig) [0x00018] in <5ae095f7408b4d5cb5cdbfc3d3c31d20>:0 
  at System.Configuration.ClientConfigurationHost.get_ConfigPaths () [0x0000a] in <5ae095f7408b4d5cb5cdbfc3d3c31d20>:0 
  at System.Configuration.ClientConfigurationHost.GetStreamName (System.String configPath) [0x0006d] in <5ae095f7408b4d5cb5cdbfc3d3c31d20>:0 
  at System.Configuration.ClientConfigurationHost.get_IsAppConfigHttp () [0x00000] in <5ae095f7408b4d5cb5cdbfc3d3c31d20>:0 
  at System.Configuration.Internal.DelegatingConfigHost.get_IsAppConfigHttp () [0x00006] in <5ae095f7408b4d5cb5cdbfc3d3c31d20>:0 
  at System.Configuration.ClientConfigurationSystem..ctor () [0x00051] in <5ae095f7408b4d5cb5cdbfc3d3c31d20>:0 
  at System.Configuration.ConfigurationManager.EnsureConfigurationSystem () [0x00024] in <5ae095f7408b4d5cb5cdbfc3d3c31d20>:0 
   --- End of inner exception stack trace ---
  at System.Configuration.ConfigurationManager.PrepareConfigSystem () [0x0001a] in <5ae095f7408b4d5cb5cdbfc3d3c31d20>:0 
  at System.Configuration.ConfigurationManager.GetSection (System.String sectionName) [0x0000a] in <5ae095f7408b4d5cb5cdbfc3d3c31d20>:0 
  at System.Configuration.ConfigurationManager.get_AppSettings () [0x00000] in <5ae095f7408b4d5cb5cdbfc3d3c31d20>:0 
  at log4net.Util.SystemInfo.GetAppSetting (System.String key) [0x00000] in <00c34789746b40dda4cd7be2c85ba32f>:0 
log4net:ERROR Exception while reading ConfigurationSettings. Check your .config file is well formed XML.
System.Configuration.ConfigurationErrorsException: Configuration system failed to initialize ---> System.PlatformNotSupportedException: Operation is not supported on this platform.
  at System.Configuration.ClientConfigPaths..ctor (System.String exePath, System.Boolean includeUserConfig) [0x00050] in <5ae095f7408b4d5cb5cdbfc3d3c31d20>:0 
  at System.Configuration.ClientConfigPaths.GetPaths (System.String exePath, System.Boolean includeUserConfig) [0x00018] in <5ae095f7408b4d5cb5cdbfc3d3c31d20>:0 
  at System.Configuration.ClientConfigurationHost.get_ConfigPaths () [0x0000a] in <5ae095f7408b4d5cb5cdbfc3d3c31d20>:0 
  at System.Configuration.ClientConfigurationHost.GetStreamName (System.String configPath) [0x0006d] in <5ae095f7408b4d5cb5cdbfc3d3c31d20>:0 
  at System.Configuration.ClientConfigurationHost.get_IsAppConfigHttp () [0x00000] in <5ae095f7408b4d5cb5cdbfc3d3c31d20>:0 
  at System.Configuration.Internal.DelegatingConfigHost.get_IsAppConfigHttp () [0x00006] in <5ae095f7408b4d5cb5cdbfc3d3c31d20>:0 
  at System.Configuration.ClientConfigurationSystem..ctor () [0x00051] in <5ae095f7408b4d5cb5cdbfc3d3c31d20>:0 
  at System.Configuration.ConfigurationManager.EnsureConfigurationSystem () [0x00024] in <5ae095f7408b4d5cb5cdbfc3d3c31d20>:0 
   --- End of inner exception stack trace ---
  at System.Configuration.ConfigurationManager.PrepareConfigSystem () [0x0001a] in <5ae095f7408b4d5cb5cdbfc3d3c31d20>:0 
  at System.Configuration.ConfigurationManager.GetSection (System.String sectionName) [0x0000a] in <5ae095f7408b4d5cb5cdbfc3d3c31d20>:0 
  at System.Configuration.ConfigurationManager.get_AppSettings () [0x00000] in <5ae095f7408b4d5cb5cdbfc3d3c31d20>:0 
  at log4net.Util.SystemInfo.GetAppSetting (System.String key) [0x00000] in <00c34789746b40dda4cd7be2c85ba32f>:0 
log4net:ERROR Exception while reading ConfigurationSettings. Check your .config file is well formed XML.
System.Configuration.ConfigurationErrorsException: Configuration system failed to initialize ---> System.PlatformNotSupportedException: Operation is not supported on this platform.
  at System.Configuration.ClientConfigPaths..ctor (System.String exePath, System.Boolean includeUserConfig) [0x00050] in <5ae095f7408b4d5cb5cdbfc3d3c31d20>:0 
  at System.Configuration.ClientConfigPaths.GetPaths (System.String exePath, System.Boolean includeUserConfig) [0x00018] in <5ae095f7408b4d5cb5cdbfc3d3c31d20>:0 
  at System.Configuration.ClientConfigurationHost.get_ConfigPaths () [0x0000a] in <5ae095f7408b4d5cb5cdbfc3d3c31d20>:0 
  at System.Configuration.ClientConfigurationHost.GetStreamName (System.String configPath) [0x0006d] in <5ae095f7408b4d5cb5cdbfc3d3c31d20>:0 
  at System.Configuration.ClientConfigurationHost.get_IsAppConfigHttp () [0x00000] in <5ae095f7408b4d5cb5cdbfc3d3c31d20>:0 
  at System.Configuration.Internal.DelegatingConfigHost.get_IsAppConfigHttp () [0x00006] in <5ae095f7408b4d5cb5cdbfc3d3c31d20>:0 
  at System.Configuration.ClientConfigurationSystem..ctor () [0x00051] in <5ae095f7408b4d5cb5cdbfc3d3c31d20>:0 
  at System.Configuration.ConfigurationManager.EnsureConfigurationSystem () [0x00024] in <5ae095f7408b4d5cb5cdbfc3d3c31d20>:0 
   --- End of inner exception stack trace ---
  at System.Configuration.ConfigurationManager.PrepareConfigSystem () [0x0001a] in <5ae095f7408b4d5cb5cdbfc3d3c31d20>:0 
  at System.Configuration.ConfigurationManager.GetSection (System.String sectionName) [0x0000a] in <5ae095f7408b4d5cb5cdbfc3d3c31d20>:0 
  at System.Configuration.ConfigurationManager.get_AppSettings () [0x00000] in <5ae095f7408b4d5cb5cdbfc3d3c31d20>:0 
  at log4net.Util.SystemInfo.GetAppSetting (System.String key) [0x00000] in <00c34789746b40dda4cd7be2c85ba32f>:0 
Mono: successfully reloaded assembly
- Finished resetting the current domain, in  1.064 seconds
Domain Reload Profiling: 2047ms
	BeginReloadAssembly (236ms)
		ExecutionOrderSort (0ms)
		DisableScriptedObjects (18ms)
		BackupInstance (0ms)
		ReleaseScriptingObjects (0ms)
		CreateAndSetChildDomain (57ms)
	RebuildCommonClasses (41ms)
	RebuildNativeTypeToScriptingClass (16ms)
	initialDomainReloadingComplete (35ms)
	LoadAllAssembliesAndSetupDomain (655ms)
		LoadAssemblies (474ms)
		RebuildTransferFunctionScriptingTraits (0ms)
		AnalyzeDomain (294ms)
			TypeCache.Refresh (9ms)
				TypeCache.ScanAssembly (0ms)
			BuildScriptInfoCaches (268ms)
			ResolveRequiredComponents (13ms)
	FinalizeReload (1064ms)
		ReleaseScriptCaches (0ms)
		RebuildScriptCaches (0ms)
		SetupLoadedEditorAssemblies (825ms)
			LogAssemblyErrors (0ms)
			InitializePlatformSupportModulesInManaged (3ms)
			SetLoadedEditorAssemblies (7ms)
			BeforeProcessingInitializeOnLoad (186ms)
			ProcessInitializeOnLoadAttributes (528ms)
			ProcessInitializeOnLoadMethodAttributes (99ms)
			AfterProcessingInitializeOnLoad (2ms)
			EditorAssembliesLoaded (0ms)
		ExecutionOrderSort2 (0ms)
		AwakeInstancesAfterBackupRestoration (16ms)
Refreshing native plugins compatible for Editor in 2.63 ms, found 4 plugins.
Preloading 0 native plugins for Editor in 0.00 ms.
Unloading 13 Unused Serialized files (Serialized files now loaded: 0)
Unloading 6681 unused Assets / (4.7 MB). Loaded Objects now: 7364.
Memory consumption went from 157.8 MB to 153.1 MB.
Total: 11.276700 ms (FindLiveObjects: 0.952300 ms CreateObjectMapping: 0.793100 ms MarkObjects: 6.877700 ms  DeleteObjects: 2.646000 ms)

Prepare: number of updated asset objects reloaded= 0
========================================================================
Received Prepare
Begin MonoManager ReloadAssembly
Duplicate assembly 'log4net.dll' with different versions detected, using 'Assets/Packages/log4net.3.0.4/lib/netstandard2.0/log4net.dll, AssemblyName=log4net, Version=3.0.4.0, Culture=neutral, PublicKeyToken=669e0ddf0bb1aa2a' and ignoring 'Packages/com.unity.collab-proxy/Lib/Editor/log4netPlastic.dll, AssemblyName=log4net, Version=1.2.15.0, Culture=neutral, PublicKeyToken=669e0ddf0bb1aa2a'.Symbol file LoadedFromMemory is not a mono symbol file
- Loaded All Assemblies, in  0.891 seconds
Refreshing native plugins compatible for Editor in 1.88 ms, found 4 plugins.
Native extension for WindowsStandalone target not found
log4net:ERROR Exception while reading ConfigurationSettings. Check your .config file is well formed XML.
System.Configuration.ConfigurationErrorsException: Configuration system failed to initialize ---> System.PlatformNotSupportedException: Operation is not supported on this platform.
  at System.Configuration.ClientConfigPaths..ctor (System.String exePath, System.Boolean includeUserConfig) [0x00050] in <5ae095f7408b4d5cb5cdbfc3d3c31d20>:0 
  at System.Configuration.ClientConfigPaths.GetPaths (System.String exePath, System.Boolean includeUserConfig) [0x00018] in <5ae095f7408b4d5cb5cdbfc3d3c31d20>:0 
  at System.Configuration.ClientConfigurationHost.get_ConfigPaths () [0x0000a] in <5ae095f7408b4d5cb5cdbfc3d3c31d20>:0 
  at System.Configuration.ClientConfigurationHost.GetStreamName (System.String configPath) [0x0006d] in <5ae095f7408b4d5cb5cdbfc3d3c31d20>:0 
  at System.Configuration.ClientConfigurationHost.get_IsAppConfigHttp () [0x00000] in <5ae095f7408b4d5cb5cdbfc3d3c31d20>:0 
  at System.Configuration.Internal.DelegatingConfigHost.get_IsAppConfigHttp () [0x00006] in <5ae095f7408b4d5cb5cdbfc3d3c31d20>:0 
  at System.Configuration.ClientConfigurationSystem..ctor () [0x00051] in <5ae095f7408b4d5cb5cdbfc3d3c31d20>:0 
  at System.Configuration.ConfigurationManager.EnsureConfigurationSystem () [0x00024] in <5ae095f7408b4d5cb5cdbfc3d3c31d20>:0 
   --- End of inner exception stack trace ---
  at System.Configuration.ConfigurationManager.EnsureConfigurationSystem () [0x00060] in <5ae095f7408b4d5cb5cdbfc3d3c31d20>:0 
  at System.Configuration.ConfigurationManager.PrepareConfigSystem () [0x0000a] in <5ae095f7408b4d5cb5cdbfc3d3c31d20>:0 
  at System.Configuration.ConfigurationManager.GetSection (System.String sectionName) [0x0000a] in <5ae095f7408b4d5cb5cdbfc3d3c31d20>:0 
  at System.Configuration.ConfigurationManager.get_AppSettings () [0x00000] in <5ae095f7408b4d5cb5cdbfc3d3c31d20>:0 
  at log4net.Util.SystemInfo.GetAppSetting (System.String key) [0x00000] in <00c34789746b40dda4cd7be2c85ba32f>:0 
log4net:ERROR Exception while reading ConfigurationSettings. Check your .config file is well formed XML.
System.Configuration.ConfigurationErrorsException: Configuration system failed to initialize ---> System.PlatformNotSupportedException: Operation is not supported on this platform.
  at System.Configuration.ClientConfigPaths..ctor (System.String exePath, System.Boolean includeUserConfig) [0x00050] in <5ae095f7408b4d5cb5cdbfc3d3c31d20>:0 
  at System.Configuration.ClientConfigPaths.GetPaths (System.String exePath, System.Boolean includeUserConfig) [0x00018] in <5ae095f7408b4d5cb5cdbfc3d3c31d20>:0 
  at System.Configuration.ClientConfigurationHost.get_ConfigPaths () [0x0000a] in <5ae095f7408b4d5cb5cdbfc3d3c31d20>:0 
  at System.Configuration.ClientConfigurationHost.GetStreamName (System.String configPath) [0x0006d] in <5ae095f7408b4d5cb5cdbfc3d3c31d20>:0 
  at System.Configuration.ClientConfigurationHost.get_IsAppConfigHttp () [0x00000] in <5ae095f7408b4d5cb5cdbfc3d3c31d20>:0 
  at System.Configuration.Internal.DelegatingConfigHost.get_IsAppConfigHttp () [0x00006] in <5ae095f7408b4d5cb5cdbfc3d3c31d20>:0 
  at System.Configuration.ClientConfigurationSystem..ctor () [0x00051] in <5ae095f7408b4d5cb5cdbfc3d3c31d20>:0 
  at System.Configuration.ConfigurationManager.EnsureConfigurationSystem () [0x00024] in <5ae095f7408b4d5cb5cdbfc3d3c31d20>:0 
   --- End of inner exception stack trace ---
  at System.Configuration.ConfigurationManager.PrepareConfigSystem () [0x0001a] in <5ae095f7408b4d5cb5cdbfc3d3c31d20>:0 
  at System.Configuration.ConfigurationManager.GetSection (System.String sectionName) [0x0000a] in <5ae095f7408b4d5cb5cdbfc3d3c31d20>:0 
  at System.Configuration.ConfigurationManager.get_AppSettings () [0x00000] in <5ae095f7408b4d5cb5cdbfc3d3c31d20>:0 
  at log4net.Util.SystemInfo.GetAppSetting (System.String key) [0x00000] in <00c34789746b40dda4cd7be2c85ba32f>:0 
log4net:ERROR Exception while reading ConfigurationSettings. Check your .config file is well formed XML.
System.Configuration.ConfigurationErrorsException: Configuration system failed to initialize ---> System.PlatformNotSupportedException: Operation is not supported on this platform.
  at System.Configuration.ClientConfigPaths..ctor (System.String exePath, System.Boolean includeUserConfig) [0x00050] in <5ae095f7408b4d5cb5cdbfc3d3c31d20>:0 
  at System.Configuration.ClientConfigPaths.GetPaths (System.String exePath, System.Boolean includeUserConfig) [0x00018] in <5ae095f7408b4d5cb5cdbfc3d3c31d20>:0 
  at System.Configuration.ClientConfigurationHost.get_ConfigPaths () [0x0000a] in <5ae095f7408b4d5cb5cdbfc3d3c31d20>:0 
  at System.Configuration.ClientConfigurationHost.GetStreamName (System.String configPath) [0x0006d] in <5ae095f7408b4d5cb5cdbfc3d3c31d20>:0 
  at System.Configuration.ClientConfigurationHost.get_IsAppConfigHttp () [0x00000] in <5ae095f7408b4d5cb5cdbfc3d3c31d20>:0 
  at System.Configuration.Internal.DelegatingConfigHost.get_IsAppConfigHttp () [0x00006] in <5ae095f7408b4d5cb5cdbfc3d3c31d20>:0 
  at System.Configuration.ClientConfigurationSystem..ctor () [0x00051] in <5ae095f7408b4d5cb5cdbfc3d3c31d20>:0 
  at System.Configuration.ConfigurationManager.EnsureConfigurationSystem () [0x00024] in <5ae095f7408b4d5cb5cdbfc3d3c31d20>:0 
   --- End of inner exception stack trace ---
  at System.Configuration.ConfigurationManager.PrepareConfigSystem () [0x0001a] in <5ae095f7408b4d5cb5cdbfc3d3c31d20>:0 
  at System.Configuration.ConfigurationManager.GetSection (System.String sectionName) [0x0000a] in <5ae095f7408b4d5cb5cdbfc3d3c31d20>:0 
  at System.Configuration.ConfigurationManager.get_AppSettings () [0x00000] in <5ae095f7408b4d5cb5cdbfc3d3c31d20>:0 
  at log4net.Util.SystemInfo.GetAppSetting (System.String key) [0x00000] in <00c34789746b40dda4cd7be2c85ba32f>:0 
log4net:ERROR Exception while reading ConfigurationSettings. Check your .config file is well formed XML.
System.Configuration.ConfigurationErrorsException: Configuration system failed to initialize ---> System.PlatformNotSupportedException: Operation is not supported on this platform.
  at System.Configuration.ClientConfigPaths..ctor (System.String exePath, System.Boolean includeUserConfig) [0x00050] in <5ae095f7408b4d5cb5cdbfc3d3c31d20>:0 
  at System.Configuration.ClientConfigPaths.GetPaths (System.String exePath, System.Boolean includeUserConfig) [0x00018] in <5ae095f7408b4d5cb5cdbfc3d3c31d20>:0 
  at System.Configuration.ClientConfigurationHost.get_ConfigPaths () [0x0000a] in <5ae095f7408b4d5cb5cdbfc3d3c31d20>:0 
  at System.Configuration.ClientConfigurationHost.GetStreamName (System.String configPath) [0x0006d] in <5ae095f7408b4d5cb5cdbfc3d3c31d20>:0 
  at System.Configuration.ClientConfigurationHost.get_IsAppConfigHttp () [0x00000] in <5ae095f7408b4d5cb5cdbfc3d3c31d20>:0 
  at System.Configuration.Internal.DelegatingConfigHost.get_IsAppConfigHttp () [0x00006] in <5ae095f7408b4d5cb5cdbfc3d3c31d20>:0 
  at System.Configuration.ClientConfigurationSystem..ctor () [0x00051] in <5ae095f7408b4d5cb5cdbfc3d3c31d20>:0 
  at System.Configuration.ConfigurationManager.EnsureConfigurationSystem () [0x00024] in <5ae095f7408b4d5cb5cdbfc3d3c31d20>:0 
   --- End of inner exception stack trace ---
  at System.Configuration.ConfigurationManager.PrepareConfigSystem () [0x0001a] in <5ae095f7408b4d5cb5cdbfc3d3c31d20>:0 
  at System.Configuration.ConfigurationManager.GetSection (System.String sectionName) [0x0000a] in <5ae095f7408b4d5cb5cdbfc3d3c31d20>:0 
  at System.Configuration.ConfigurationManager.get_AppSettings () [0x00000] in <5ae095f7408b4d5cb5cdbfc3d3c31d20>:0 
  at log4net.Util.SystemInfo.GetAppSetting (System.String key) [0x00000] in <00c34789746b40dda4cd7be2c85ba32f>:0 
log4net:ERROR Exception while reading ConfigurationSettings. Check your .config file is well formed XML.
System.Configuration.ConfigurationErrorsException: Configuration system failed to initialize ---> System.PlatformNotSupportedException: Operation is not supported on this platform.
  at System.Configuration.ClientConfigPaths..ctor (System.String exePath, System.Boolean includeUserConfig) [0x00050] in <5ae095f7408b4d5cb5cdbfc3d3c31d20>:0 
  at System.Configuration.ClientConfigPaths.GetPaths (System.String exePath, System.Boolean includeUserConfig) [0x00018] in <5ae095f7408b4d5cb5cdbfc3d3c31d20>:0 
  at System.Configuration.ClientConfigurationHost.get_ConfigPaths () [0x0000a] in <5ae095f7408b4d5cb5cdbfc3d3c31d20>:0 
  at System.Configuration.ClientConfigurationHost.GetStreamName (System.String configPath) [0x0006d] in <5ae095f7408b4d5cb5cdbfc3d3c31d20>:0 
  at System.Configuration.ClientConfigurationHost.get_IsAppConfigHttp () [0x00000] in <5ae095f7408b4d5cb5cdbfc3d3c31d20>:0 
  at System.Configuration.Internal.DelegatingConfigHost.get_IsAppConfigHttp () [0x00006] in <5ae095f7408b4d5cb5cdbfc3d3c31d20>:0 
  at System.Configuration.ClientConfigurationSystem..ctor () [0x00051] in <5ae095f7408b4d5cb5cdbfc3d3c31d20>:0 
  at System.Configuration.ConfigurationManager.EnsureConfigurationSystem () [0x00024] in <5ae095f7408b4d5cb5cdbfc3d3c31d20>:0 
   --- End of inner exception stack trace ---
  at System.Configuration.ConfigurationManager.PrepareConfigSystem () [0x0001a] in <5ae095f7408b4d5cb5cdbfc3d3c31d20>:0 
  at System.Configuration.ConfigurationManager.GetSection (System.String sectionName) [0x0000a] in <5ae095f7408b4d5cb5cdbfc3d3c31d20>:0 
  at System.Configuration.ConfigurationManager.get_AppSettings () [0x00000] in <5ae095f7408b4d5cb5cdbfc3d3c31d20>:0 
  at log4net.Util.SystemInfo.GetAppSetting (System.String key) [0x00000] in <00c34789746b40dda4cd7be2c85ba32f>:0 
log4net:ERROR Exception while reading ConfigurationSettings. Check your .config file is well formed XML.
System.Configuration.ConfigurationErrorsException: Configuration system failed to initialize ---> System.PlatformNotSupportedException: Operation is not supported on this platform.
  at System.Configuration.ClientConfigPaths..ctor (System.String exePath, System.Boolean includeUserConfig) [0x00050] in <5ae095f7408b4d5cb5cdbfc3d3c31d20>:0 
  at System.Configuration.ClientConfigPaths.GetPaths (System.String exePath, System.Boolean includeUserConfig) [0x00018] in <5ae095f7408b4d5cb5cdbfc3d3c31d20>:0 
  at System.Configuration.ClientConfigurationHost.get_ConfigPaths () [0x0000a] in <5ae095f7408b4d5cb5cdbfc3d3c31d20>:0 
  at System.Configuration.ClientConfigurationHost.GetStreamName (System.String configPath) [0x0006d] in <5ae095f7408b4d5cb5cdbfc3d3c31d20>:0 
  at System.Configuration.ClientConfigurationHost.get_IsAppConfigHttp () [0x00000] in <5ae095f7408b4d5cb5cdbfc3d3c31d20>:0 
  at System.Configuration.Internal.DelegatingConfigHost.get_IsAppConfigHttp () [0x00006] in <5ae095f7408b4d5cb5cdbfc3d3c31d20>:0 
  at System.Configuration.ClientConfigurationSystem..ctor () [0x00051] in <5ae095f7408b4d5cb5cdbfc3d3c31d20>:0 
  at System.Configuration.ConfigurationManager.EnsureConfigurationSystem () [0x00024] in <5ae095f7408b4d5cb5cdbfc3d3c31d20>:0 
   --- End of inner exception stack trace ---
  at System.Configuration.ConfigurationManager.PrepareConfigSystem () [0x0001a] in <5ae095f7408b4d5cb5cdbfc3d3c31d20>:0 
  at System.Configuration.ConfigurationManager.GetSection (System.String sectionName) [0x0000a] in <5ae095f7408b4d5cb5cdbfc3d3c31d20>:0 
  at System.Configuration.ConfigurationManager.get_AppSettings () [0x00000] in <5ae095f7408b4d5cb5cdbfc3d3c31d20>:0 
  at log4net.Util.SystemInfo.GetAppSetting (System.String key) [0x00000] in <00c34789746b40dda4cd7be2c85ba32f>:0 
log4net:ERROR Exception while reading ConfigurationSettings. Check your .config file is well formed XML.
System.Configuration.ConfigurationErrorsException: Configuration system failed to initialize ---> System.PlatformNotSupportedException: Operation is not supported on this platform.
  at System.Configuration.ClientConfigPaths..ctor (System.String exePath, System.Boolean includeUserConfig) [0x00050] in <5ae095f7408b4d5cb5cdbfc3d3c31d20>:0 
  at System.Configuration.ClientConfigPaths.GetPaths (System.String exePath, System.Boolean includeUserConfig) [0x00018] in <5ae095f7408b4d5cb5cdbfc3d3c31d20>:0 
  at System.Configuration.ClientConfigurationHost.get_ConfigPaths () [0x0000a] in <5ae095f7408b4d5cb5cdbfc3d3c31d20>:0 
  at System.Configuration.ClientConfigurationHost.GetStreamName (System.String configPath) [0x0006d] in <5ae095f7408b4d5cb5cdbfc3d3c31d20>:0 
  at System.Configuration.ClientConfigurationHost.get_IsAppConfigHttp () [0x00000] in <5ae095f7408b4d5cb5cdbfc3d3c31d20>:0 
  at System.Configuration.Internal.DelegatingConfigHost.get_IsAppConfigHttp () [0x00006] in <5ae095f7408b4d5cb5cdbfc3d3c31d20>:0 
  at System.Configuration.ClientConfigurationSystem..ctor () [0x00051] in <5ae095f7408b4d5cb5cdbfc3d3c31d20>:0 
  at System.Configuration.ConfigurationManager.EnsureConfigurationSystem () [0x00024] in <5ae095f7408b4d5cb5cdbfc3d3c31d20>:0 
   --- End of inner exception stack trace ---
  at System.Configuration.ConfigurationManager.PrepareConfigSystem () [0x0001a] in <5ae095f7408b4d5cb5cdbfc3d3c31d20>:0 
  at System.Configuration.ConfigurationManager.GetSection (System.String sectionName) [0x0000a] in <5ae095f7408b4d5cb5cdbfc3d3c31d20>:0 
  at System.Configuration.ConfigurationManager.get_AppSettings () [0x00000] in <5ae095f7408b4d5cb5cdbfc3d3c31d20>:0 
  at log4net.Util.SystemInfo.GetAppSetting (System.String key) [0x00000] in <00c34789746b40dda4cd7be2c85ba32f>:0 
Mono: successfully reloaded assembly
- Finished resetting the current domain, in  0.920 seconds
Domain Reload Profiling: 1810ms
	BeginReloadAssembly (219ms)
		ExecutionOrderSort (0ms)
		DisableScriptedObjects (17ms)
		BackupInstance (0ms)
		ReleaseScriptingObjects (0ms)
		CreateAndSetChildDomain (51ms)
	RebuildCommonClasses (37ms)
	RebuildNativeTypeToScriptingClass (15ms)
	initialDomainReloadingComplete (31ms)
	LoadAllAssembliesAndSetupDomain (589ms)
		LoadAssemblies (416ms)
		RebuildTransferFunctionScriptingTraits (0ms)
		AnalyzeDomain (280ms)
			TypeCache.Refresh (8ms)
				TypeCache.ScanAssembly (0ms)
			BuildScriptInfoCaches (255ms)
			ResolveRequiredComponents (13ms)
	FinalizeReload (920ms)
		ReleaseScriptCaches (0ms)
		RebuildScriptCaches (0ms)
		SetupLoadedEditorAssemblies (699ms)
			LogAssemblyErrors (0ms)
			InitializePlatformSupportModulesInManaged (3ms)
			SetLoadedEditorAssemblies (6ms)
			BeforeProcessingInitializeOnLoad (127ms)
			ProcessInitializeOnLoadAttributes (481ms)
			ProcessInitializeOnLoadMethodAttributes (79ms)
			AfterProcessingInitializeOnLoad (2ms)
			EditorAssembliesLoaded (0ms)
		ExecutionOrderSort2 (0ms)
		AwakeInstancesAfterBackupRestoration (14ms)
Refreshing native plugins compatible for Editor in 2.40 ms, found 4 plugins.
Preloading 0 native plugins for Editor in 0.00 ms.
Unloading 13 Unused Serialized files (Serialized files now loaded: 0)
Unloading 6681 unused Assets / (4.3 MB). Loaded Objects now: 7366.
Memory consumption went from 157.8 MB to 153.4 MB.
Total: 8.550600 ms (FindLiveObjects: 0.888200 ms CreateObjectMapping: 0.446600 ms MarkObjects: 5.060400 ms  DeleteObjects: 2.153900 ms)

Prepare: number of updated asset objects reloaded= 0
========================================================================
Received Prepare
Begin MonoManager ReloadAssembly
Duplicate assembly 'log4net.dll' with different versions detected, using 'Assets/Packages/log4net.3.0.4/lib/netstandard2.0/log4net.dll, AssemblyName=log4net, Version=3.0.4.0, Culture=neutral, PublicKeyToken=669e0ddf0bb1aa2a' and ignoring 'Packages/com.unity.collab-proxy/Lib/Editor/log4netPlastic.dll, AssemblyName=log4net, Version=1.2.15.0, Culture=neutral, PublicKeyToken=669e0ddf0bb1aa2a'.Symbol file LoadedFromMemory is not a mono symbol file
- Loaded All Assemblies, in  3.008 seconds
Refreshing native plugins compatible for Editor in 2.55 ms, found 4 plugins.
Native extension for WindowsStandalone target not found
log4net:ERROR Exception while reading ConfigurationSettings. Check your .config file is well formed XML.
System.Configuration.ConfigurationErrorsException: Configuration system failed to initialize ---> System.PlatformNotSupportedException: Operation is not supported on this platform.
  at System.Configuration.ClientConfigPaths..ctor (System.String exePath, System.Boolean includeUserConfig) [0x00050] in <5ae095f7408b4d5cb5cdbfc3d3c31d20>:0 
  at System.Configuration.ClientConfigPaths.GetPaths (System.String exePath, System.Boolean includeUserConfig) [0x00018] in <5ae095f7408b4d5cb5cdbfc3d3c31d20>:0 
  at System.Configuration.ClientConfigurationHost.get_ConfigPaths () [0x0000a] in <5ae095f7408b4d5cb5cdbfc3d3c31d20>:0 
  at System.Configuration.ClientConfigurationHost.GetStreamName (System.String configPath) [0x0006d] in <5ae095f7408b4d5cb5cdbfc3d3c31d20>:0 
  at System.Configuration.ClientConfigurationHost.get_IsAppConfigHttp () [0x00000] in <5ae095f7408b4d5cb5cdbfc3d3c31d20>:0 
  at System.Configuration.Internal.DelegatingConfigHost.get_IsAppConfigHttp () [0x00006] in <5ae095f7408b4d5cb5cdbfc3d3c31d20>:0 
  at System.Configuration.ClientConfigurationSystem..ctor () [0x00051] in <5ae095f7408b4d5cb5cdbfc3d3c31d20>:0 
  at System.Configuration.ConfigurationManager.EnsureConfigurationSystem () [0x00024] in <5ae095f7408b4d5cb5cdbfc3d3c31d20>:0 
   --- End of inner exception stack trace ---
  at System.Configuration.ConfigurationManager.EnsureConfigurationSystem () [0x00060] in <5ae095f7408b4d5cb5cdbfc3d3c31d20>:0 
  at System.Configuration.ConfigurationManager.PrepareConfigSystem () [0x0000a] in <5ae095f7408b4d5cb5cdbfc3d3c31d20>:0 
  at System.Configuration.ConfigurationManager.GetSection (System.String sectionName) [0x0000a] in <5ae095f7408b4d5cb5cdbfc3d3c31d20>:0 
  at System.Configuration.ConfigurationManager.get_AppSettings () [0x00000] in <5ae095f7408b4d5cb5cdbfc3d3c31d20>:0 
  at log4net.Util.SystemInfo.GetAppSetting (System.String key) [0x00000] in <00c34789746b40dda4cd7be2c85ba32f>:0 
log4net:ERROR Exception while reading ConfigurationSettings. Check your .config file is well formed XML.
System.Configuration.ConfigurationErrorsException: Configuration system failed to initialize ---> System.PlatformNotSupportedException: Operation is not supported on this platform.
  at System.Configuration.ClientConfigPaths..ctor (System.String exePath, System.Boolean includeUserConfig) [0x00050] in <5ae095f7408b4d5cb5cdbfc3d3c31d20>:0 
  at System.Configuration.ClientConfigPaths.GetPaths (System.String exePath, System.Boolean includeUserConfig) [0x00018] in <5ae095f7408b4d5cb5cdbfc3d3c31d20>:0 
  at System.Configuration.ClientConfigurationHost.get_ConfigPaths () [0x0000a] in <5ae095f7408b4d5cb5cdbfc3d3c31d20>:0 
  at System.Configuration.ClientConfigurationHost.GetStreamName (System.String configPath) [0x0006d] in <5ae095f7408b4d5cb5cdbfc3d3c31d20>:0 
  at System.Configuration.ClientConfigurationHost.get_IsAppConfigHttp () [0x00000] in <5ae095f7408b4d5cb5cdbfc3d3c31d20>:0 
  at System.Configuration.Internal.DelegatingConfigHost.get_IsAppConfigHttp () [0x00006] in <5ae095f7408b4d5cb5cdbfc3d3c31d20>:0 
  at System.Configuration.ClientConfigurationSystem..ctor () [0x00051] in <5ae095f7408b4d5cb5cdbfc3d3c31d20>:0 
  at System.Configuration.ConfigurationManager.EnsureConfigurationSystem () [0x00024] in <5ae095f7408b4d5cb5cdbfc3d3c31d20>:0 
   --- End of inner exception stack trace ---
  at System.Configuration.ConfigurationManager.PrepareConfigSystem () [0x0001a] in <5ae095f7408b4d5cb5cdbfc3d3c31d20>:0 
  at System.Configuration.ConfigurationManager.GetSection (System.String sectionName) [0x0000a] in <5ae095f7408b4d5cb5cdbfc3d3c31d20>:0 
  at System.Configuration.ConfigurationManager.get_AppSettings () [0x00000] in <5ae095f7408b4d5cb5cdbfc3d3c31d20>:0 
  at log4net.Util.SystemInfo.GetAppSetting (System.String key) [0x00000] in <00c34789746b40dda4cd7be2c85ba32f>:0 
log4net:ERROR Exception while reading ConfigurationSettings. Check your .config file is well formed XML.
System.Configuration.ConfigurationErrorsException: Configuration system failed to initialize ---> System.PlatformNotSupportedException: Operation is not supported on this platform.
  at System.Configuration.ClientConfigPaths..ctor (System.String exePath, System.Boolean includeUserConfig) [0x00050] in <5ae095f7408b4d5cb5cdbfc3d3c31d20>:0 
  at System.Configuration.ClientConfigPaths.GetPaths (System.String exePath, System.Boolean includeUserConfig) [0x00018] in <5ae095f7408b4d5cb5cdbfc3d3c31d20>:0 
  at System.Configuration.ClientConfigurationHost.get_ConfigPaths () [0x0000a] in <5ae095f7408b4d5cb5cdbfc3d3c31d20>:0 
  at System.Configuration.ClientConfigurationHost.GetStreamName (System.String configPath) [0x0006d] in <5ae095f7408b4d5cb5cdbfc3d3c31d20>:0 
  at System.Configuration.ClientConfigurationHost.get_IsAppConfigHttp () [0x00000] in <5ae095f7408b4d5cb5cdbfc3d3c31d20>:0 
  at System.Configuration.Internal.DelegatingConfigHost.get_IsAppConfigHttp () [0x00006] in <5ae095f7408b4d5cb5cdbfc3d3c31d20>:0 
  at System.Configuration.ClientConfigurationSystem..ctor () [0x00051] in <5ae095f7408b4d5cb5cdbfc3d3c31d20>:0 
  at System.Configuration.ConfigurationManager.EnsureConfigurationSystem () [0x00024] in <5ae095f7408b4d5cb5cdbfc3d3c31d20>:0 
   --- End of inner exception stack trace ---
  at System.Configuration.ConfigurationManager.PrepareConfigSystem () [0x0001a] in <5ae095f7408b4d5cb5cdbfc3d3c31d20>:0 
  at System.Configuration.ConfigurationManager.GetSection (System.String sectionName) [0x0000a] in <5ae095f7408b4d5cb5cdbfc3d3c31d20>:0 
  at System.Configuration.ConfigurationManager.get_AppSettings () [0x00000] in <5ae095f7408b4d5cb5cdbfc3d3c31d20>:0 
  at log4net.Util.SystemInfo.GetAppSetting (System.String key) [0x00000] in <00c34789746b40dda4cd7be2c85ba32f>:0 
log4net:ERROR Exception while reading ConfigurationSettings. Check your .config file is well formed XML.
System.Configuration.ConfigurationErrorsException: Configuration system failed to initialize ---> System.PlatformNotSupportedException: Operation is not supported on this platform.
  at System.Configuration.ClientConfigPaths..ctor (System.String exePath, System.Boolean includeUserConfig) [0x00050] in <5ae095f7408b4d5cb5cdbfc3d3c31d20>:0 
  at System.Configuration.ClientConfigPaths.GetPaths (System.String exePath, System.Boolean includeUserConfig) [0x00018] in <5ae095f7408b4d5cb5cdbfc3d3c31d20>:0 
  at System.Configuration.ClientConfigurationHost.get_ConfigPaths () [0x0000a] in <5ae095f7408b4d5cb5cdbfc3d3c31d20>:0 
  at System.Configuration.ClientConfigurationHost.GetStreamName (System.String configPath) [0x0006d] in <5ae095f7408b4d5cb5cdbfc3d3c31d20>:0 
  at System.Configuration.ClientConfigurationHost.get_IsAppConfigHttp () [0x00000] in <5ae095f7408b4d5cb5cdbfc3d3c31d20>:0 
  at System.Configuration.Internal.DelegatingConfigHost.get_IsAppConfigHttp () [0x00006] in <5ae095f7408b4d5cb5cdbfc3d3c31d20>:0 
  at System.Configuration.ClientConfigurationSystem..ctor () [0x00051] in <5ae095f7408b4d5cb5cdbfc3d3c31d20>:0 
  at System.Configuration.ConfigurationManager.EnsureConfigurationSystem () [0x00024] in <5ae095f7408b4d5cb5cdbfc3d3c31d20>:0 
   --- End of inner exception stack trace ---
  at System.Configuration.ConfigurationManager.PrepareConfigSystem () [0x0001a] in <5ae095f7408b4d5cb5cdbfc3d3c31d20>:0 
  at System.Configuration.ConfigurationManager.GetSection (System.String sectionName) [0x0000a] in <5ae095f7408b4d5cb5cdbfc3d3c31d20>:0 
  at System.Configuration.ConfigurationManager.get_AppSettings () [0x00000] in <5ae095f7408b4d5cb5cdbfc3d3c31d20>:0 
  at log4net.Util.SystemInfo.GetAppSetting (System.String key) [0x00000] in <00c34789746b40dda4cd7be2c85ba32f>:0 
log4net:ERROR Exception while reading ConfigurationSettings. Check your .config file is well formed XML.
System.Configuration.ConfigurationErrorsException: Configuration system failed to initialize ---> System.PlatformNotSupportedException: Operation is not supported on this platform.
  at System.Configuration.ClientConfigPaths..ctor (System.String exePath, System.Boolean includeUserConfig) [0x00050] in <5ae095f7408b4d5cb5cdbfc3d3c31d20>:0 
  at System.Configuration.ClientConfigPaths.GetPaths (System.String exePath, System.Boolean includeUserConfig) [0x00018] in <5ae095f7408b4d5cb5cdbfc3d3c31d20>:0 
  at System.Configuration.ClientConfigurationHost.get_ConfigPaths () [0x0000a] in <5ae095f7408b4d5cb5cdbfc3d3c31d20>:0 
  at System.Configuration.ClientConfigurationHost.GetStreamName (System.String configPath) [0x0006d] in <5ae095f7408b4d5cb5cdbfc3d3c31d20>:0 
  at System.Configuration.ClientConfigurationHost.get_IsAppConfigHttp () [0x00000] in <5ae095f7408b4d5cb5cdbfc3d3c31d20>:0 
  at System.Configuration.Internal.DelegatingConfigHost.get_IsAppConfigHttp () [0x00006] in <5ae095f7408b4d5cb5cdbfc3d3c31d20>:0 
  at System.Configuration.ClientConfigurationSystem..ctor () [0x00051] in <5ae095f7408b4d5cb5cdbfc3d3c31d20>:0 
  at System.Configuration.ConfigurationManager.EnsureConfigurationSystem () [0x00024] in <5ae095f7408b4d5cb5cdbfc3d3c31d20>:0 
   --- End of inner exception stack trace ---
  at System.Configuration.ConfigurationManager.PrepareConfigSystem () [0x0001a] in <5ae095f7408b4d5cb5cdbfc3d3c31d20>:0 
  at System.Configuration.ConfigurationManager.GetSection (System.String sectionName) [0x0000a] in <5ae095f7408b4d5cb5cdbfc3d3c31d20>:0 
  at System.Configuration.ConfigurationManager.get_AppSettings () [0x00000] in <5ae095f7408b4d5cb5cdbfc3d3c31d20>:0 
  at log4net.Util.SystemInfo.GetAppSetting (System.String key) [0x00000] in <00c34789746b40dda4cd7be2c85ba32f>:0 
log4net:ERROR Exception while reading ConfigurationSettings. Check your .config file is well formed XML.
System.Configuration.ConfigurationErrorsException: Configuration system failed to initialize ---> System.PlatformNotSupportedException: Operation is not supported on this platform.
  at System.Configuration.ClientConfigPaths..ctor (System.String exePath, System.Boolean includeUserConfig) [0x00050] in <5ae095f7408b4d5cb5cdbfc3d3c31d20>:0 
  at System.Configuration.ClientConfigPaths.GetPaths (System.String exePath, System.Boolean includeUserConfig) [0x00018] in <5ae095f7408b4d5cb5cdbfc3d3c31d20>:0 
  at System.Configuration.ClientConfigurationHost.get_ConfigPaths () [0x0000a] in <5ae095f7408b4d5cb5cdbfc3d3c31d20>:0 
  at System.Configuration.ClientConfigurationHost.GetStreamName (System.String configPath) [0x0006d] in <5ae095f7408b4d5cb5cdbfc3d3c31d20>:0 
  at System.Configuration.ClientConfigurationHost.get_IsAppConfigHttp () [0x00000] in <5ae095f7408b4d5cb5cdbfc3d3c31d20>:0 
  at System.Configuration.Internal.DelegatingConfigHost.get_IsAppConfigHttp () [0x00006] in <5ae095f7408b4d5cb5cdbfc3d3c31d20>:0 
  at System.Configuration.ClientConfigurationSystem..ctor () [0x00051] in <5ae095f7408b4d5cb5cdbfc3d3c31d20>:0 
  at System.Configuration.ConfigurationManager.EnsureConfigurationSystem () [0x00024] in <5ae095f7408b4d5cb5cdbfc3d3c31d20>:0 
   --- End of inner exception stack trace ---
  at System.Configuration.ConfigurationManager.PrepareConfigSystem () [0x0001a] in <5ae095f7408b4d5cb5cdbfc3d3c31d20>:0 
  at System.Configuration.ConfigurationManager.GetSection (System.String sectionName) [0x0000a] in <5ae095f7408b4d5cb5cdbfc3d3c31d20>:0 
  at System.Configuration.ConfigurationManager.get_AppSettings () [0x00000] in <5ae095f7408b4d5cb5cdbfc3d3c31d20>:0 
  at log4net.Util.SystemInfo.GetAppSetting (System.String key) [0x00000] in <00c34789746b40dda4cd7be2c85ba32f>:0 
log4net:ERROR Exception while reading ConfigurationSettings. Check your .config file is well formed XML.
System.Configuration.ConfigurationErrorsException: Configuration system failed to initialize ---> System.PlatformNotSupportedException: Operation is not supported on this platform.
  at System.Configuration.ClientConfigPaths..ctor (System.String exePath, System.Boolean includeUserConfig) [0x00050] in <5ae095f7408b4d5cb5cdbfc3d3c31d20>:0 
  at System.Configuration.ClientConfigPaths.GetPaths (System.String exePath, System.Boolean includeUserConfig) [0x00018] in <5ae095f7408b4d5cb5cdbfc3d3c31d20>:0 
  at System.Configuration.ClientConfigurationHost.get_ConfigPaths () [0x0000a] in <5ae095f7408b4d5cb5cdbfc3d3c31d20>:0 
  at System.Configuration.ClientConfigurationHost.GetStreamName (System.String configPath) [0x0006d] in <5ae095f7408b4d5cb5cdbfc3d3c31d20>:0 
  at System.Configuration.ClientConfigurationHost.get_IsAppConfigHttp () [0x00000] in <5ae095f7408b4d5cb5cdbfc3d3c31d20>:0 
  at System.Configuration.Internal.DelegatingConfigHost.get_IsAppConfigHttp () [0x00006] in <5ae095f7408b4d5cb5cdbfc3d3c31d20>:0 
  at System.Configuration.ClientConfigurationSystem..ctor () [0x00051] in <5ae095f7408b4d5cb5cdbfc3d3c31d20>:0 
  at System.Configuration.ConfigurationManager.EnsureConfigurationSystem () [0x00024] in <5ae095f7408b4d5cb5cdbfc3d3c31d20>:0 
   --- End of inner exception stack trace ---
  at System.Configuration.ConfigurationManager.PrepareConfigSystem () [0x0001a] in <5ae095f7408b4d5cb5cdbfc3d3c31d20>:0 
  at System.Configuration.ConfigurationManager.GetSection (System.String sectionName) [0x0000a] in <5ae095f7408b4d5cb5cdbfc3d3c31d20>:0 
  at System.Configuration.ConfigurationManager.get_AppSettings () [0x00000] in <5ae095f7408b4d5cb5cdbfc3d3c31d20>:0 
  at log4net.Util.SystemInfo.GetAppSetting (System.String key) [0x00000] in <00c34789746b40dda4cd7be2c85ba32f>:0 
Mono: successfully reloaded assembly
- Finished resetting the current domain, in  1.060 seconds
Domain Reload Profiling: 4069ms
	BeginReloadAssembly (473ms)
		ExecutionOrderSort (0ms)
		DisableScriptedObjects (23ms)
		BackupInstance (0ms)
		ReleaseScriptingObjects (0ms)
		CreateAndSetChildDomain (80ms)
	RebuildCommonClasses (114ms)
	RebuildNativeTypeToScriptingClass (15ms)
	initialDomainReloadingComplete (36ms)
	LoadAllAssembliesAndSetupDomain (2369ms)
		LoadAssemblies (2013ms)
		RebuildTransferFunctionScriptingTraits (0ms)
		AnalyzeDomain (672ms)
			TypeCache.Refresh (10ms)
				TypeCache.ScanAssembly (0ms)
			BuildScriptInfoCaches (641ms)
			ResolveRequiredComponents (16ms)
	FinalizeReload (1061ms)
		ReleaseScriptCaches (0ms)
		RebuildScriptCaches (0ms)
		SetupLoadedEditorAssemblies (794ms)
			LogAssemblyErrors (0ms)
			InitializePlatformSupportModulesInManaged (3ms)
			SetLoadedEditorAssemblies (6ms)
			BeforeProcessingInitializeOnLoad (169ms)
			ProcessInitializeOnLoadAttributes (535ms)
			ProcessInitializeOnLoadMethodAttributes (78ms)
			AfterProcessingInitializeOnLoad (2ms)
			EditorAssembliesLoaded (0ms)
		ExecutionOrderSort2 (0ms)
		AwakeInstancesAfterBackupRestoration (14ms)
Refreshing native plugins compatible for Editor in 2.61 ms, found 4 plugins.
Preloading 0 native plugins for Editor in 0.00 ms.
Unloading 13 Unused Serialized files (Serialized files now loaded: 0)
Unloading 6681 unused Assets / (4.4 MB). Loaded Objects now: 7368.
Memory consumption went from 157.8 MB to 153.4 MB.
Total: 9.055900 ms (FindLiveObjects: 0.871300 ms CreateObjectMapping: 0.602600 ms MarkObjects: 5.368300 ms  DeleteObjects: 2.212400 ms)

Prepare: number of updated asset objects reloaded= 0
========================================================================
Received Prepare
Begin MonoManager ReloadAssembly
Duplicate assembly 'log4net.dll' with different versions detected, using 'Assets/Packages/log4net.3.0.4/lib/netstandard2.0/log4net.dll, AssemblyName=log4net, Version=3.0.4.0, Culture=neutral, PublicKeyToken=669e0ddf0bb1aa2a' and ignoring 'Packages/com.unity.collab-proxy/Lib/Editor/log4netPlastic.dll, AssemblyName=log4net, Version=1.2.15.0, Culture=neutral, PublicKeyToken=669e0ddf0bb1aa2a'.Symbol file LoadedFromMemory is not a mono symbol file
- Loaded All Assemblies, in  0.934 seconds
Refreshing native plugins compatible for Editor in 1.96 ms, found 4 plugins.
Native extension for WindowsStandalone target not found
log4net:ERROR Exception while reading ConfigurationSettings. Check your .config file is well formed XML.
System.Configuration.ConfigurationErrorsException: Configuration system failed to initialize ---> System.PlatformNotSupportedException: Operation is not supported on this platform.
  at System.Configuration.ClientConfigPaths..ctor (System.String exePath, System.Boolean includeUserConfig) [0x00050] in <5ae095f7408b4d5cb5cdbfc3d3c31d20>:0 
  at System.Configuration.ClientConfigPaths.GetPaths (System.String exePath, System.Boolean includeUserConfig) [0x00018] in <5ae095f7408b4d5cb5cdbfc3d3c31d20>:0 
  at System.Configuration.ClientConfigurationHost.get_ConfigPaths () [0x0000a] in <5ae095f7408b4d5cb5cdbfc3d3c31d20>:0 
  at System.Configuration.ClientConfigurationHost.GetStreamName (System.String configPath) [0x0006d] in <5ae095f7408b4d5cb5cdbfc3d3c31d20>:0 
  at System.Configuration.ClientConfigurationHost.get_IsAppConfigHttp () [0x00000] in <5ae095f7408b4d5cb5cdbfc3d3c31d20>:0 
  at System.Configuration.Internal.DelegatingConfigHost.get_IsAppConfigHttp () [0x00006] in <5ae095f7408b4d5cb5cdbfc3d3c31d20>:0 
  at System.Configuration.ClientConfigurationSystem..ctor () [0x00051] in <5ae095f7408b4d5cb5cdbfc3d3c31d20>:0 
  at System.Configuration.ConfigurationManager.EnsureConfigurationSystem () [0x00024] in <5ae095f7408b4d5cb5cdbfc3d3c31d20>:0 
   --- End of inner exception stack trace ---
  at System.Configuration.ConfigurationManager.EnsureConfigurationSystem () [0x00060] in <5ae095f7408b4d5cb5cdbfc3d3c31d20>:0 
  at System.Configuration.ConfigurationManager.PrepareConfigSystem () [0x0000a] in <5ae095f7408b4d5cb5cdbfc3d3c31d20>:0 
  at System.Configuration.ConfigurationManager.GetSection (System.String sectionName) [0x0000a] in <5ae095f7408b4d5cb5cdbfc3d3c31d20>:0 
  at System.Configuration.ConfigurationManager.get_AppSettings () [0x00000] in <5ae095f7408b4d5cb5cdbfc3d3c31d20>:0 
  at log4net.Util.SystemInfo.GetAppSetting (System.String key) [0x00000] in <00c34789746b40dda4cd7be2c85ba32f>:0 
log4net:ERROR Exception while reading ConfigurationSettings. Check your .config file is well formed XML.
System.Configuration.ConfigurationErrorsException: Configuration system failed to initialize ---> System.PlatformNotSupportedException: Operation is not supported on this platform.
  at System.Configuration.ClientConfigPaths..ctor (System.String exePath, System.Boolean includeUserConfig) [0x00050] in <5ae095f7408b4d5cb5cdbfc3d3c31d20>:0 
  at System.Configuration.ClientConfigPaths.GetPaths (System.String exePath, System.Boolean includeUserConfig) [0x00018] in <5ae095f7408b4d5cb5cdbfc3d3c31d20>:0 
  at System.Configuration.ClientConfigurationHost.get_ConfigPaths () [0x0000a] in <5ae095f7408b4d5cb5cdbfc3d3c31d20>:0 
  at System.Configuration.ClientConfigurationHost.GetStreamName (System.String configPath) [0x0006d] in <5ae095f7408b4d5cb5cdbfc3d3c31d20>:0 
  at System.Configuration.ClientConfigurationHost.get_IsAppConfigHttp () [0x00000] in <5ae095f7408b4d5cb5cdbfc3d3c31d20>:0 
  at System.Configuration.Internal.DelegatingConfigHost.get_IsAppConfigHttp () [0x00006] in <5ae095f7408b4d5cb5cdbfc3d3c31d20>:0 
  at System.Configuration.ClientConfigurationSystem..ctor () [0x00051] in <5ae095f7408b4d5cb5cdbfc3d3c31d20>:0 
  at System.Configuration.ConfigurationManager.EnsureConfigurationSystem () [0x00024] in <5ae095f7408b4d5cb5cdbfc3d3c31d20>:0 
   --- End of inner exception stack trace ---
  at System.Configuration.ConfigurationManager.PrepareConfigSystem () [0x0001a] in <5ae095f7408b4d5cb5cdbfc3d3c31d20>:0 
  at System.Configuration.ConfigurationManager.GetSection (System.String sectionName) [0x0000a] in <5ae095f7408b4d5cb5cdbfc3d3c31d20>:0 
  at System.Configuration.ConfigurationManager.get_AppSettings () [0x00000] in <5ae095f7408b4d5cb5cdbfc3d3c31d20>:0 
  at log4net.Util.SystemInfo.GetAppSetting (System.String key) [0x00000] in <00c34789746b40dda4cd7be2c85ba32f>:0 
log4net:ERROR Exception while reading ConfigurationSettings. Check your .config file is well formed XML.
System.Configuration.ConfigurationErrorsException: Configuration system failed to initialize ---> System.PlatformNotSupportedException: Operation is not supported on this platform.
  at System.Configuration.ClientConfigPaths..ctor (System.String exePath, System.Boolean includeUserConfig) [0x00050] in <5ae095f7408b4d5cb5cdbfc3d3c31d20>:0 
  at System.Configuration.ClientConfigPaths.GetPaths (System.String exePath, System.Boolean includeUserConfig) [0x00018] in <5ae095f7408b4d5cb5cdbfc3d3c31d20>:0 
  at System.Configuration.ClientConfigurationHost.get_ConfigPaths () [0x0000a] in <5ae095f7408b4d5cb5cdbfc3d3c31d20>:0 
  at System.Configuration.ClientConfigurationHost.GetStreamName (System.String configPath) [0x0006d] in <5ae095f7408b4d5cb5cdbfc3d3c31d20>:0 
  at System.Configuration.ClientConfigurationHost.get_IsAppConfigHttp () [0x00000] in <5ae095f7408b4d5cb5cdbfc3d3c31d20>:0 
  at System.Configuration.Internal.DelegatingConfigHost.get_IsAppConfigHttp () [0x00006] in <5ae095f7408b4d5cb5cdbfc3d3c31d20>:0 
  at System.Configuration.ClientConfigurationSystem..ctor () [0x00051] in <5ae095f7408b4d5cb5cdbfc3d3c31d20>:0 
  at System.Configuration.ConfigurationManager.EnsureConfigurationSystem () [0x00024] in <5ae095f7408b4d5cb5cdbfc3d3c31d20>:0 
   --- End of inner exception stack trace ---
  at System.Configuration.ConfigurationManager.PrepareConfigSystem () [0x0001a] in <5ae095f7408b4d5cb5cdbfc3d3c31d20>:0 
  at System.Configuration.ConfigurationManager.GetSection (System.String sectionName) [0x0000a] in <5ae095f7408b4d5cb5cdbfc3d3c31d20>:0 
  at System.Configuration.ConfigurationManager.get_AppSettings () [0x00000] in <5ae095f7408b4d5cb5cdbfc3d3c31d20>:0 
  at log4net.Util.SystemInfo.GetAppSetting (System.String key) [0x00000] in <00c34789746b40dda4cd7be2c85ba32f>:0 
log4net:ERROR Exception while reading ConfigurationSettings. Check your .config file is well formed XML.
System.Configuration.ConfigurationErrorsException: Configuration system failed to initialize ---> System.PlatformNotSupportedException: Operation is not supported on this platform.
  at System.Configuration.ClientConfigPaths..ctor (System.String exePath, System.Boolean includeUserConfig) [0x00050] in <5ae095f7408b4d5cb5cdbfc3d3c31d20>:0 
  at System.Configuration.ClientConfigPaths.GetPaths (System.String exePath, System.Boolean includeUserConfig) [0x00018] in <5ae095f7408b4d5cb5cdbfc3d3c31d20>:0 
  at System.Configuration.ClientConfigurationHost.get_ConfigPaths () [0x0000a] in <5ae095f7408b4d5cb5cdbfc3d3c31d20>:0 
  at System.Configuration.ClientConfigurationHost.GetStreamName (System.String configPath) [0x0006d] in <5ae095f7408b4d5cb5cdbfc3d3c31d20>:0 
  at System.Configuration.ClientConfigurationHost.get_IsAppConfigHttp () [0x00000] in <5ae095f7408b4d5cb5cdbfc3d3c31d20>:0 
  at System.Configuration.Internal.DelegatingConfigHost.get_IsAppConfigHttp () [0x00006] in <5ae095f7408b4d5cb5cdbfc3d3c31d20>:0 
  at System.Configuration.ClientConfigurationSystem..ctor () [0x00051] in <5ae095f7408b4d5cb5cdbfc3d3c31d20>:0 
  at System.Configuration.ConfigurationManager.EnsureConfigurationSystem () [0x00024] in <5ae095f7408b4d5cb5cdbfc3d3c31d20>:0 
   --- End of inner exception stack trace ---
  at System.Configuration.ConfigurationManager.PrepareConfigSystem () [0x0001a] in <5ae095f7408b4d5cb5cdbfc3d3c31d20>:0 
  at System.Configuration.ConfigurationManager.GetSection (System.String sectionName) [0x0000a] in <5ae095f7408b4d5cb5cdbfc3d3c31d20>:0 
  at System.Configuration.ConfigurationManager.get_AppSettings () [0x00000] in <5ae095f7408b4d5cb5cdbfc3d3c31d20>:0 
  at log4net.Util.SystemInfo.GetAppSetting (System.String key) [0x00000] in <00c34789746b40dda4cd7be2c85ba32f>:0 
log4net:ERROR Exception while reading ConfigurationSettings. Check your .config file is well formed XML.
System.Configuration.ConfigurationErrorsException: Configuration system failed to initialize ---> System.PlatformNotSupportedException: Operation is not supported on this platform.
  at System.Configuration.ClientConfigPaths..ctor (System.String exePath, System.Boolean includeUserConfig) [0x00050] in <5ae095f7408b4d5cb5cdbfc3d3c31d20>:0 
  at System.Configuration.ClientConfigPaths.GetPaths (System.String exePath, System.Boolean includeUserConfig) [0x00018] in <5ae095f7408b4d5cb5cdbfc3d3c31d20>:0 
  at System.Configuration.ClientConfigurationHost.get_ConfigPaths () [0x0000a] in <5ae095f7408b4d5cb5cdbfc3d3c31d20>:0 
  at System.Configuration.ClientConfigurationHost.GetStreamName (System.String configPath) [0x0006d] in <5ae095f7408b4d5cb5cdbfc3d3c31d20>:0 
  at System.Configuration.ClientConfigurationHost.get_IsAppConfigHttp () [0x00000] in <5ae095f7408b4d5cb5cdbfc3d3c31d20>:0 
  at System.Configuration.Internal.DelegatingConfigHost.get_IsAppConfigHttp () [0x00006] in <5ae095f7408b4d5cb5cdbfc3d3c31d20>:0 
  at System.Configuration.ClientConfigurationSystem..ctor () [0x00051] in <5ae095f7408b4d5cb5cdbfc3d3c31d20>:0 
  at System.Configuration.ConfigurationManager.EnsureConfigurationSystem () [0x00024] in <5ae095f7408b4d5cb5cdbfc3d3c31d20>:0 
   --- End of inner exception stack trace ---
  at System.Configuration.ConfigurationManager.PrepareConfigSystem () [0x0001a] in <5ae095f7408b4d5cb5cdbfc3d3c31d20>:0 
  at System.Configuration.ConfigurationManager.GetSection (System.String sectionName) [0x0000a] in <5ae095f7408b4d5cb5cdbfc3d3c31d20>:0 
  at System.Configuration.ConfigurationManager.get_AppSettings () [0x00000] in <5ae095f7408b4d5cb5cdbfc3d3c31d20>:0 
  at log4net.Util.SystemInfo.GetAppSetting (System.String key) [0x00000] in <00c34789746b40dda4cd7be2c85ba32f>:0 
log4net:ERROR Exception while reading ConfigurationSettings. Check your .config file is well formed XML.
System.Configuration.ConfigurationErrorsException: Configuration system failed to initialize ---> System.PlatformNotSupportedException: Operation is not supported on this platform.
  at System.Configuration.ClientConfigPaths..ctor (System.String exePath, System.Boolean includeUserConfig) [0x00050] in <5ae095f7408b4d5cb5cdbfc3d3c31d20>:0 
  at System.Configuration.ClientConfigPaths.GetPaths (System.String exePath, System.Boolean includeUserConfig) [0x00018] in <5ae095f7408b4d5cb5cdbfc3d3c31d20>:0 
  at System.Configuration.ClientConfigurationHost.get_ConfigPaths () [0x0000a] in <5ae095f7408b4d5cb5cdbfc3d3c31d20>:0 
  at System.Configuration.ClientConfigurationHost.GetStreamName (System.String configPath) [0x0006d] in <5ae095f7408b4d5cb5cdbfc3d3c31d20>:0 
  at System.Configuration.ClientConfigurationHost.get_IsAppConfigHttp () [0x00000] in <5ae095f7408b4d5cb5cdbfc3d3c31d20>:0 
  at System.Configuration.Internal.DelegatingConfigHost.get_IsAppConfigHttp () [0x00006] in <5ae095f7408b4d5cb5cdbfc3d3c31d20>:0 
  at System.Configuration.ClientConfigurationSystem..ctor () [0x00051] in <5ae095f7408b4d5cb5cdbfc3d3c31d20>:0 
  at System.Configuration.ConfigurationManager.EnsureConfigurationSystem () [0x00024] in <5ae095f7408b4d5cb5cdbfc3d3c31d20>:0 
   --- End of inner exception stack trace ---
  at System.Configuration.ConfigurationManager.PrepareConfigSystem () [0x0001a] in <5ae095f7408b4d5cb5cdbfc3d3c31d20>:0 
  at System.Configuration.ConfigurationManager.GetSection (System.String sectionName) [0x0000a] in <5ae095f7408b4d5cb5cdbfc3d3c31d20>:0 
  at System.Configuration.ConfigurationManager.get_AppSettings () [0x00000] in <5ae095f7408b4d5cb5cdbfc3d3c31d20>:0 
  at log4net.Util.SystemInfo.GetAppSetting (System.String key) [0x00000] in <00c34789746b40dda4cd7be2c85ba32f>:0 
log4net:ERROR Exception while reading ConfigurationSettings. Check your .config file is well formed XML.
System.Configuration.ConfigurationErrorsException: Configuration system failed to initialize ---> System.PlatformNotSupportedException: Operation is not supported on this platform.
  at System.Configuration.ClientConfigPaths..ctor (System.String exePath, System.Boolean includeUserConfig) [0x00050] in <5ae095f7408b4d5cb5cdbfc3d3c31d20>:0 
  at System.Configuration.ClientConfigPaths.GetPaths (System.String exePath, System.Boolean includeUserConfig) [0x00018] in <5ae095f7408b4d5cb5cdbfc3d3c31d20>:0 
  at System.Configuration.ClientConfigurationHost.get_ConfigPaths () [0x0000a] in <5ae095f7408b4d5cb5cdbfc3d3c31d20>:0 
  at System.Configuration.ClientConfigurationHost.GetStreamName (System.String configPath) [0x0006d] in <5ae095f7408b4d5cb5cdbfc3d3c31d20>:0 
  at System.Configuration.ClientConfigurationHost.get_IsAppConfigHttp () [0x00000] in <5ae095f7408b4d5cb5cdbfc3d3c31d20>:0 
  at System.Configuration.Internal.DelegatingConfigHost.get_IsAppConfigHttp () [0x00006] in <5ae095f7408b4d5cb5cdbfc3d3c31d20>:0 
  at System.Configuration.ClientConfigurationSystem..ctor () [0x00051] in <5ae095f7408b4d5cb5cdbfc3d3c31d20>:0 
  at System.Configuration.ConfigurationManager.EnsureConfigurationSystem () [0x00024] in <5ae095f7408b4d5cb5cdbfc3d3c31d20>:0 
   --- End of inner exception stack trace ---
  at System.Configuration.ConfigurationManager.PrepareConfigSystem () [0x0001a] in <5ae095f7408b4d5cb5cdbfc3d3c31d20>:0 
  at System.Configuration.ConfigurationManager.GetSection (System.String sectionName) [0x0000a] in <5ae095f7408b4d5cb5cdbfc3d3c31d20>:0 
  at System.Configuration.ConfigurationManager.get_AppSettings () [0x00000] in <5ae095f7408b4d5cb5cdbfc3d3c31d20>:0 
  at log4net.Util.SystemInfo.GetAppSetting (System.String key) [0x00000] in <00c34789746b40dda4cd7be2c85ba32f>:0 
Mono: successfully reloaded assembly
- Finished resetting the current domain, in  0.936 seconds
Domain Reload Profiling: 1869ms
	BeginReloadAssembly (228ms)
		ExecutionOrderSort (0ms)
		DisableScriptedObjects (18ms)
		BackupInstance (0ms)
		ReleaseScriptingObjects (0ms)
		CreateAndSetChildDomain (53ms)
	RebuildCommonClasses (40ms)
	RebuildNativeTypeToScriptingClass (16ms)
	initialDomainReloadingComplete (35ms)
	LoadAllAssembliesAndSetupDomain (613ms)
		LoadAssemblies (435ms)
		RebuildTransferFunctionScriptingTraits (0ms)
		AnalyzeDomain (289ms)
			TypeCache.Refresh (9ms)
				TypeCache.ScanAssembly (0ms)
			BuildScriptInfoCaches (263ms)
			ResolveRequiredComponents (13ms)
	FinalizeReload (937ms)
		ReleaseScriptCaches (0ms)
		RebuildScriptCaches (0ms)
		SetupLoadedEditorAssemblies (710ms)
			LogAssemblyErrors (0ms)
			InitializePlatformSupportModulesInManaged (3ms)
			SetLoadedEditorAssemblies (6ms)
			BeforeProcessingInitializeOnLoad (134ms)
			ProcessInitializeOnLoadAttributes (486ms)
			ProcessInitializeOnLoadMethodAttributes (78ms)
			AfterProcessingInitializeOnLoad (2ms)
			EditorAssembliesLoaded (0ms)
		ExecutionOrderSort2 (0ms)
		AwakeInstancesAfterBackupRestoration (15ms)
Refreshing native plugins compatible for Editor in 2.60 ms, found 4 plugins.
Preloading 0 native plugins for Editor in 0.00 ms.
Unloading 13 Unused Serialized files (Serialized files now loaded: 0)
Unloading 6681 unused Assets / (4.5 MB). Loaded Objects now: 7370.
Memory consumption went from 157.7 MB to 153.2 MB.
Total: 10.345900 ms (FindLiveObjects: 1.021500 ms CreateObjectMapping: 0.798400 ms MarkObjects: 5.951100 ms  DeleteObjects: 2.573100 ms)

Prepare: number of updated asset objects reloaded= 0
========================================================================
Received Prepare
Begin MonoManager ReloadAssembly
Duplicate assembly 'log4net.dll' with different versions detected, using 'Assets/Packages/log4net.3.0.4/lib/netstandard2.0/log4net.dll, AssemblyName=log4net, Version=3.0.4.0, Culture=neutral, PublicKeyToken=669e0ddf0bb1aa2a' and ignoring 'Packages/com.unity.collab-proxy/Lib/Editor/log4netPlastic.dll, AssemblyName=log4net, Version=1.2.15.0, Culture=neutral, PublicKeyToken=669e0ddf0bb1aa2a'.Symbol file LoadedFromMemory is not a mono symbol file
- Loaded All Assemblies, in  0.904 seconds
Refreshing native plugins compatible for Editor in 2.26 ms, found 4 plugins.
Native extension for WindowsStandalone target not found
log4net:ERROR Exception while reading ConfigurationSettings. Check your .config file is well formed XML.
System.Configuration.ConfigurationErrorsException: Configuration system failed to initialize ---> System.PlatformNotSupportedException: Operation is not supported on this platform.
  at System.Configuration.ClientConfigPaths..ctor (System.String exePath, System.Boolean includeUserConfig) [0x00050] in <5ae095f7408b4d5cb5cdbfc3d3c31d20>:0 
  at System.Configuration.ClientConfigPaths.GetPaths (System.String exePath, System.Boolean includeUserConfig) [0x00018] in <5ae095f7408b4d5cb5cdbfc3d3c31d20>:0 
  at System.Configuration.ClientConfigurationHost.get_ConfigPaths () [0x0000a] in <5ae095f7408b4d5cb5cdbfc3d3c31d20>:0 
  at System.Configuration.ClientConfigurationHost.GetStreamName (System.String configPath) [0x0006d] in <5ae095f7408b4d5cb5cdbfc3d3c31d20>:0 
  at System.Configuration.ClientConfigurationHost.get_IsAppConfigHttp () [0x00000] in <5ae095f7408b4d5cb5cdbfc3d3c31d20>:0 
  at System.Configuration.Internal.DelegatingConfigHost.get_IsAppConfigHttp () [0x00006] in <5ae095f7408b4d5cb5cdbfc3d3c31d20>:0 
  at System.Configuration.ClientConfigurationSystem..ctor () [0x00051] in <5ae095f7408b4d5cb5cdbfc3d3c31d20>:0 
  at System.Configuration.ConfigurationManager.EnsureConfigurationSystem () [0x00024] in <5ae095f7408b4d5cb5cdbfc3d3c31d20>:0 
   --- End of inner exception stack trace ---
  at System.Configuration.ConfigurationManager.EnsureConfigurationSystem () [0x00060] in <5ae095f7408b4d5cb5cdbfc3d3c31d20>:0 
  at System.Configuration.ConfigurationManager.PrepareConfigSystem () [0x0000a] in <5ae095f7408b4d5cb5cdbfc3d3c31d20>:0 
  at System.Configuration.ConfigurationManager.GetSection (System.String sectionName) [0x0000a] in <5ae095f7408b4d5cb5cdbfc3d3c31d20>:0 
  at System.Configuration.ConfigurationManager.get_AppSettings () [0x00000] in <5ae095f7408b4d5cb5cdbfc3d3c31d20>:0 
  at log4net.Util.SystemInfo.GetAppSetting (System.String key) [0x00000] in <00c34789746b40dda4cd7be2c85ba32f>:0 
log4net:ERROR Exception while reading ConfigurationSettings. Check your .config file is well formed XML.
System.Configuration.ConfigurationErrorsException: Configuration system failed to initialize ---> System.PlatformNotSupportedException: Operation is not supported on this platform.
  at System.Configuration.ClientConfigPaths..ctor (System.String exePath, System.Boolean includeUserConfig) [0x00050] in <5ae095f7408b4d5cb5cdbfc3d3c31d20>:0 
  at System.Configuration.ClientConfigPaths.GetPaths (System.String exePath, System.Boolean includeUserConfig) [0x00018] in <5ae095f7408b4d5cb5cdbfc3d3c31d20>:0 
  at System.Configuration.ClientConfigurationHost.get_ConfigPaths () [0x0000a] in <5ae095f7408b4d5cb5cdbfc3d3c31d20>:0 
  at System.Configuration.ClientConfigurationHost.GetStreamName (System.String configPath) [0x0006d] in <5ae095f7408b4d5cb5cdbfc3d3c31d20>:0 
  at System.Configuration.ClientConfigurationHost.get_IsAppConfigHttp () [0x00000] in <5ae095f7408b4d5cb5cdbfc3d3c31d20>:0 
  at System.Configuration.Internal.DelegatingConfigHost.get_IsAppConfigHttp () [0x00006] in <5ae095f7408b4d5cb5cdbfc3d3c31d20>:0 
  at System.Configuration.ClientConfigurationSystem..ctor () [0x00051] in <5ae095f7408b4d5cb5cdbfc3d3c31d20>:0 
  at System.Configuration.ConfigurationManager.EnsureConfigurationSystem () [0x00024] in <5ae095f7408b4d5cb5cdbfc3d3c31d20>:0 
   --- End of inner exception stack trace ---
  at System.Configuration.ConfigurationManager.PrepareConfigSystem () [0x0001a] in <5ae095f7408b4d5cb5cdbfc3d3c31d20>:0 
  at System.Configuration.ConfigurationManager.GetSection (System.String sectionName) [0x0000a] in <5ae095f7408b4d5cb5cdbfc3d3c31d20>:0 
  at System.Configuration.ConfigurationManager.get_AppSettings () [0x00000] in <5ae095f7408b4d5cb5cdbfc3d3c31d20>:0 
  at log4net.Util.SystemInfo.GetAppSetting (System.String key) [0x00000] in <00c34789746b40dda4cd7be2c85ba32f>:0 
log4net:ERROR Exception while reading ConfigurationSettings. Check your .config file is well formed XML.
System.Configuration.ConfigurationErrorsException: Configuration system failed to initialize ---> System.PlatformNotSupportedException: Operation is not supported on this platform.
  at System.Configuration.ClientConfigPaths..ctor (System.String exePath, System.Boolean includeUserConfig) [0x00050] in <5ae095f7408b4d5cb5cdbfc3d3c31d20>:0 
  at System.Configuration.ClientConfigPaths.GetPaths (System.String exePath, System.Boolean includeUserConfig) [0x00018] in <5ae095f7408b4d5cb5cdbfc3d3c31d20>:0 
  at System.Configuration.ClientConfigurationHost.get_ConfigPaths () [0x0000a] in <5ae095f7408b4d5cb5cdbfc3d3c31d20>:0 
  at System.Configuration.ClientConfigurationHost.GetStreamName (System.String configPath) [0x0006d] in <5ae095f7408b4d5cb5cdbfc3d3c31d20>:0 
  at System.Configuration.ClientConfigurationHost.get_IsAppConfigHttp () [0x00000] in <5ae095f7408b4d5cb5cdbfc3d3c31d20>:0 
  at System.Configuration.Internal.DelegatingConfigHost.get_IsAppConfigHttp () [0x00006] in <5ae095f7408b4d5cb5cdbfc3d3c31d20>:0 
  at System.Configuration.ClientConfigurationSystem..ctor () [0x00051] in <5ae095f7408b4d5cb5cdbfc3d3c31d20>:0 
  at System.Configuration.ConfigurationManager.EnsureConfigurationSystem () [0x00024] in <5ae095f7408b4d5cb5cdbfc3d3c31d20>:0 
   --- End of inner exception stack trace ---
  at System.Configuration.ConfigurationManager.PrepareConfigSystem () [0x0001a] in <5ae095f7408b4d5cb5cdbfc3d3c31d20>:0 
  at System.Configuration.ConfigurationManager.GetSection (System.String sectionName) [0x0000a] in <5ae095f7408b4d5cb5cdbfc3d3c31d20>:0 
  at System.Configuration.ConfigurationManager.get_AppSettings () [0x00000] in <5ae095f7408b4d5cb5cdbfc3d3c31d20>:0 
  at log4net.Util.SystemInfo.GetAppSetting (System.String key) [0x00000] in <00c34789746b40dda4cd7be2c85ba32f>:0 
log4net:ERROR Exception while reading ConfigurationSettings. Check your .config file is well formed XML.
System.Configuration.ConfigurationErrorsException: Configuration system failed to initialize ---> System.PlatformNotSupportedException: Operation is not supported on this platform.
  at System.Configuration.ClientConfigPaths..ctor (System.String exePath, System.Boolean includeUserConfig) [0x00050] in <5ae095f7408b4d5cb5cdbfc3d3c31d20>:0 
  at System.Configuration.ClientConfigPaths.GetPaths (System.String exePath, System.Boolean includeUserConfig) [0x00018] in <5ae095f7408b4d5cb5cdbfc3d3c31d20>:0 
  at System.Configuration.ClientConfigurationHost.get_ConfigPaths () [0x0000a] in <5ae095f7408b4d5cb5cdbfc3d3c31d20>:0 
  at System.Configuration.ClientConfigurationHost.GetStreamName (System.String configPath) [0x0006d] in <5ae095f7408b4d5cb5cdbfc3d3c31d20>:0 
  at System.Configuration.ClientConfigurationHost.get_IsAppConfigHttp () [0x00000] in <5ae095f7408b4d5cb5cdbfc3d3c31d20>:0 
  at System.Configuration.Internal.DelegatingConfigHost.get_IsAppConfigHttp () [0x00006] in <5ae095f7408b4d5cb5cdbfc3d3c31d20>:0 
  at System.Configuration.ClientConfigurationSystem..ctor () [0x00051] in <5ae095f7408b4d5cb5cdbfc3d3c31d20>:0 
  at System.Configuration.ConfigurationManager.EnsureConfigurationSystem () [0x00024] in <5ae095f7408b4d5cb5cdbfc3d3c31d20>:0 
   --- End of inner exception stack trace ---
  at System.Configuration.ConfigurationManager.PrepareConfigSystem () [0x0001a] in <5ae095f7408b4d5cb5cdbfc3d3c31d20>:0 
  at System.Configuration.ConfigurationManager.GetSection (System.String sectionName) [0x0000a] in <5ae095f7408b4d5cb5cdbfc3d3c31d20>:0 
  at System.Configuration.ConfigurationManager.get_AppSettings () [0x00000] in <5ae095f7408b4d5cb5cdbfc3d3c31d20>:0 
  at log4net.Util.SystemInfo.GetAppSetting (System.String key) [0x00000] in <00c34789746b40dda4cd7be2c85ba32f>:0 
log4net:ERROR Exception while reading ConfigurationSettings. Check your .config file is well formed XML.
System.Configuration.ConfigurationErrorsException: Configuration system failed to initialize ---> System.PlatformNotSupportedException: Operation is not supported on this platform.
  at System.Configuration.ClientConfigPaths..ctor (System.String exePath, System.Boolean includeUserConfig) [0x00050] in <5ae095f7408b4d5cb5cdbfc3d3c31d20>:0 
  at System.Configuration.ClientConfigPaths.GetPaths (System.String exePath, System.Boolean includeUserConfig) [0x00018] in <5ae095f7408b4d5cb5cdbfc3d3c31d20>:0 
  at System.Configuration.ClientConfigurationHost.get_ConfigPaths () [0x0000a] in <5ae095f7408b4d5cb5cdbfc3d3c31d20>:0 
  at System.Configuration.ClientConfigurationHost.GetStreamName (System.String configPath) [0x0006d] in <5ae095f7408b4d5cb5cdbfc3d3c31d20>:0 
  at System.Configuration.ClientConfigurationHost.get_IsAppConfigHttp () [0x00000] in <5ae095f7408b4d5cb5cdbfc3d3c31d20>:0 
  at System.Configuration.Internal.DelegatingConfigHost.get_IsAppConfigHttp () [0x00006] in <5ae095f7408b4d5cb5cdbfc3d3c31d20>:0 
  at System.Configuration.ClientConfigurationSystem..ctor () [0x00051] in <5ae095f7408b4d5cb5cdbfc3d3c31d20>:0 
  at System.Configuration.ConfigurationManager.EnsureConfigurationSystem () [0x00024] in <5ae095f7408b4d5cb5cdbfc3d3c31d20>:0 
   --- End of inner exception stack trace ---
  at System.Configuration.ConfigurationManager.PrepareConfigSystem () [0x0001a] in <5ae095f7408b4d5cb5cdbfc3d3c31d20>:0 
  at System.Configuration.ConfigurationManager.GetSection (System.String sectionName) [0x0000a] in <5ae095f7408b4d5cb5cdbfc3d3c31d20>:0 
  at System.Configuration.ConfigurationManager.get_AppSettings () [0x00000] in <5ae095f7408b4d5cb5cdbfc3d3c31d20>:0 
  at log4net.Util.SystemInfo.GetAppSetting (System.String key) [0x00000] in <00c34789746b40dda4cd7be2c85ba32f>:0 
log4net:ERROR Exception while reading ConfigurationSettings. Check your .config file is well formed XML.
System.Configuration.ConfigurationErrorsException: Configuration system failed to initialize ---> System.PlatformNotSupportedException: Operation is not supported on this platform.
  at System.Configuration.ClientConfigPaths..ctor (System.String exePath, System.Boolean includeUserConfig) [0x00050] in <5ae095f7408b4d5cb5cdbfc3d3c31d20>:0 
  at System.Configuration.ClientConfigPaths.GetPaths (System.String exePath, System.Boolean includeUserConfig) [0x00018] in <5ae095f7408b4d5cb5cdbfc3d3c31d20>:0 
  at System.Configuration.ClientConfigurationHost.get_ConfigPaths () [0x0000a] in <5ae095f7408b4d5cb5cdbfc3d3c31d20>:0 
  at System.Configuration.ClientConfigurationHost.GetStreamName (System.String configPath) [0x0006d] in <5ae095f7408b4d5cb5cdbfc3d3c31d20>:0 
  at System.Configuration.ClientConfigurationHost.get_IsAppConfigHttp () [0x00000] in <5ae095f7408b4d5cb5cdbfc3d3c31d20>:0 
  at System.Configuration.Internal.DelegatingConfigHost.get_IsAppConfigHttp () [0x00006] in <5ae095f7408b4d5cb5cdbfc3d3c31d20>:0 
  at System.Configuration.ClientConfigurationSystem..ctor () [0x00051] in <5ae095f7408b4d5cb5cdbfc3d3c31d20>:0 
  at System.Configuration.ConfigurationManager.EnsureConfigurationSystem () [0x00024] in <5ae095f7408b4d5cb5cdbfc3d3c31d20>:0 
   --- End of inner exception stack trace ---
  at System.Configuration.ConfigurationManager.PrepareConfigSystem () [0x0001a] in <5ae095f7408b4d5cb5cdbfc3d3c31d20>:0 
  at System.Configuration.ConfigurationManager.GetSection (System.String sectionName) [0x0000a] in <5ae095f7408b4d5cb5cdbfc3d3c31d20>:0 
  at System.Configuration.ConfigurationManager.get_AppSettings () [0x00000] in <5ae095f7408b4d5cb5cdbfc3d3c31d20>:0 
  at log4net.Util.SystemInfo.GetAppSetting (System.String key) [0x00000] in <00c34789746b40dda4cd7be2c85ba32f>:0 
log4net:ERROR Exception while reading ConfigurationSettings. Check your .config file is well formed XML.
System.Configuration.ConfigurationErrorsException: Configuration system failed to initialize ---> System.PlatformNotSupportedException: Operation is not supported on this platform.
  at System.Configuration.ClientConfigPaths..ctor (System.String exePath, System.Boolean includeUserConfig) [0x00050] in <5ae095f7408b4d5cb5cdbfc3d3c31d20>:0 
  at System.Configuration.ClientConfigPaths.GetPaths (System.String exePath, System.Boolean includeUserConfig) [0x00018] in <5ae095f7408b4d5cb5cdbfc3d3c31d20>:0 
  at System.Configuration.ClientConfigurationHost.get_ConfigPaths () [0x0000a] in <5ae095f7408b4d5cb5cdbfc3d3c31d20>:0 
  at System.Configuration.ClientConfigurationHost.GetStreamName (System.String configPath) [0x0006d] in <5ae095f7408b4d5cb5cdbfc3d3c31d20>:0 
  at System.Configuration.ClientConfigurationHost.get_IsAppConfigHttp () [0x00000] in <5ae095f7408b4d5cb5cdbfc3d3c31d20>:0 
  at System.Configuration.Internal.DelegatingConfigHost.get_IsAppConfigHttp () [0x00006] in <5ae095f7408b4d5cb5cdbfc3d3c31d20>:0 
  at System.Configuration.ClientConfigurationSystem..ctor () [0x00051] in <5ae095f7408b4d5cb5cdbfc3d3c31d20>:0 
  at System.Configuration.ConfigurationManager.EnsureConfigurationSystem () [0x00024] in <5ae095f7408b4d5cb5cdbfc3d3c31d20>:0 
   --- End of inner exception stack trace ---
  at System.Configuration.ConfigurationManager.PrepareConfigSystem () [0x0001a] in <5ae095f7408b4d5cb5cdbfc3d3c31d20>:0 
  at System.Configuration.ConfigurationManager.GetSection (System.String sectionName) [0x0000a] in <5ae095f7408b4d5cb5cdbfc3d3c31d20>:0 
  at System.Configuration.ConfigurationManager.get_AppSettings () [0x00000] in <5ae095f7408b4d5cb5cdbfc3d3c31d20>:0 
  at log4net.Util.SystemInfo.GetAppSetting (System.String key) [0x00000] in <00c34789746b40dda4cd7be2c85ba32f>:0 
Mono: successfully reloaded assembly
- Finished resetting the current domain, in  0.913 seconds
Domain Reload Profiling: 1817ms
	BeginReloadAssembly (221ms)
		ExecutionOrderSort (0ms)
		DisableScriptedObjects (18ms)
		BackupInstance (0ms)
		ReleaseScriptingObjects (0ms)
		CreateAndSetChildDomain (50ms)
	RebuildCommonClasses (38ms)
	RebuildNativeTypeToScriptingClass (16ms)
	initialDomainReloadingComplete (34ms)
	LoadAllAssembliesAndSetupDomain (595ms)
		LoadAssemblies (419ms)
		RebuildTransferFunctionScriptingTraits (0ms)
		AnalyzeDomain (284ms)
			TypeCache.Refresh (9ms)
				TypeCache.ScanAssembly (0ms)
			BuildScriptInfoCaches (258ms)
			ResolveRequiredComponents (14ms)
	FinalizeReload (913ms)
		ReleaseScriptCaches (0ms)
		RebuildScriptCaches (0ms)
		SetupLoadedEditorAssemblies (694ms)
			LogAssemblyErrors (0ms)
			InitializePlatformSupportModulesInManaged (2ms)
			SetLoadedEditorAssemblies (5ms)
			BeforeProcessingInitializeOnLoad (129ms)
			ProcessInitializeOnLoadAttributes (476ms)
			ProcessInitializeOnLoadMethodAttributes (79ms)
			AfterProcessingInitializeOnLoad (2ms)
			EditorAssembliesLoaded (0ms)
		ExecutionOrderSort2 (0ms)
		AwakeInstancesAfterBackupRestoration (13ms)
Refreshing native plugins compatible for Editor in 2.69 ms, found 4 plugins.
Preloading 0 native plugins for Editor in 0.00 ms.
Unloading 13 Unused Serialized files (Serialized files now loaded: 0)
Unloading 6681 unused Assets / (4.3 MB). Loaded Objects now: 7372.
Memory consumption went from 157.8 MB to 153.5 MB.
Total: 8.779400 ms (FindLiveObjects: 0.872400 ms CreateObjectMapping: 0.497000 ms MarkObjects: 5.291900 ms  DeleteObjects: 2.116800 ms)

Prepare: number of updated asset objects reloaded= 0
========================================================================
Received Prepare
Begin MonoManager ReloadAssembly
Duplicate assembly 'log4net.dll' with different versions detected, using 'Assets/Packages/log4net.3.0.4/lib/netstandard2.0/log4net.dll, AssemblyName=log4net, Version=3.0.4.0, Culture=neutral, PublicKeyToken=669e0ddf0bb1aa2a' and ignoring 'Packages/com.unity.collab-proxy/Lib/Editor/log4netPlastic.dll, AssemblyName=log4net, Version=1.2.15.0, Culture=neutral, PublicKeyToken=669e0ddf0bb1aa2a'.Symbol file LoadedFromMemory is not a mono symbol file
- Loaded All Assemblies, in  0.940 seconds
Refreshing native plugins compatible for Editor in 2.43 ms, found 4 plugins.
Native extension for WindowsStandalone target not found
log4net:ERROR Exception while reading ConfigurationSettings. Check your .config file is well formed XML.
System.Configuration.ConfigurationErrorsException: Configuration system failed to initialize ---> System.PlatformNotSupportedException: Operation is not supported on this platform.
  at System.Configuration.ClientConfigPaths..ctor (System.String exePath, System.Boolean includeUserConfig) [0x00050] in <5ae095f7408b4d5cb5cdbfc3d3c31d20>:0 
  at System.Configuration.ClientConfigPaths.GetPaths (System.String exePath, System.Boolean includeUserConfig) [0x00018] in <5ae095f7408b4d5cb5cdbfc3d3c31d20>:0 
  at System.Configuration.ClientConfigurationHost.get_ConfigPaths () [0x0000a] in <5ae095f7408b4d5cb5cdbfc3d3c31d20>:0 
  at System.Configuration.ClientConfigurationHost.GetStreamName (System.String configPath) [0x0006d] in <5ae095f7408b4d5cb5cdbfc3d3c31d20>:0 
  at System.Configuration.ClientConfigurationHost.get_IsAppConfigHttp () [0x00000] in <5ae095f7408b4d5cb5cdbfc3d3c31d20>:0 
  at System.Configuration.Internal.DelegatingConfigHost.get_IsAppConfigHttp () [0x00006] in <5ae095f7408b4d5cb5cdbfc3d3c31d20>:0 
  at System.Configuration.ClientConfigurationSystem..ctor () [0x00051] in <5ae095f7408b4d5cb5cdbfc3d3c31d20>:0 
  at System.Configuration.ConfigurationManager.EnsureConfigurationSystem () [0x00024] in <5ae095f7408b4d5cb5cdbfc3d3c31d20>:0 
   --- End of inner exception stack trace ---
  at System.Configuration.ConfigurationManager.EnsureConfigurationSystem () [0x00060] in <5ae095f7408b4d5cb5cdbfc3d3c31d20>:0 
  at System.Configuration.ConfigurationManager.PrepareConfigSystem () [0x0000a] in <5ae095f7408b4d5cb5cdbfc3d3c31d20>:0 
  at System.Configuration.ConfigurationManager.GetSection (System.String sectionName) [0x0000a] in <5ae095f7408b4d5cb5cdbfc3d3c31d20>:0 
  at System.Configuration.ConfigurationManager.get_AppSettings () [0x00000] in <5ae095f7408b4d5cb5cdbfc3d3c31d20>:0 
  at log4net.Util.SystemInfo.GetAppSetting (System.String key) [0x00000] in <00c34789746b40dda4cd7be2c85ba32f>:0 
log4net:ERROR Exception while reading ConfigurationSettings. Check your .config file is well formed XML.
System.Configuration.ConfigurationErrorsException: Configuration system failed to initialize ---> System.PlatformNotSupportedException: Operation is not supported on this platform.
  at System.Configuration.ClientConfigPaths..ctor (System.String exePath, System.Boolean includeUserConfig) [0x00050] in <5ae095f7408b4d5cb5cdbfc3d3c31d20>:0 
  at System.Configuration.ClientConfigPaths.GetPaths (System.String exePath, System.Boolean includeUserConfig) [0x00018] in <5ae095f7408b4d5cb5cdbfc3d3c31d20>:0 
  at System.Configuration.ClientConfigurationHost.get_ConfigPaths () [0x0000a] in <5ae095f7408b4d5cb5cdbfc3d3c31d20>:0 
  at System.Configuration.ClientConfigurationHost.GetStreamName (System.String configPath) [0x0006d] in <5ae095f7408b4d5cb5cdbfc3d3c31d20>:0 
  at System.Configuration.ClientConfigurationHost.get_IsAppConfigHttp () [0x00000] in <5ae095f7408b4d5cb5cdbfc3d3c31d20>:0 
  at System.Configuration.Internal.DelegatingConfigHost.get_IsAppConfigHttp () [0x00006] in <5ae095f7408b4d5cb5cdbfc3d3c31d20>:0 
  at System.Configuration.ClientConfigurationSystem..ctor () [0x00051] in <5ae095f7408b4d5cb5cdbfc3d3c31d20>:0 
  at System.Configuration.ConfigurationManager.EnsureConfigurationSystem () [0x00024] in <5ae095f7408b4d5cb5cdbfc3d3c31d20>:0 
   --- End of inner exception stack trace ---
  at System.Configuration.ConfigurationManager.PrepareConfigSystem () [0x0001a] in <5ae095f7408b4d5cb5cdbfc3d3c31d20>:0 
  at System.Configuration.ConfigurationManager.GetSection (System.String sectionName) [0x0000a] in <5ae095f7408b4d5cb5cdbfc3d3c31d20>:0 
  at System.Configuration.ConfigurationManager.get_AppSettings () [0x00000] in <5ae095f7408b4d5cb5cdbfc3d3c31d20>:0 
  at log4net.Util.SystemInfo.GetAppSetting (System.String key) [0x00000] in <00c34789746b40dda4cd7be2c85ba32f>:0 
log4net:ERROR Exception while reading ConfigurationSettings. Check your .config file is well formed XML.
System.Configuration.ConfigurationErrorsException: Configuration system failed to initialize ---> System.PlatformNotSupportedException: Operation is not supported on this platform.
  at System.Configuration.ClientConfigPaths..ctor (System.String exePath, System.Boolean includeUserConfig) [0x00050] in <5ae095f7408b4d5cb5cdbfc3d3c31d20>:0 
  at System.Configuration.ClientConfigPaths.GetPaths (System.String exePath, System.Boolean includeUserConfig) [0x00018] in <5ae095f7408b4d5cb5cdbfc3d3c31d20>:0 
  at System.Configuration.ClientConfigurationHost.get_ConfigPaths () [0x0000a] in <5ae095f7408b4d5cb5cdbfc3d3c31d20>:0 
  at System.Configuration.ClientConfigurationHost.GetStreamName (System.String configPath) [0x0006d] in <5ae095f7408b4d5cb5cdbfc3d3c31d20>:0 
  at System.Configuration.ClientConfigurationHost.get_IsAppConfigHttp () [0x00000] in <5ae095f7408b4d5cb5cdbfc3d3c31d20>:0 
  at System.Configuration.Internal.DelegatingConfigHost.get_IsAppConfigHttp () [0x00006] in <5ae095f7408b4d5cb5cdbfc3d3c31d20>:0 
  at System.Configuration.ClientConfigurationSystem..ctor () [0x00051] in <5ae095f7408b4d5cb5cdbfc3d3c31d20>:0 
  at System.Configuration.ConfigurationManager.EnsureConfigurationSystem () [0x00024] in <5ae095f7408b4d5cb5cdbfc3d3c31d20>:0 
   --- End of inner exception stack trace ---
  at System.Configuration.ConfigurationManager.PrepareConfigSystem () [0x0001a] in <5ae095f7408b4d5cb5cdbfc3d3c31d20>:0 
  at System.Configuration.ConfigurationManager.GetSection (System.String sectionName) [0x0000a] in <5ae095f7408b4d5cb5cdbfc3d3c31d20>:0 
  at System.Configuration.ConfigurationManager.get_AppSettings () [0x00000] in <5ae095f7408b4d5cb5cdbfc3d3c31d20>:0 
  at log4net.Util.SystemInfo.GetAppSetting (System.String key) [0x00000] in <00c34789746b40dda4cd7be2c85ba32f>:0 
log4net:ERROR Exception while reading ConfigurationSettings. Check your .config file is well formed XML.
System.Configuration.ConfigurationErrorsException: Configuration system failed to initialize ---> System.PlatformNotSupportedException: Operation is not supported on this platform.
  at System.Configuration.ClientConfigPaths..ctor (System.String exePath, System.Boolean includeUserConfig) [0x00050] in <5ae095f7408b4d5cb5cdbfc3d3c31d20>:0 
  at System.Configuration.ClientConfigPaths.GetPaths (System.String exePath, System.Boolean includeUserConfig) [0x00018] in <5ae095f7408b4d5cb5cdbfc3d3c31d20>:0 
  at System.Configuration.ClientConfigurationHost.get_ConfigPaths () [0x0000a] in <5ae095f7408b4d5cb5cdbfc3d3c31d20>:0 
  at System.Configuration.ClientConfigurationHost.GetStreamName (System.String configPath) [0x0006d] in <5ae095f7408b4d5cb5cdbfc3d3c31d20>:0 
  at System.Configuration.ClientConfigurationHost.get_IsAppConfigHttp () [0x00000] in <5ae095f7408b4d5cb5cdbfc3d3c31d20>:0 
  at System.Configuration.Internal.DelegatingConfigHost.get_IsAppConfigHttp () [0x00006] in <5ae095f7408b4d5cb5cdbfc3d3c31d20>:0 
  at System.Configuration.ClientConfigurationSystem..ctor () [0x00051] in <5ae095f7408b4d5cb5cdbfc3d3c31d20>:0 
  at System.Configuration.ConfigurationManager.EnsureConfigurationSystem () [0x00024] in <5ae095f7408b4d5cb5cdbfc3d3c31d20>:0 
   --- End of inner exception stack trace ---
  at System.Configuration.ConfigurationManager.PrepareConfigSystem () [0x0001a] in <5ae095f7408b4d5cb5cdbfc3d3c31d20>:0 
  at System.Configuration.ConfigurationManager.GetSection (System.String sectionName) [0x0000a] in <5ae095f7408b4d5cb5cdbfc3d3c31d20>:0 
  at System.Configuration.ConfigurationManager.get_AppSettings () [0x00000] in <5ae095f7408b4d5cb5cdbfc3d3c31d20>:0 
  at log4net.Util.SystemInfo.GetAppSetting (System.String key) [0x00000] in <00c34789746b40dda4cd7be2c85ba32f>:0 
log4net:ERROR Exception while reading ConfigurationSettings. Check your .config file is well formed XML.
System.Configuration.ConfigurationErrorsException: Configuration system failed to initialize ---> System.PlatformNotSupportedException: Operation is not supported on this platform.
  at System.Configuration.ClientConfigPaths..ctor (System.String exePath, System.Boolean includeUserConfig) [0x00050] in <5ae095f7408b4d5cb5cdbfc3d3c31d20>:0 
  at System.Configuration.ClientConfigPaths.GetPaths (System.String exePath, System.Boolean includeUserConfig) [0x00018] in <5ae095f7408b4d5cb5cdbfc3d3c31d20>:0 
  at System.Configuration.ClientConfigurationHost.get_ConfigPaths () [0x0000a] in <5ae095f7408b4d5cb5cdbfc3d3c31d20>:0 
  at System.Configuration.ClientConfigurationHost.GetStreamName (System.String configPath) [0x0006d] in <5ae095f7408b4d5cb5cdbfc3d3c31d20>:0 
  at System.Configuration.ClientConfigurationHost.get_IsAppConfigHttp () [0x00000] in <5ae095f7408b4d5cb5cdbfc3d3c31d20>:0 
  at System.Configuration.Internal.DelegatingConfigHost.get_IsAppConfigHttp () [0x00006] in <5ae095f7408b4d5cb5cdbfc3d3c31d20>:0 
  at System.Configuration.ClientConfigurationSystem..ctor () [0x00051] in <5ae095f7408b4d5cb5cdbfc3d3c31d20>:0 
  at System.Configuration.ConfigurationManager.EnsureConfigurationSystem () [0x00024] in <5ae095f7408b4d5cb5cdbfc3d3c31d20>:0 
   --- End of inner exception stack trace ---
  at System.Configuration.ConfigurationManager.PrepareConfigSystem () [0x0001a] in <5ae095f7408b4d5cb5cdbfc3d3c31d20>:0 
  at System.Configuration.ConfigurationManager.GetSection (System.String sectionName) [0x0000a] in <5ae095f7408b4d5cb5cdbfc3d3c31d20>:0 
  at System.Configuration.ConfigurationManager.get_AppSettings () [0x00000] in <5ae095f7408b4d5cb5cdbfc3d3c31d20>:0 
  at log4net.Util.SystemInfo.GetAppSetting (System.String key) [0x00000] in <00c34789746b40dda4cd7be2c85ba32f>:0 
log4net:ERROR Exception while reading ConfigurationSettings. Check your .config file is well formed XML.
System.Configuration.ConfigurationErrorsException: Configuration system failed to initialize ---> System.PlatformNotSupportedException: Operation is not supported on this platform.
  at System.Configuration.ClientConfigPaths..ctor (System.String exePath, System.Boolean includeUserConfig) [0x00050] in <5ae095f7408b4d5cb5cdbfc3d3c31d20>:0 
  at System.Configuration.ClientConfigPaths.GetPaths (System.String exePath, System.Boolean includeUserConfig) [0x00018] in <5ae095f7408b4d5cb5cdbfc3d3c31d20>:0 
  at System.Configuration.ClientConfigurationHost.get_ConfigPaths () [0x0000a] in <5ae095f7408b4d5cb5cdbfc3d3c31d20>:0 
  at System.Configuration.ClientConfigurationHost.GetStreamName (System.String configPath) [0x0006d] in <5ae095f7408b4d5cb5cdbfc3d3c31d20>:0 
  at System.Configuration.ClientConfigurationHost.get_IsAppConfigHttp () [0x00000] in <5ae095f7408b4d5cb5cdbfc3d3c31d20>:0 
  at System.Configuration.Internal.DelegatingConfigHost.get_IsAppConfigHttp () [0x00006] in <5ae095f7408b4d5cb5cdbfc3d3c31d20>:0 
  at System.Configuration.ClientConfigurationSystem..ctor () [0x00051] in <5ae095f7408b4d5cb5cdbfc3d3c31d20>:0 
  at System.Configuration.ConfigurationManager.EnsureConfigurationSystem () [0x00024] in <5ae095f7408b4d5cb5cdbfc3d3c31d20>:0 
   --- End of inner exception stack trace ---
  at System.Configuration.ConfigurationManager.PrepareConfigSystem () [0x0001a] in <5ae095f7408b4d5cb5cdbfc3d3c31d20>:0 
  at System.Configuration.ConfigurationManager.GetSection (System.String sectionName) [0x0000a] in <5ae095f7408b4d5cb5cdbfc3d3c31d20>:0 
  at System.Configuration.ConfigurationManager.get_AppSettings () [0x00000] in <5ae095f7408b4d5cb5cdbfc3d3c31d20>:0 
  at log4net.Util.SystemInfo.GetAppSetting (System.String key) [0x00000] in <00c34789746b40dda4cd7be2c85ba32f>:0 
log4net:ERROR Exception while reading ConfigurationSettings. Check your .config file is well formed XML.
System.Configuration.ConfigurationErrorsException: Configuration system failed to initialize ---> System.PlatformNotSupportedException: Operation is not supported on this platform.
  at System.Configuration.ClientConfigPaths..ctor (System.String exePath, System.Boolean includeUserConfig) [0x00050] in <5ae095f7408b4d5cb5cdbfc3d3c31d20>:0 
  at System.Configuration.ClientConfigPaths.GetPaths (System.String exePath, System.Boolean includeUserConfig) [0x00018] in <5ae095f7408b4d5cb5cdbfc3d3c31d20>:0 
  at System.Configuration.ClientConfigurationHost.get_ConfigPaths () [0x0000a] in <5ae095f7408b4d5cb5cdbfc3d3c31d20>:0 
  at System.Configuration.ClientConfigurationHost.GetStreamName (System.String configPath) [0x0006d] in <5ae095f7408b4d5cb5cdbfc3d3c31d20>:0 
  at System.Configuration.ClientConfigurationHost.get_IsAppConfigHttp () [0x00000] in <5ae095f7408b4d5cb5cdbfc3d3c31d20>:0 
  at System.Configuration.Internal.DelegatingConfigHost.get_IsAppConfigHttp () [0x00006] in <5ae095f7408b4d5cb5cdbfc3d3c31d20>:0 
  at System.Configuration.ClientConfigurationSystem..ctor () [0x00051] in <5ae095f7408b4d5cb5cdbfc3d3c31d20>:0 
  at System.Configuration.ConfigurationManager.EnsureConfigurationSystem () [0x00024] in <5ae095f7408b4d5cb5cdbfc3d3c31d20>:0 
   --- End of inner exception stack trace ---
  at System.Configuration.ConfigurationManager.PrepareConfigSystem () [0x0001a] in <5ae095f7408b4d5cb5cdbfc3d3c31d20>:0 
  at System.Configuration.ConfigurationManager.GetSection (System.String sectionName) [0x0000a] in <5ae095f7408b4d5cb5cdbfc3d3c31d20>:0 
  at System.Configuration.ConfigurationManager.get_AppSettings () [0x00000] in <5ae095f7408b4d5cb5cdbfc3d3c31d20>:0 
  at log4net.Util.SystemInfo.GetAppSetting (System.String key) [0x00000] in <00c34789746b40dda4cd7be2c85ba32f>:0 
Mono: successfully reloaded assembly
- Finished resetting the current domain, in  0.934 seconds
Domain Reload Profiling: 1873ms
	BeginReloadAssembly (230ms)
		ExecutionOrderSort (0ms)
		DisableScriptedObjects (17ms)
		BackupInstance (0ms)
		ReleaseScriptingObjects (0ms)
		CreateAndSetChildDomain (51ms)
	RebuildCommonClasses (40ms)
	RebuildNativeTypeToScriptingClass (16ms)
	initialDomainReloadingComplete (34ms)
	LoadAllAssembliesAndSetupDomain (619ms)
		LoadAssemblies (428ms)
		RebuildTransferFunctionScriptingTraits (0ms)
		AnalyzeDomain (300ms)
			TypeCache.Refresh (9ms)
				TypeCache.ScanAssembly (0ms)
			BuildScriptInfoCaches (274ms)
			ResolveRequiredComponents (14ms)
	FinalizeReload (934ms)
		ReleaseScriptCaches (0ms)
		RebuildScriptCaches (0ms)
		SetupLoadedEditorAssemblies (707ms)
			LogAssemblyErrors (0ms)
			InitializePlatformSupportModulesInManaged (2ms)
			SetLoadedEditorAssemblies (6ms)
			BeforeProcessingInitializeOnLoad (127ms)
			ProcessInitializeOnLoadAttributes (483ms)
			ProcessInitializeOnLoadMethodAttributes (85ms)
			AfterProcessingInitializeOnLoad (3ms)
			EditorAssembliesLoaded (0ms)
		ExecutionOrderSort2 (0ms)
		AwakeInstancesAfterBackupRestoration (15ms)
Refreshing native plugins compatible for Editor in 2.58 ms, found 4 plugins.
Preloading 0 native plugins for Editor in 0.00 ms.
Unloading 13 Unused Serialized files (Serialized files now loaded: 0)
Unloading 6681 unused Assets / (4.5 MB). Loaded Objects now: 7374.
Memory consumption went from 157.8 MB to 153.3 MB.
Total: 9.938400 ms (FindLiveObjects: 0.967000 ms CreateObjectMapping: 0.662700 ms MarkObjects: 5.812700 ms  DeleteObjects: 2.494300 ms)

Prepare: number of updated asset objects reloaded= 0
========================================================================
Received Prepare
Begin MonoManager ReloadAssembly
Duplicate assembly 'log4net.dll' with different versions detected, using 'Assets/Packages/log4net.3.0.4/lib/netstandard2.0/log4net.dll, AssemblyName=log4net, Version=3.0.4.0, Culture=neutral, PublicKeyToken=669e0ddf0bb1aa2a' and ignoring 'Packages/com.unity.collab-proxy/Lib/Editor/log4netPlastic.dll, AssemblyName=log4net, Version=1.2.15.0, Culture=neutral, PublicKeyToken=669e0ddf0bb1aa2a'.Symbol file LoadedFromMemory is not a mono symbol file
- Loaded All Assemblies, in  0.886 seconds
Refreshing native plugins compatible for Editor in 2.05 ms, found 4 plugins.
Native extension for WindowsStandalone target not found
log4net:ERROR Exception while reading ConfigurationSettings. Check your .config file is well formed XML.
System.Configuration.ConfigurationErrorsException: Configuration system failed to initialize ---> System.PlatformNotSupportedException: Operation is not supported on this platform.
  at System.Configuration.ClientConfigPaths..ctor (System.String exePath, System.Boolean includeUserConfig) [0x00050] in <5ae095f7408b4d5cb5cdbfc3d3c31d20>:0 
  at System.Configuration.ClientConfigPaths.GetPaths (System.String exePath, System.Boolean includeUserConfig) [0x00018] in <5ae095f7408b4d5cb5cdbfc3d3c31d20>:0 
  at System.Configuration.ClientConfigurationHost.get_ConfigPaths () [0x0000a] in <5ae095f7408b4d5cb5cdbfc3d3c31d20>:0 
  at System.Configuration.ClientConfigurationHost.GetStreamName (System.String configPath) [0x0006d] in <5ae095f7408b4d5cb5cdbfc3d3c31d20>:0 
  at System.Configuration.ClientConfigurationHost.get_IsAppConfigHttp () [0x00000] in <5ae095f7408b4d5cb5cdbfc3d3c31d20>:0 
  at System.Configuration.Internal.DelegatingConfigHost.get_IsAppConfigHttp () [0x00006] in <5ae095f7408b4d5cb5cdbfc3d3c31d20>:0 
  at System.Configuration.ClientConfigurationSystem..ctor () [0x00051] in <5ae095f7408b4d5cb5cdbfc3d3c31d20>:0 
  at System.Configuration.ConfigurationManager.EnsureConfigurationSystem () [0x00024] in <5ae095f7408b4d5cb5cdbfc3d3c31d20>:0 
   --- End of inner exception stack trace ---
  at System.Configuration.ConfigurationManager.EnsureConfigurationSystem () [0x00060] in <5ae095f7408b4d5cb5cdbfc3d3c31d20>:0 
  at System.Configuration.ConfigurationManager.PrepareConfigSystem () [0x0000a] in <5ae095f7408b4d5cb5cdbfc3d3c31d20>:0 
  at System.Configuration.ConfigurationManager.GetSection (System.String sectionName) [0x0000a] in <5ae095f7408b4d5cb5cdbfc3d3c31d20>:0 
  at System.Configuration.ConfigurationManager.get_AppSettings () [0x00000] in <5ae095f7408b4d5cb5cdbfc3d3c31d20>:0 
  at log4net.Util.SystemInfo.GetAppSetting (System.String key) [0x00000] in <00c34789746b40dda4cd7be2c85ba32f>:0 
log4net:ERROR Exception while reading ConfigurationSettings. Check your .config file is well formed XML.
System.Configuration.ConfigurationErrorsException: Configuration system failed to initialize ---> System.PlatformNotSupportedException: Operation is not supported on this platform.
  at System.Configuration.ClientConfigPaths..ctor (System.String exePath, System.Boolean includeUserConfig) [0x00050] in <5ae095f7408b4d5cb5cdbfc3d3c31d20>:0 
  at System.Configuration.ClientConfigPaths.GetPaths (System.String exePath, System.Boolean includeUserConfig) [0x00018] in <5ae095f7408b4d5cb5cdbfc3d3c31d20>:0 
  at System.Configuration.ClientConfigurationHost.get_ConfigPaths () [0x0000a] in <5ae095f7408b4d5cb5cdbfc3d3c31d20>:0 
  at System.Configuration.ClientConfigurationHost.GetStreamName (System.String configPath) [0x0006d] in <5ae095f7408b4d5cb5cdbfc3d3c31d20>:0 
  at System.Configuration.ClientConfigurationHost.get_IsAppConfigHttp () [0x00000] in <5ae095f7408b4d5cb5cdbfc3d3c31d20>:0 
  at System.Configuration.Internal.DelegatingConfigHost.get_IsAppConfigHttp () [0x00006] in <5ae095f7408b4d5cb5cdbfc3d3c31d20>:0 
  at System.Configuration.ClientConfigurationSystem..ctor () [0x00051] in <5ae095f7408b4d5cb5cdbfc3d3c31d20>:0 
  at System.Configuration.ConfigurationManager.EnsureConfigurationSystem () [0x00024] in <5ae095f7408b4d5cb5cdbfc3d3c31d20>:0 
   --- End of inner exception stack trace ---
  at System.Configuration.ConfigurationManager.PrepareConfigSystem () [0x0001a] in <5ae095f7408b4d5cb5cdbfc3d3c31d20>:0 
  at System.Configuration.ConfigurationManager.GetSection (System.String sectionName) [0x0000a] in <5ae095f7408b4d5cb5cdbfc3d3c31d20>:0 
  at System.Configuration.ConfigurationManager.get_AppSettings () [0x00000] in <5ae095f7408b4d5cb5cdbfc3d3c31d20>:0 
  at log4net.Util.SystemInfo.GetAppSetting (System.String key) [0x00000] in <00c34789746b40dda4cd7be2c85ba32f>:0 
log4net:ERROR Exception while reading ConfigurationSettings. Check your .config file is well formed XML.
System.Configuration.ConfigurationErrorsException: Configuration system failed to initialize ---> System.PlatformNotSupportedException: Operation is not supported on this platform.
  at System.Configuration.ClientConfigPaths..ctor (System.String exePath, System.Boolean includeUserConfig) [0x00050] in <5ae095f7408b4d5cb5cdbfc3d3c31d20>:0 
  at System.Configuration.ClientConfigPaths.GetPaths (System.String exePath, System.Boolean includeUserConfig) [0x00018] in <5ae095f7408b4d5cb5cdbfc3d3c31d20>:0 
  at System.Configuration.ClientConfigurationHost.get_ConfigPaths () [0x0000a] in <5ae095f7408b4d5cb5cdbfc3d3c31d20>:0 
  at System.Configuration.ClientConfigurationHost.GetStreamName (System.String configPath) [0x0006d] in <5ae095f7408b4d5cb5cdbfc3d3c31d20>:0 
  at System.Configuration.ClientConfigurationHost.get_IsAppConfigHttp () [0x00000] in <5ae095f7408b4d5cb5cdbfc3d3c31d20>:0 
  at System.Configuration.Internal.DelegatingConfigHost.get_IsAppConfigHttp () [0x00006] in <5ae095f7408b4d5cb5cdbfc3d3c31d20>:0 
  at System.Configuration.ClientConfigurationSystem..ctor () [0x00051] in <5ae095f7408b4d5cb5cdbfc3d3c31d20>:0 
  at System.Configuration.ConfigurationManager.EnsureConfigurationSystem () [0x00024] in <5ae095f7408b4d5cb5cdbfc3d3c31d20>:0 
   --- End of inner exception stack trace ---
  at System.Configuration.ConfigurationManager.PrepareConfigSystem () [0x0001a] in <5ae095f7408b4d5cb5cdbfc3d3c31d20>:0 
  at System.Configuration.ConfigurationManager.GetSection (System.String sectionName) [0x0000a] in <5ae095f7408b4d5cb5cdbfc3d3c31d20>:0 
  at System.Configuration.ConfigurationManager.get_AppSettings () [0x00000] in <5ae095f7408b4d5cb5cdbfc3d3c31d20>:0 
  at log4net.Util.SystemInfo.GetAppSetting (System.String key) [0x00000] in <00c34789746b40dda4cd7be2c85ba32f>:0 
log4net:ERROR Exception while reading ConfigurationSettings. Check your .config file is well formed XML.
System.Configuration.ConfigurationErrorsException: Configuration system failed to initialize ---> System.PlatformNotSupportedException: Operation is not supported on this platform.
  at System.Configuration.ClientConfigPaths..ctor (System.String exePath, System.Boolean includeUserConfig) [0x00050] in <5ae095f7408b4d5cb5cdbfc3d3c31d20>:0 
  at System.Configuration.ClientConfigPaths.GetPaths (System.String exePath, System.Boolean includeUserConfig) [0x00018] in <5ae095f7408b4d5cb5cdbfc3d3c31d20>:0 
  at System.Configuration.ClientConfigurationHost.get_ConfigPaths () [0x0000a] in <5ae095f7408b4d5cb5cdbfc3d3c31d20>:0 
  at System.Configuration.ClientConfigurationHost.GetStreamName (System.String configPath) [0x0006d] in <5ae095f7408b4d5cb5cdbfc3d3c31d20>:0 
  at System.Configuration.ClientConfigurationHost.get_IsAppConfigHttp () [0x00000] in <5ae095f7408b4d5cb5cdbfc3d3c31d20>:0 
  at System.Configuration.Internal.DelegatingConfigHost.get_IsAppConfigHttp () [0x00006] in <5ae095f7408b4d5cb5cdbfc3d3c31d20>:0 
  at System.Configuration.ClientConfigurationSystem..ctor () [0x00051] in <5ae095f7408b4d5cb5cdbfc3d3c31d20>:0 
  at System.Configuration.ConfigurationManager.EnsureConfigurationSystem () [0x00024] in <5ae095f7408b4d5cb5cdbfc3d3c31d20>:0 
   --- End of inner exception stack trace ---
  at System.Configuration.ConfigurationManager.PrepareConfigSystem () [0x0001a] in <5ae095f7408b4d5cb5cdbfc3d3c31d20>:0 
  at System.Configuration.ConfigurationManager.GetSection (System.String sectionName) [0x0000a] in <5ae095f7408b4d5cb5cdbfc3d3c31d20>:0 
  at System.Configuration.ConfigurationManager.get_AppSettings () [0x00000] in <5ae095f7408b4d5cb5cdbfc3d3c31d20>:0 
  at log4net.Util.SystemInfo.GetAppSetting (System.String key) [0x00000] in <00c34789746b40dda4cd7be2c85ba32f>:0 
log4net:ERROR Exception while reading ConfigurationSettings. Check your .config file is well formed XML.
System.Configuration.ConfigurationErrorsException: Configuration system failed to initialize ---> System.PlatformNotSupportedException: Operation is not supported on this platform.
  at System.Configuration.ClientConfigPaths..ctor (System.String exePath, System.Boolean includeUserConfig) [0x00050] in <5ae095f7408b4d5cb5cdbfc3d3c31d20>:0 
  at System.Configuration.ClientConfigPaths.GetPaths (System.String exePath, System.Boolean includeUserConfig) [0x00018] in <5ae095f7408b4d5cb5cdbfc3d3c31d20>:0 
  at System.Configuration.ClientConfigurationHost.get_ConfigPaths () [0x0000a] in <5ae095f7408b4d5cb5cdbfc3d3c31d20>:0 
  at System.Configuration.ClientConfigurationHost.GetStreamName (System.String configPath) [0x0006d] in <5ae095f7408b4d5cb5cdbfc3d3c31d20>:0 
  at System.Configuration.ClientConfigurationHost.get_IsAppConfigHttp () [0x00000] in <5ae095f7408b4d5cb5cdbfc3d3c31d20>:0 
  at System.Configuration.Internal.DelegatingConfigHost.get_IsAppConfigHttp () [0x00006] in <5ae095f7408b4d5cb5cdbfc3d3c31d20>:0 
  at System.Configuration.ClientConfigurationSystem..ctor () [0x00051] in <5ae095f7408b4d5cb5cdbfc3d3c31d20>:0 
  at System.Configuration.ConfigurationManager.EnsureConfigurationSystem () [0x00024] in <5ae095f7408b4d5cb5cdbfc3d3c31d20>:0 
   --- End of inner exception stack trace ---
  at System.Configuration.ConfigurationManager.PrepareConfigSystem () [0x0001a] in <5ae095f7408b4d5cb5cdbfc3d3c31d20>:0 
  at System.Configuration.ConfigurationManager.GetSection (System.String sectionName) [0x0000a] in <5ae095f7408b4d5cb5cdbfc3d3c31d20>:0 
  at System.Configuration.ConfigurationManager.get_AppSettings () [0x00000] in <5ae095f7408b4d5cb5cdbfc3d3c31d20>:0 
  at log4net.Util.SystemInfo.GetAppSetting (System.String key) [0x00000] in <00c34789746b40dda4cd7be2c85ba32f>:0 
log4net:ERROR Exception while reading ConfigurationSettings. Check your .config file is well formed XML.
System.Configuration.ConfigurationErrorsException: Configuration system failed to initialize ---> System.PlatformNotSupportedException: Operation is not supported on this platform.
  at System.Configuration.ClientConfigPaths..ctor (System.String exePath, System.Boolean includeUserConfig) [0x00050] in <5ae095f7408b4d5cb5cdbfc3d3c31d20>:0 
  at System.Configuration.ClientConfigPaths.GetPaths (System.String exePath, System.Boolean includeUserConfig) [0x00018] in <5ae095f7408b4d5cb5cdbfc3d3c31d20>:0 
  at System.Configuration.ClientConfigurationHost.get_ConfigPaths () [0x0000a] in <5ae095f7408b4d5cb5cdbfc3d3c31d20>:0 
  at System.Configuration.ClientConfigurationHost.GetStreamName (System.String configPath) [0x0006d] in <5ae095f7408b4d5cb5cdbfc3d3c31d20>:0 
  at System.Configuration.ClientConfigurationHost.get_IsAppConfigHttp () [0x00000] in <5ae095f7408b4d5cb5cdbfc3d3c31d20>:0 
  at System.Configuration.Internal.DelegatingConfigHost.get_IsAppConfigHttp () [0x00006] in <5ae095f7408b4d5cb5cdbfc3d3c31d20>:0 
  at System.Configuration.ClientConfigurationSystem..ctor () [0x00051] in <5ae095f7408b4d5cb5cdbfc3d3c31d20>:0 
  at System.Configuration.ConfigurationManager.EnsureConfigurationSystem () [0x00024] in <5ae095f7408b4d5cb5cdbfc3d3c31d20>:0 
   --- End of inner exception stack trace ---
  at System.Configuration.ConfigurationManager.PrepareConfigSystem () [0x0001a] in <5ae095f7408b4d5cb5cdbfc3d3c31d20>:0 
  at System.Configuration.ConfigurationManager.GetSection (System.String sectionName) [0x0000a] in <5ae095f7408b4d5cb5cdbfc3d3c31d20>:0 
  at System.Configuration.ConfigurationManager.get_AppSettings () [0x00000] in <5ae095f7408b4d5cb5cdbfc3d3c31d20>:0 
  at log4net.Util.SystemInfo.GetAppSetting (System.String key) [0x00000] in <00c34789746b40dda4cd7be2c85ba32f>:0 
log4net:ERROR Exception while reading ConfigurationSettings. Check your .config file is well formed XML.
System.Configuration.ConfigurationErrorsException: Configuration system failed to initialize ---> System.PlatformNotSupportedException: Operation is not supported on this platform.
  at System.Configuration.ClientConfigPaths..ctor (System.String exePath, System.Boolean includeUserConfig) [0x00050] in <5ae095f7408b4d5cb5cdbfc3d3c31d20>:0 
  at System.Configuration.ClientConfigPaths.GetPaths (System.String exePath, System.Boolean includeUserConfig) [0x00018] in <5ae095f7408b4d5cb5cdbfc3d3c31d20>:0 
  at System.Configuration.ClientConfigurationHost.get_ConfigPaths () [0x0000a] in <5ae095f7408b4d5cb5cdbfc3d3c31d20>:0 
  at System.Configuration.ClientConfigurationHost.GetStreamName (System.String configPath) [0x0006d] in <5ae095f7408b4d5cb5cdbfc3d3c31d20>:0 
  at System.Configuration.ClientConfigurationHost.get_IsAppConfigHttp () [0x00000] in <5ae095f7408b4d5cb5cdbfc3d3c31d20>:0 
  at System.Configuration.Internal.DelegatingConfigHost.get_IsAppConfigHttp () [0x00006] in <5ae095f7408b4d5cb5cdbfc3d3c31d20>:0 
  at System.Configuration.ClientConfigurationSystem..ctor () [0x00051] in <5ae095f7408b4d5cb5cdbfc3d3c31d20>:0 
  at System.Configuration.ConfigurationManager.EnsureConfigurationSystem () [0x00024] in <5ae095f7408b4d5cb5cdbfc3d3c31d20>:0 
   --- End of inner exception stack trace ---
  at System.Configuration.ConfigurationManager.PrepareConfigSystem () [0x0001a] in <5ae095f7408b4d5cb5cdbfc3d3c31d20>:0 
  at System.Configuration.ConfigurationManager.GetSection (System.String sectionName) [0x0000a] in <5ae095f7408b4d5cb5cdbfc3d3c31d20>:0 
  at System.Configuration.ConfigurationManager.get_AppSettings () [0x00000] in <5ae095f7408b4d5cb5cdbfc3d3c31d20>:0 
  at log4net.Util.SystemInfo.GetAppSetting (System.String key) [0x00000] in <00c34789746b40dda4cd7be2c85ba32f>:0 
Mono: successfully reloaded assembly
- Finished resetting the current domain, in  0.922 seconds
Domain Reload Profiling: 1809ms
	BeginReloadAssembly (222ms)
		ExecutionOrderSort (0ms)
		DisableScriptedObjects (17ms)
		BackupInstance (0ms)
		ReleaseScriptingObjects (0ms)
		CreateAndSetChildDomain (51ms)
	RebuildCommonClasses (40ms)
	RebuildNativeTypeToScriptingClass (16ms)
	initialDomainReloadingComplete (32ms)
	LoadAllAssembliesAndSetupDomain (577ms)
		LoadAssemblies (402ms)
		RebuildTransferFunctionScriptingTraits (0ms)
		AnalyzeDomain (282ms)
			TypeCache.Refresh (9ms)
				TypeCache.ScanAssembly (0ms)
			BuildScriptInfoCaches (257ms)
			ResolveRequiredComponents (13ms)
	FinalizeReload (923ms)
		ReleaseScriptCaches (0ms)
		RebuildScriptCaches (0ms)
		SetupLoadedEditorAssemblies (704ms)
			LogAssemblyErrors (0ms)
			InitializePlatformSupportModulesInManaged (3ms)
			SetLoadedEditorAssemblies (5ms)
			BeforeProcessingInitializeOnLoad (123ms)
			ProcessInitializeOnLoadAttributes (488ms)
			ProcessInitializeOnLoadMethodAttributes (83ms)
			AfterProcessingInitializeOnLoad (3ms)
			EditorAssembliesLoaded (0ms)
		ExecutionOrderSort2 (0ms)
		AwakeInstancesAfterBackupRestoration (15ms)
Refreshing native plugins compatible for Editor in 2.73 ms, found 4 plugins.
Preloading 0 native plugins for Editor in 0.00 ms.
Unloading 13 Unused Serialized files (Serialized files now loaded: 0)
Unloading 6681 unused Assets / (4.3 MB). Loaded Objects now: 7376.
Memory consumption went from 157.8 MB to 153.4 MB.
Total: 9.754600 ms (FindLiveObjects: 0.913200 ms CreateObjectMapping: 0.683300 ms MarkObjects: 5.692000 ms  DeleteObjects: 2.464700 ms)

Prepare: number of updated asset objects reloaded= 0
========================================================================
Received Import Request.
  Time since last request: 16167.756986 seconds.
  path: Assets/Resources/MainMenu/GIF_Background_2/title01.png
  artifactKey: Guid(13f84ce5d81e0864dac1a6e1607040dc) Importer(815301076,1909f56bfc062723c751e8b465ee728b)
Start importing Assets/Resources/MainMenu/GIF_Background_2/title01.png using Guid(13f84ce5d81e0864dac1a6e1607040dc) Importer(815301076,1909f56bfc062723c751e8b465ee728b) (PreviewImporter) -> (artifact id: '12069d98cfd38d6c7f401bdcbc6e59f7') in 0.1681513 seconds
Number of updated asset objects reloaded before import = 0Number of asset objects unloaded after import = 3

========================================================================
Received Import Request.
  Time since last request: 0.000021 seconds.
  path: Assets/Resources/MainMenu/GIF_Background_2/title11.png
  artifactKey: Guid(9420c1a5e227f5a4ebaf028743140307) Importer(815301076,1909f56bfc062723c751e8b465ee728b)
Start importing Assets/Resources/MainMenu/GIF_Background_2/title11.png using Guid(9420c1a5e227f5a4ebaf028743140307) Importer(815301076,1909f56bfc062723c751e8b465ee728b) (PreviewImporter) -> (artifact id: '9bf512fc7ee9417045d50d9dc16d8790') in 0.0280655 seconds
Number of updated asset objects reloaded before import = 0Number of asset objects unloaded after import = 3

========================================================================
Received Import Request.
  Time since last request: 0.000027 seconds.
  path: Assets/Resources/MainMenu/GIF_Background_2/title12.png
  artifactKey: Guid(2bc11f1e9e55e2043bf3863861014d8b) Importer(815301076,1909f56bfc062723c751e8b465ee728b)
Start importing Assets/Resources/MainMenu/GIF_Background_2/title12.png using Guid(2bc11f1e9e55e2043bf3863861014d8b) Importer(815301076,1909f56bfc062723c751e8b465ee728b) (PreviewImporter) -> (artifact id: 'df89e3aeb3b759aee83f7d08d9dfe46a') in 0.0685475 seconds
Number of updated asset objects reloaded before import = 0Number of asset objects unloaded after import = 3

========================================================================
Received Import Request.
  Time since last request: 0.000014 seconds.
  path: Assets/Resources/MainMenu/GIF_Background_2/title21.png
  artifactKey: Guid(79191c063985df04e84c68ac0266f598) Importer(815301076,1909f56bfc062723c751e8b465ee728b)
Start importing Assets/Resources/MainMenu/GIF_Background_2/title21.png using Guid(79191c063985df04e84c68ac0266f598) Importer(815301076,1909f56bfc062723c751e8b465ee728b) (PreviewImporter) -> (artifact id: 'cec3678bd785eeb2ce635ade95a71af5') in 0.0136793 seconds
Number of updated asset objects reloaded before import = 0Number of asset objects unloaded after import = 3

========================================================================
Received Import Request.
  Time since last request: 0.000022 seconds.
  path: Assets/Resources/MainMenu/GIF_Background_2/title07.png
  artifactKey: Guid(4a248f8ad8d6b8948b53f9b07b54a611) Importer(815301076,1909f56bfc062723c751e8b465ee728b)
Start importing Assets/Resources/MainMenu/GIF_Background_2/title07.png using Guid(4a248f8ad8d6b8948b53f9b07b54a611) Importer(815301076,1909f56bfc062723c751e8b465ee728b) (PreviewImporter) -> (artifact id: '872d2e874a3894413e5269afba128b7e') in 0.0136714 seconds
Number of updated asset objects reloaded before import = 0Number of asset objects unloaded after import = 3

========================================================================
Received Import Request.
  Time since last request: 0.000021 seconds.
  path: Assets/Resources/MainMenu/GIF_Background_2/title14.png
  artifactKey: Guid(7a2db0a3125433d4f9c6d6e563529cef) Importer(815301076,1909f56bfc062723c751e8b465ee728b)
Start importing Assets/Resources/MainMenu/GIF_Background_2/title14.png using Guid(7a2db0a3125433d4f9c6d6e563529cef) Importer(815301076,1909f56bfc062723c751e8b465ee728b) (PreviewImporter) -> (artifact id: '53bafb14bbec02b73830fcad55d8e3d8') in 0.0129582 seconds
Number of updated asset objects reloaded before import = 0Number of asset objects unloaded after import = 3

========================================================================
Received Import Request.
  Time since last request: 0.000024 seconds.
  path: Assets/Resources/MainMenu/GIF_Background_2/title15.png
  artifactKey: Guid(a852c79cfbbcbfa40b15a58a31900a50) Importer(815301076,1909f56bfc062723c751e8b465ee728b)
Start importing Assets/Resources/MainMenu/GIF_Background_2/title15.png using Guid(a852c79cfbbcbfa40b15a58a31900a50) Importer(815301076,1909f56bfc062723c751e8b465ee728b) (PreviewImporter) -> (artifact id: 'be7eaeda39b4393827953fefbbf32686') in 0.0130604 seconds
Number of updated asset objects reloaded before import = 0Number of asset objects unloaded after import = 3

========================================================================
Received Import Request.
  Time since last request: 0.000027 seconds.
  path: Assets/Resources/MainMenu/GIF_Background_2/title28.png
  artifactKey: Guid(604321c00f1108743b02213e28f2f480) Importer(815301076,1909f56bfc062723c751e8b465ee728b)
Start importing Assets/Resources/MainMenu/GIF_Background_2/title28.png using Guid(604321c00f1108743b02213e28f2f480) Importer(815301076,1909f56bfc062723c751e8b465ee728b) (PreviewImporter) -> (artifact id: '7d99694eace9aa019e82b792d933a487') in 0.0140982 seconds
Number of updated asset objects reloaded before import = 0Number of asset objects unloaded after import = 3

========================================================================
Received Import Request.
  Time since last request: 0.000023 seconds.
  path: Assets/Resources/MainMenu/GIF_Background_2/title13.png
  artifactKey: Guid(05b94cdd30e11084cbbc33d9d793df7f) Importer(815301076,1909f56bfc062723c751e8b465ee728b)
Start importing Assets/Resources/MainMenu/GIF_Background_2/title13.png using Guid(05b94cdd30e11084cbbc33d9d793df7f) Importer(815301076,1909f56bfc062723c751e8b465ee728b) (PreviewImporter) -> (artifact id: '394f50d1625a9f418c26d4105ba004d4') in 0.0134381 seconds
Number of updated asset objects reloaded before import = 0Number of asset objects unloaded after import = 3

========================================================================
Received Import Request.
  Time since last request: 0.000018 seconds.
  path: Assets/Resources/MainMenu/GIF_Background_2/title33.png
  artifactKey: Guid(9737327eb2b8cbb48ae362d3c6bfe54d) Importer(815301076,1909f56bfc062723c751e8b465ee728b)
Start importing Assets/Resources/MainMenu/GIF_Background_2/title33.png using Guid(9737327eb2b8cbb48ae362d3c6bfe54d) Importer(815301076,1909f56bfc062723c751e8b465ee728b) (PreviewImporter) -> (artifact id: '74936575828ff3d8999e739683926e5d') in 0.0131746 seconds
Number of updated asset objects reloaded before import = 0Number of asset objects unloaded after import = 3

========================================================================
Received Import Request.
  Time since last request: 0.000012 seconds.
  path: Assets/Resources/MainMenu/GIF_Background_2/title08.png
  artifactKey: Guid(d45daa501b22a0c4d8ecfcdbae446d45) Importer(815301076,1909f56bfc062723c751e8b465ee728b)
Start importing Assets/Resources/MainMenu/GIF_Background_2/title08.png using Guid(d45daa501b22a0c4d8ecfcdbae446d45) Importer(815301076,1909f56bfc062723c751e8b465ee728b) (PreviewImporter) -> (artifact id: 'b4e51003b422bc8ccb282f66b96b273e') in 0.0133701 seconds
Number of updated asset objects reloaded before import = 0Number of asset objects unloaded after import = 3

========================================================================
Received Import Request.
  Time since last request: 0.000014 seconds.
  path: Assets/Resources/MainMenu/GIF_Background_2/title03.png
  artifactKey: Guid(5def1dbd1347c2b428addcb3806080bc) Importer(815301076,1909f56bfc062723c751e8b465ee728b)
Start importing Assets/Resources/MainMenu/GIF_Background_2/title03.png using Guid(5def1dbd1347c2b428addcb3806080bc) Importer(815301076,1909f56bfc062723c751e8b465ee728b) (PreviewImporter) -> (artifact id: 'dccba92ba78c710dc475338c6a088a12') in 0.0135777 seconds
Number of updated asset objects reloaded before import = 0Number of asset objects unloaded after import = 3

========================================================================
Received Import Request.
  Time since last request: 0.000023 seconds.
  path: Assets/Resources/MainMenu/GIF_Background_2/title09.png
  artifactKey: Guid(5bb23fe8c5b7b7041ae4b42246b20036) Importer(815301076,1909f56bfc062723c751e8b465ee728b)
Start importing Assets/Resources/MainMenu/GIF_Background_2/title09.png using Guid(5bb23fe8c5b7b7041ae4b42246b20036) Importer(815301076,1909f56bfc062723c751e8b465ee728b) (PreviewImporter) -> (artifact id: '26a389da975638d9faeea5ab77089f41') in 0.0136939 seconds
Number of updated asset objects reloaded before import = 0Number of asset objects unloaded after import = 3

========================================================================
Received Import Request.
  Time since last request: 0.000025 seconds.
  path: Assets/Resources/MainMenu/GIF_Background_2/title23.png
  artifactKey: Guid(94703833ecb2a6247810750e5ae51e4b) Importer(815301076,1909f56bfc062723c751e8b465ee728b)
Start importing Assets/Resources/MainMenu/GIF_Background_2/title23.png using Guid(94703833ecb2a6247810750e5ae51e4b) Importer(815301076,1909f56bfc062723c751e8b465ee728b) (PreviewImporter) -> (artifact id: 'a3925772892ad729908359b84ad486a7') in 0.0133041 seconds
Number of updated asset objects reloaded before import = 0Number of asset objects unloaded after import = 3

========================================================================
Received Import Request.
  Time since last request: 0.000020 seconds.
  path: Assets/Resources/MainMenu/GIF_Background_2/title02.png
  artifactKey: Guid(6e1ab0733698a6f43902b66a848407c7) Importer(815301076,1909f56bfc062723c751e8b465ee728b)
Start importing Assets/Resources/MainMenu/GIF_Background_2/title02.png using Guid(6e1ab0733698a6f43902b66a848407c7) Importer(815301076,1909f56bfc062723c751e8b465ee728b) (PreviewImporter) -> (artifact id: 'e9f57ae162e10e062a577e316039cc86') in 0.0132273 seconds
Number of updated asset objects reloaded before import = 0Number of asset objects unloaded after import = 3

========================================================================
Received Import Request.
  Time since last request: 0.000013 seconds.
  path: Assets/Resources/MainMenu/GIF_Background_2/title30.png
  artifactKey: Guid(383f86179f49b4545b99db74962322d3) Importer(815301076,1909f56bfc062723c751e8b465ee728b)
Start importing Assets/Resources/MainMenu/GIF_Background_2/title30.png using Guid(383f86179f49b4545b99db74962322d3) Importer(815301076,1909f56bfc062723c751e8b465ee728b) (PreviewImporter) -> (artifact id: '2fbab189703477d55fa87a94f8837909') in 0.0137919 seconds
Number of updated asset objects reloaded before import = 0Number of asset objects unloaded after import = 3

Editor requested this worker to shutdown with reason: Scaling down because of idle timeout
AssetImportWorkerClient::OnTransportError - code=2 error=End of file
AssetImportWorker is now disconnected from the server
Process exiting
Exiting without the bug reporter. Application will terminate with return code 0